signal_id,source_id,leakage_group_id,split,quantity,condition,sample_count,noise_sd_excursion,time_jitter_fraction,phase_offset,period,centre,excursion,relative_path,sha256,clean_morphology_sha256
"signal-000001","src-718fcd7ddb8488b1","group-39a29cb0dc4bdb55","train","frequency","clean","257","0","0","0.25477595860138535","3.090672246925533","17.4516120055353","2.3815043117118364","signals/train/signal-000001.csv","927e8db41a69e4c4ea19cddb31387b8a30cb6ebc1cdeb44788f6e64ea59606ef","882cd6455fac82dc9bbf3e9c76833d3ec94eafadcfa4b335c1877d5e1ba98308"
"signal-000002","src-718fcd7ddb8488b1","group-39a29cb0dc4bdb55","train","frequency","noisy","129","0.01","0","0.6421888936311007","1.3337940173223615","11.868496300636652","1.6246032968403838","signals/train/signal-000002.csv","2dbcf9ec701dd3e8b5346844530844f7d8954f4345161bb191d82afbe01541e3","882cd6455fac82dc9bbf3e9c76833d3ec94eafadcfa4b335c1877d5e1ba98308"
"signal-000003","src-718fcd7ddb8488b1","group-39a29cb0dc4bdb55","train","frequency","sparse-jittered","65","0.03","0.25","0.987445010105148","1.2621138662099838","12.70267309067399","1.5513911704444627","signals/train/signal-000003.csv","d5c7b9277b3f2d6444275c14287a96477e902b4b91f02be6989da456d59da630","882cd6455fac82dc9bbf3e9c76833d3ec94eafadcfa4b335c1877d5e1ba98308"
"signal-000004","src-718fcd7ddb8488b1","group-39a29cb0dc4bdb55","train","pri","clean","257","0","0","0.11156190768815577","2.1927886098623275","16.780809312279082","2.7508217723828157","signals/train/signal-000004.csv","e4c5115056df760172c3a4108010e85da3bd3b18760da634d57f56730f113579","882cd6455fac82dc9bbf3e9c76833d3ec94eafadcfa4b335c1877d5e1ba98308"
"signal-000005","src-718fcd7ddb8488b1","group-39a29cb0dc4bdb55","train","pri","noisy","129","0.01","0","0.775286499876529","2.858395615033805","18.019029553419415","2.648372281638025","signals/train/signal-000005.csv","26c2657ee84dd64554e9c95f464b78ec2f066f9fed240b1947e2a058dfafd533","882cd6455fac82dc9bbf3e9c76833d3ec94eafadcfa4b335c1877d5e1ba98308"
"signal-000006","src-718fcd7ddb8488b1","group-39a29cb0dc4bdb55","train","pri","sparse-jittered","65","0.03","0.25","0.4793645525351167","0.8662328327074648","11.677122086495762","2.546896059966855","signals/train/signal-000006.csv","347775751879db7218b537c9bc7d6491c997c9a312dea8136cdff1f9a0f482ec","882cd6455fac82dc9bbf3e9c76833d3ec94eafadcfa4b335c1877d5e1ba98308"
"signal-000007","src-d1933a47b78671cb","group-5291a1d0fae0c751","test","frequency","clean","257","0","0","0.5053545965347439","3.0384413331747053","18.861107339616865","2.322685762820768","signals/test/signal-000007.csv","f3ee93714d9ff03a0880fdd329344a91a2ade4f0fa2db8ac941196afdd28b073","4d85b92778ca92b2ae791eb539a798cb0d9f6843190d4c674673d1c1d03f72b9"
"signal-000008","src-d1933a47b78671cb","group-5291a1d0fae0c751","test","frequency","noisy","129","0.01","0","0.06807274837046862","3.160093217529356","18.06336340034978","3.0862806409942998","signals/test/signal-000008.csv","22a909fd655bad536d7ea05ee0a5578eb65733ea575a1d5ab866b2d93b89ae99","4d85b92778ca92b2ae791eb539a798cb0d9f6843190d4c674673d1c1d03f72b9"
"signal-000009","src-d1933a47b78671cb","group-5291a1d0fae0c751","test","frequency","sparse-jittered","65","0.03","0.25","0.7315797707997262","2.8645815333351496","10.598851209306039","2.0036496386708116","signals/test/signal-000009.csv","064ce16c78b000c184865a2650cdec3df67af0e15b84459b21fcd0567321ec13","4d85b92778ca92b2ae791eb539a798cb0d9f6843190d4c674673d1c1d03f72b9"
"signal-000010","src-d1933a47b78671cb","group-5291a1d0fae0c751","test","pri","clean","257","0","0","0.280239493586123","1.3160308981314301","15.40531397331506","1.29848575515207","signals/test/signal-000010.csv","48df8447cc25c4d01589327d2524cd66149085e6355fc6d70440be0164cde8b3","4d85b92778ca92b2ae791eb539a798cb0d9f6843190d4c674673d1c1d03f72b9"
"signal-000011","src-d1933a47b78671cb","group-5291a1d0fae0c751","test","pri","noisy","129","0.01","0","0.45342906611040235","2.375692272000015","18.946234428378883","1.3631775751371222","signals/test/signal-000011.csv","65d9aeafd0400e470fcc47edc2db62864cb88cd018ce684d79f0573780c07870","4d85b92778ca92b2ae791eb539a798cb0d9f6843190d4c674673d1c1d03f72b9"
"signal-000012","src-d1933a47b78671cb","group-5291a1d0fae0c751","test","pri","sparse-jittered","65","0.03","0.25","0.30984274530783296","1.9476532204076649","15.160106418534802","1.64564220862977","signals/test/signal-000012.csv","f3898aa3b34e9073c767ad601a99b07b298043e31167f848939622150c0fcafe","4d85b92778ca92b2ae791eb539a798cb0d9f6843190d4c674673d1c1d03f72b9"
"signal-000013","src-91e4d2a1de2cb726","group-b57afa32b49aa6f9","test","frequency","clean","257","0","0","0.34943895577453077","2.0475697580724956","18.401084472317933","2.281717044200967","signals/test/signal-000013.csv","aad39f7b154cdea727474b0a948f0b93718b836a8e8b1fccab192a3a9d59413c","ee7e3abbcca26b4ed035133bc1eaa5abaeacf1cab4ce00f8fc1c99aee61b1887"
"signal-000014","src-91e4d2a1de2cb726","group-b57afa32b49aa6f9","test","frequency","noisy","129","0.01","0","0.26506894128397107","2.938566994480789","18.298467651894455","0.9024247797362648","signals/test/signal-000014.csv","358beaf2ddcbb61368f3d6f5d4488e2459bd9361694249a19bb119926b5c012a","ee7e3abbcca26b4ed035133bc1eaa5abaeacf1cab4ce00f8fc1c99aee61b1887"
"signal-000015","src-91e4d2a1de2cb726","group-b57afa32b49aa6f9","test","frequency","sparse-jittered","65","0.03","0.25","0.14437438664026558","3.1510377295315264","13.570713716245745","2.367092524633085","signals/test/signal-000015.csv","d2eb1b1064bcc5f762015074f24bba4a61d2b6f4039c58b16bd4aa2aa0602f5d","ee7e3abbcca26b4ed035133bc1eaa5abaeacf1cab4ce00f8fc1c99aee61b1887"
"signal-000016","src-91e4d2a1de2cb726","group-b57afa32b49aa6f9","test","pri","clean","257","0","0","0.7755495386663824","2.0887169376015664","15.52192355110046","0.9478432489574278","signals/test/signal-000016.csv","76e8959bd1824d312454b07ff45cc8e2541d7ca4c8adbcac3261116feca9460b","ee7e3abbcca26b4ed035133bc1eaa5abaeacf1cab4ce00f8fc1c99aee61b1887"
"signal-000017","src-91e4d2a1de2cb726","group-b57afa32b49aa6f9","test","pri","noisy","129","0.01","0","0.37840236024931073","2.9661859152838588","19.905987368710523","2.7345466460865495","signals/test/signal-000017.csv","963c0430a07fbfa54b6612d63812b5921dfc4988df4628c555268c6bcaf36d1a","ee7e3abbcca26b4ed035133bc1eaa5abaeacf1cab4ce00f8fc1c99aee61b1887"
"signal-000018","src-91e4d2a1de2cb726","group-b57afa32b49aa6f9","test","pri","sparse-jittered","65","0.03","0.25","0.7237473814748228","1.853716473840177","14.895472741618931","2.588528258423052","signals/test/signal-000018.csv","af79d2f7bac63561e21bdfdce4bb0b29aba18d2443664fadcc4d5a7b2925ff4e","ee7e3abbcca26b4ed035133bc1eaa5abaeacf1cab4ce00f8fc1c99aee61b1887"
"signal-000019","src-77833ec897afdc7a","group-fdfd76a87390ff6d","train","frequency","clean","257","0","0","0.11374836903996766","1.3427553452551364","13.365099753718823","1.856494867103173","signals/train/signal-000019.csv","1e10d411c5d4e0c67e7aaf2e9dc7229ee5a183ac118a0a509be1cad4f86e6b77","7ee945f5af31463c1f52074e0dba5086283f4cbe23f1d126a2e91678797af346"
"signal-000020","src-77833ec897afdc7a","group-fdfd76a87390ff6d","train","frequency","noisy","129","0.01","0","0.3525922398548573","2.1746553983539343","13.519287492771774","1.0128896373338439","signals/train/signal-000020.csv","36e5aab46bdfae1104acaa783b0316cbd25bb9ffe1d51289b9dc94a953fdbf58","7ee945f5af31463c1f52074e0dba5086283f4cbe23f1d126a2e91678797af346"
"signal-000021","src-77833ec897afdc7a","group-fdfd76a87390ff6d","train","frequency","sparse-jittered","65","0.03","0.25","0.16325244354084134","3.1599014697596433","18.200841327481257","1.7096704169455386","signals/train/signal-000021.csv","eee28c5cbc182fbf55657b10e4ae3d04c05d7c027707a7b1778ddaef929c416a","7ee945f5af31463c1f52074e0dba5086283f4cbe23f1d126a2e91678797af346"
"signal-000022","src-77833ec897afdc7a","group-fdfd76a87390ff6d","train","pri","clean","257","0","0","0.22802906180731952","1.0401379238814115","13.934632672462612","2.266256428416817","signals/train/signal-000022.csv","1c551995d8993e70d064aa66caa12290a35d75acb0507bccdabb8f7cee77d2f5","7ee945f5af31463c1f52074e0dba5086283f4cbe23f1d126a2e91678797af346"
"signal-000023","src-77833ec897afdc7a","group-fdfd76a87390ff6d","train","pri","noisy","129","0.01","0","0.5331050525419414","2.1804739898070693","18.47835686868645","0.7605633921981649","signals/train/signal-000023.csv","6e8e6337deb17d0f77dd961da1d7e692816e7852ba651878d5d569ab0de0a481","7ee945f5af31463c1f52074e0dba5086283f4cbe23f1d126a2e91678797af346"
"signal-000024","src-77833ec897afdc7a","group-fdfd76a87390ff6d","train","pri","sparse-jittered","65","0.03","0.25","0.3763806594070047","1.7225074339658022","11.879186327496871","1.5796757435300304","signals/train/signal-000024.csv","3b335f05ef47cdc54e5d216f70c894010285fa476178f8d77854624ba4eb112b","7ee945f5af31463c1f52074e0dba5086283f4cbe23f1d126a2e91678797af346"
"signal-000025","src-98933409f7e8a243","group-6801c49c4bfcbff6","test","frequency","clean","257","0","0","0.8478891041595489","0.968023557215929","13.24033333683293","1.7282549931500437","signals/test/signal-000025.csv","1954f7b4ee710e4d92f57bf2cea992fa1226b871205b9f3942e7a50b19534ab7","77acf2ce6296fa46841e883e7afb468d752005e106521e932402345ebd09ef61"
"signal-000026","src-98933409f7e8a243","group-6801c49c4bfcbff6","test","frequency","noisy","129","0.01","0","0.31152452481910586","1.347352278791368","15.493541903359027","0.7242828141189381","signals/test/signal-000026.csv","ae3555f30dd46a5317d9aa0f31bf13a392571de4a4b6ddcfbcc0d62a650821e9","77acf2ce6296fa46841e883e7afb468d752005e106521e932402345ebd09ef61"
"signal-000027","src-98933409f7e8a243","group-6801c49c4bfcbff6","test","frequency","sparse-jittered","65","0.03","0.25","0.24527716310694814","1.876702448539436","14.766776006418183","2.1537357495760077","signals/test/signal-000027.csv","ac572604b6bbea9473a354c448823798505edd5e039622a06283af97d3f6d07c","77acf2ce6296fa46841e883e7afb468d752005e106521e932402345ebd09ef61"
"signal-000028","src-98933409f7e8a243","group-6801c49c4bfcbff6","test","pri","clean","257","0","0","0.6228397071827203","3.0586212389171124","17.022762280323732","1.4172764846782862","signals/test/signal-000028.csv","76cf7319c0a54f42b5bd703e75bc4b2d6ea1e4c7511da363126ef5a0dac041d2","77acf2ce6296fa46841e883e7afb468d752005e106521e932402345ebd09ef61"
"signal-000029","src-98933409f7e8a243","group-6801c49c4bfcbff6","test","pri","noisy","129","0.01","0","0.48623025603592396","2.188856394775212","14.844871557293636","2.6889527724854982","signals/test/signal-000029.csv","a0d6b450ee57df588166636120a61be972b05c9b02439b057993d2550951f270","77acf2ce6296fa46841e883e7afb468d752005e106521e932402345ebd09ef61"
"signal-000030","src-98933409f7e8a243","group-6801c49c4bfcbff6","test","pri","sparse-jittered","65","0.03","0.25","0.29536310280673206","2.440817905589938","19.08325085351491","1.4303400278911838","signals/test/signal-000030.csv","cf1ea98fb0ed228bb82c1dfadb3594e8d76ab2a533c80f7aa70fdc625d7874b5","77acf2ce6296fa46841e883e7afb468d752005e106521e932402345ebd09ef61"
"signal-000031","src-a0bf4079923771a1","group-bc16e01eee90018b","train","frequency","clean","257","0","0","0.8040791021194309","1.934193167462945","12.702705614713027","2.932842387526822","signals/train/signal-000031.csv","771a91c0433feae4496f3d568165a4796cec529805792a2f52b98e5975fb0edf","239a1c5c3f67e38dc7195d45165d678957fb222934c1e4541ddda9458f57383c"
"signal-000032","src-a0bf4079923771a1","group-bc16e01eee90018b","train","frequency","noisy","129","0.01","0","0.5216884461697191","1.4940072048455477","13.780160472712442","2.5757924843320996","signals/train/signal-000032.csv","907137ec6effc6554238c145ee304450e544151895b92639ce50aaf339b7a936","239a1c5c3f67e38dc7195d45165d678957fb222934c1e4541ddda9458f57383c"
"signal-000033","src-a0bf4079923771a1","group-bc16e01eee90018b","train","frequency","sparse-jittered","65","0.03","0.25","0.3843372536357492","2.3377709198743104","14.55926211083525","1.8723691483942204","signals/train/signal-000033.csv","09522945972ae838750a4644ac094891a5ed2a8df26ab830a0ddae2955e64a2b","239a1c5c3f67e38dc7195d45165d678957fb222934c1e4541ddda9458f57383c"
"signal-000034","src-a0bf4079923771a1","group-bc16e01eee90018b","train","pri","clean","257","0","0","0.40784490178339183","2.353614167496562","15.786290487027019","2.2179674268442504","signals/train/signal-000034.csv","6e88914206318dd8d37887acc4fabf88b27cd3d051ffed54f5746974381b0020","239a1c5c3f67e38dc7195d45165d678957fb222934c1e4541ddda9458f57383c"
"signal-000035","src-a0bf4079923771a1","group-bc16e01eee90018b","train","pri","noisy","129","0.01","0","0.4495296557433903","1.8603865263983608","15.19423192572906","2.0309402025329266","signals/train/signal-000035.csv","9919afad6417419841984628becfd7f2ab6a408df3ad3d39697c0089429074a8","239a1c5c3f67e38dc7195d45165d678957fb222934c1e4541ddda9458f57383c"
"signal-000036","src-a0bf4079923771a1","group-bc16e01eee90018b","train","pri","sparse-jittered","65","0.03","0.25","0.4707394593860954","3.1170856181532143","17.932040365647744","2.9507082509617","signals/train/signal-000036.csv","40d4bfd84889d8e26236d0822d9131ee85d0c96265b5abd69b10134072e32338","239a1c5c3f67e38dc7195d45165d678957fb222934c1e4541ddda9458f57383c"
"signal-000037","src-69720f00f18f420e","group-e43b14ca77b1869c","train","frequency","clean","257","0","0","0.31395630189217627","1.8709256157279015","19.279510916676372","0.7619299074169277","signals/train/signal-000037.csv","1af8326a4ad6f1286adf4192aefbf49dfb0df1f95b6d19df9d8f09732b0198cd","4458e1188c42f868eb665e1ed3ac301ebff55b65fdf6b1bd461beff5aaa4ae92"
"signal-000038","src-69720f00f18f420e","group-e43b14ca77b1869c","train","frequency","noisy","129","0.01","0","0.7144061669241637","2.5953142892569305","12.023303848700236","1.0471689579906993","signals/train/signal-000038.csv","4d6b0d546570ddac0b59a383d6cd846d644fd707b0755da14bc6e0d38c1f6e09","4458e1188c42f868eb665e1ed3ac301ebff55b65fdf6b1bd461beff5aaa4ae92"
"signal-000039","src-69720f00f18f420e","group-e43b14ca77b1869c","train","frequency","sparse-jittered","65","0.03","0.25","0.3791587520390749","1.4921694474294782","18.02935460226231","2.5068283081299825","signals/train/signal-000039.csv","2a695e218a6cfa1fea602bbf29b971675ac7e7c6016a871df6eb9bc5fcce8342","4458e1188c42f868eb665e1ed3ac301ebff55b65fdf6b1bd461beff5aaa4ae92"
"signal-000040","src-69720f00f18f420e","group-e43b14ca77b1869c","train","pri","clean","257","0","0","0.6227568828035146","2.4814402841031553","16.481083079706877","2.3500036282930523","signals/train/signal-000040.csv","c8e09370483ed938b8fb528725bbd086c15aa00505079f4478e87b8b57f4a728","4458e1188c42f868eb665e1ed3ac301ebff55b65fdf6b1bd461beff5aaa4ae92"
"signal-000041","src-69720f00f18f420e","group-e43b14ca77b1869c","train","pri","noisy","129","0.01","0","0.4449590847361833","2.7934308581054212","13.610643653059231","1.5258177460906026","signals/train/signal-000041.csv","bcc433595cc1c352dd1f87a3aca51ebcfd0bf6022cd06248e3525bfb6940c815","4458e1188c42f868eb665e1ed3ac301ebff55b65fdf6b1bd461beff5aaa4ae92"
"signal-000042","src-69720f00f18f420e","group-e43b14ca77b1869c","train","pri","sparse-jittered","65","0.03","0.25","0.25966466683894396","2.1738046223297713","12.945429019289115","2.124250740420571","signals/train/signal-000042.csv","2b51bc1273bbca5e0bbb36f693b143e788ee0a27b285ed19f1addcad66ccba29","4458e1188c42f868eb665e1ed3ac301ebff55b65fdf6b1bd461beff5aaa4ae92"
"signal-000043","src-dd4926f505a53d97","group-473de189bafed98f","train","frequency","clean","257","0","0","0.302797450684011","1.6887682357802989","12.976443817353987","2.3194738210072394","signals/train/signal-000043.csv","3a09cfb0fe6bb798441dd20f05ff45f706961825a7736c89e48a54419e17bd08","fae6eb537bb9ffe89cf741c024a1319b452a545bbf04b9113c9669d908170295"
"signal-000044","src-dd4926f505a53d97","group-473de189bafed98f","train","frequency","noisy","129","0.01","0","0.0030018228571861982","1.042104845866561","15.561004197759884","2.656591796530119","signals/train/signal-000044.csv","6a0a18e283d2ab6f7fab115fda74f21709fbc25e0caead424d6493e790cc970a","fae6eb537bb9ffe89cf741c024a1319b452a545bbf04b9113c9669d908170295"
"signal-000045","src-dd4926f505a53d97","group-473de189bafed98f","train","frequency","sparse-jittered","65","0.03","0.25","0.9529587123543024","1.413021876104176","18.365610703073195","2.378221084149594","signals/train/signal-000045.csv","f2c129da822d82dcf94d0fb4d910e48ea7981a2a20343c615c6206a5ed06e3de","fae6eb537bb9ffe89cf741c024a1319b452a545bbf04b9113c9669d908170295"
"signal-000046","src-dd4926f505a53d97","group-473de189bafed98f","train","pri","clean","257","0","0","0.8572878998238593","1.7036073096096516","19.681634112294223","2.3353872682754897","signals/train/signal-000046.csv","e5534e24e2dd30c3eebbc254b5088d5488b6f0010e2734f16a950d60cb72de85","fae6eb537bb9ffe89cf741c024a1319b452a545bbf04b9113c9669d908170295"
"signal-000047","src-dd4926f505a53d97","group-473de189bafed98f","train","pri","noisy","129","0.01","0","0.07189700496383011","2.533024451881647","19.54269786120632","1.7576162997993272","signals/train/signal-000047.csv","614af963767d3fc3460ca3223660de99d6eea4fadf592964756784bff2b123e8","fae6eb537bb9ffe89cf741c024a1319b452a545bbf04b9113c9669d908170295"
"signal-000048","src-dd4926f505a53d97","group-473de189bafed98f","train","pri","sparse-jittered","65","0.03","0.25","0.14424066920764744","1.6977016173303128","10.663500262758765","1.9741962969107405","signals/train/signal-000048.csv","96e3f1c09b78d17ae322862505856fdc3390c4c347f7fed98d03156e75750839","fae6eb537bb9ffe89cf741c024a1319b452a545bbf04b9113c9669d908170295"
"signal-000049","src-b55aee3fd00c1125","group-3f34fe752fd3f43b","train","frequency","clean","257","0","0","0.4843624304048717","1.1888869946822525","16.21411774659517","1.9123202757340163","signals/train/signal-000049.csv","cc4436e6f367d364295d127527b1d44ec9d822157e0e5180933895284b66f267","9c9b7301219e9977dd09109e12681197b1734e8fbe7a7bbd48df80ab3fb61b75"
"signal-000050","src-b55aee3fd00c1125","group-3f34fe752fd3f43b","train","frequency","noisy","129","0.01","0","0.56369449198246","2.1812419744208453","14.85924579998661","2.6578474951809863","signals/train/signal-000050.csv","1a9b2e8859409a7332e36e9abb7a220a089d91297ef75dcf0a2721ac7a072930","9c9b7301219e9977dd09109e12681197b1734e8fbe7a7bbd48df80ab3fb61b75"
"signal-000051","src-b55aee3fd00c1125","group-3f34fe752fd3f43b","train","frequency","sparse-jittered","65","0.03","0.25","0.7264449745416641","1.696267113275826","11.634850134635006","2.898910626576198","signals/train/signal-000051.csv","17dc4d4ba0fbff5aeb4499abe86f41ee5af7eba05d68f18742b2d08e5583faf5","9c9b7301219e9977dd09109e12681197b1734e8fbe7a7bbd48df80ab3fb61b75"
"signal-000052","src-b55aee3fd00c1125","group-3f34fe752fd3f43b","train","pri","clean","257","0","0","0.08659168239682913","1.3615084985271095","16.25031980003153","2.228214404313297","signals/train/signal-000052.csv","d382cc5e7343425ee30cfe5065ad79b80651d5831f72ff0d51923d324968d7ad","9c9b7301219e9977dd09109e12681197b1734e8fbe7a7bbd48df80ab3fb61b75"
"signal-000053","src-b55aee3fd00c1125","group-3f34fe752fd3f43b","train","pri","noisy","129","0.01","0","0.895174189703539","2.8225869439542297","16.26427753813817","2.8591917125392072","signals/train/signal-000053.csv","0e35b26333368f0fddee3613f0d9404af694cb187436456b08d902dbc900bad9","9c9b7301219e9977dd09109e12681197b1734e8fbe7a7bbd48df80ab3fb61b75"
"signal-000054","src-b55aee3fd00c1125","group-3f34fe752fd3f43b","train","pri","sparse-jittered","65","0.03","0.25","0.8736977942753583","1.3432719074189663","15.99323832780134","1.3186330206748398","signals/train/signal-000054.csv","fa1fb093232d664403c3463f5269a44877029aabab29fa64ed259ba99ea80183","9c9b7301219e9977dd09109e12681197b1734e8fbe7a7bbd48df80ab3fb61b75"
"signal-000055","src-77d34c68be24b710","group-9bbcc8138e458bad","train","frequency","clean","257","0","0","0.046673806849867105","2.5959756655618547","19.005342634805928","1.168254015597821","signals/train/signal-000055.csv","a1891c05d7e03b6e11a6975600a1866f8dc67d8513be0489207e9b825639bae9","6fd6cf2fbb1f28bd24148b9b69d287ca643943b4a36e3a3f9df369341762a44a"
"signal-000056","src-77d34c68be24b710","group-9bbcc8138e458bad","train","frequency","noisy","129","0.01","0","0.44416025769896805","2.4371437050402163","16.634421027518346","1.960146110233259","signals/train/signal-000056.csv","2c80fb9a6fab232aabc33d4a9914da99cc88ba23b86519ef58b19edcbdeca1ca","6fd6cf2fbb1f28bd24148b9b69d287ca643943b4a36e3a3f9df369341762a44a"
"signal-000057","src-77d34c68be24b710","group-9bbcc8138e458bad","train","frequency","sparse-jittered","65","0.03","0.25","0.4692004162352532","1.4747282084077598","13.91743374860868","1.7072863495464912","signals/train/signal-000057.csv","6d8f6a71baccbe02618e17b033de813e559d27d2cc6659987f43eae32838d92e","6fd6cf2fbb1f28bd24148b9b69d287ca643943b4a36e3a3f9df369341762a44a"
"signal-000058","src-77d34c68be24b710","group-9bbcc8138e458bad","train","pri","clean","257","0","0","0.5628981690388173","2.7342686261981726","12.714937002029156","2.5850569803801005","signals/train/signal-000058.csv","e88b8e38bebfb874c6678e8f61a28c5c37b53718d4f3e303eaa731823a264a22","6fd6cf2fbb1f28bd24148b9b69d287ca643943b4a36e3a3f9df369341762a44a"
"signal-000059","src-77d34c68be24b710","group-9bbcc8138e458bad","train","pri","noisy","129","0.01","0","0.641759246122092","2.3973394399508834","13.328896162909185","2.927608138514737","signals/train/signal-000059.csv","a9bce0d224c83f10f1e4f7ad679e7111deca316bec09af5cf49740bf62f7278d","6fd6cf2fbb1f28bd24148b9b69d287ca643943b4a36e3a3f9df369341762a44a"
"signal-000060","src-77d34c68be24b710","group-9bbcc8138e458bad","train","pri","sparse-jittered","65","0.03","0.25","0.11749825719743967","2.9219234550371764","16.71654516325254","3.0334196772052593","signals/train/signal-000060.csv","693e4775b76121a4054c8b38f9ab345d66b3b39a7def843112ad9063bdc90860","6fd6cf2fbb1f28bd24148b9b69d287ca643943b4a36e3a3f9df369341762a44a"
"signal-000061","src-e5450c41a02d9298","group-249431b5c173beb7","calibration","frequency","clean","257","0","0","0.17602143832482398","1.1382418140769004","15.502299322042706","2.6007176407287087","signals/calibration/signal-000061.csv","6f99dcb6f0541839d9dcf5467d0c0ad311fa4b6987e1dfbaa3f837124fc6916c","a4538895e535e6be959205fb917db3991eb00e2a4425dcd6d3bac8acd2d718e8"
"signal-000062","src-e5450c41a02d9298","group-249431b5c173beb7","calibration","frequency","noisy","129","0.01","0","0.2645660222042352","1.2489980451762677","17.673442771874655","2.8699130481353663","signals/calibration/signal-000062.csv","613a87d3d017b3182fd1a53cfd754caa11544a32808a24f71c0b4a99cf02a982","a4538895e535e6be959205fb917db3991eb00e2a4425dcd6d3bac8acd2d718e8"
"signal-000063","src-e5450c41a02d9298","group-249431b5c173beb7","calibration","frequency","sparse-jittered","65","0.03","0.25","0.8621583844069391","1.800966416299343","15.812891936428645","0.8655951499807255","signals/calibration/signal-000063.csv","08fc9277d24dd832a3e4f51b3ab0533c10ceb0c21a8f785c105a837235134ba9","a4538895e535e6be959205fb917db3991eb00e2a4425dcd6d3bac8acd2d718e8"
"signal-000064","src-e5450c41a02d9298","group-249431b5c173beb7","calibration","pri","clean","257","0","0","0.08356648520566523","1.6834692686796189","11.880901027969454","2.077743621960602","signals/calibration/signal-000064.csv","1219b7dbcde0baceb89a40d37c8ea4eeb1f1cade61684bf1a651213c41abe640","a4538895e535e6be959205fb917db3991eb00e2a4425dcd6d3bac8acd2d718e8"
"signal-000065","src-e5450c41a02d9298","group-249431b5c173beb7","calibration","pri","noisy","129","0.01","0","0.1212684705387801","0.9776938807219268","11.972370737838194","1.2576300374866918","signals/calibration/signal-000065.csv","46d28de3c13da221b8de3629552326615091cc76796d75808452492dbc4c61e8","a4538895e535e6be959205fb917db3991eb00e2a4425dcd6d3bac8acd2d718e8"
"signal-000066","src-e5450c41a02d9298","group-249431b5c173beb7","calibration","pri","sparse-jittered","65","0.03","0.25","0.7019727195147425","1.6010027274489405","13.474227257840738","0.7680809883859983","signals/calibration/signal-000066.csv","3c0df0566ea6029f4fb3903256f1b50f4c815b0af8e90a72dd29d19399491e16","a4538895e535e6be959205fb917db3991eb00e2a4425dcd6d3bac8acd2d718e8"
"signal-000067","src-9f455d97cbe13937","group-18f16f12744b31de","train","frequency","clean","257","0","0","0.359158732695505","0.8027954082936049","19.973210342578888","2.8588409044695844","signals/train/signal-000067.csv","22bdb824614747c0779608367dd0a034bcfe935218d0cb73636b629661f236aa","1cbb78fb721a4dda0b0402d5602077a6c9f59b8e7cbd2e68aaa026f6da5b2b15"
"signal-000068","src-9f455d97cbe13937","group-18f16f12744b31de","train","frequency","noisy","129","0.01","0","0.7277081806678325","2.526307735592127","15.630615269821641","1.4432174547203651","signals/train/signal-000068.csv","df836e9e44545cdc3b66e59b74bc858ef915cfe210377db892cf2f46147a9f96","1cbb78fb721a4dda0b0402d5602077a6c9f59b8e7cbd2e68aaa026f6da5b2b15"
"signal-000069","src-9f455d97cbe13937","group-18f16f12744b31de","train","frequency","sparse-jittered","65","0.03","0.25","0.04121088213287294","2.517084353044629","16.64655476348724","1.5305994057581742","signals/train/signal-000069.csv","b76c43e6036736c676d8665d4697c3c744c9352361d8659a46fa218cf325e6f2","1cbb78fb721a4dda0b0402d5602077a6c9f59b8e7cbd2e68aaa026f6da5b2b15"
"signal-000070","src-9f455d97cbe13937","group-18f16f12744b31de","train","pri","clean","257","0","0","0.31871387152932584","1.6401881460100411","14.751243315972985","0.7518841656055635","signals/train/signal-000070.csv","37b378a5e2461513f6205fb790587dee0b66477ed43d423c7409dce5813174a8","1cbb78fb721a4dda0b0402d5602077a6c9f59b8e7cbd2e68aaa026f6da5b2b15"
"signal-000071","src-9f455d97cbe13937","group-18f16f12744b31de","train","pri","noisy","129","0.01","0","0.07660724152810872","2.8025528453290462","19.331513636052012","2.5304612085724756","signals/train/signal-000071.csv","414c28233257f70178fd59260361610feefde3dc076ca9fc9cc75a9ea57dcc0f","1cbb78fb721a4dda0b0402d5602077a6c9f59b8e7cbd2e68aaa026f6da5b2b15"
"signal-000072","src-9f455d97cbe13937","group-18f16f12744b31de","train","pri","sparse-jittered","65","0.03","0.25","0.0775241709779948","3.1648084085434673","10.346008202405535","1.1286710994631157","signals/train/signal-000072.csv","4ef354b9b9611ef9b9289bd0a42ca3f9e9d14e9ab47552907196f1227189d9e4","1cbb78fb721a4dda0b0402d5602077a6c9f59b8e7cbd2e68aaa026f6da5b2b15"
"signal-000073","src-dc49ea7ff06b451a","group-4f1412fe21bf8c8a","calibration","frequency","clean","257","0","0","0.6885826152283698","0.9271324045956135","11.80456547319383","1.857736768626646","signals/calibration/signal-000073.csv","5d129e8c5d81cacabc553d44236e61e7e49ebc47d9f091a002505a086bab5d92","b43e264e9d0bdcacb361bd45709b9104d0a2db0be86237d0c291dedd5303cf68"
"signal-000074","src-dc49ea7ff06b451a","group-4f1412fe21bf8c8a","calibration","frequency","noisy","129","0.01","0","0.23948736232705414","2.6410974659025666","12.216420144038697","2.7370190500429974","signals/calibration/signal-000074.csv","cf29e41c1d15383da1609cc8e55884f97f0aa863e21613fbe9824cbd360e4bed","b43e264e9d0bdcacb361bd45709b9104d0a2db0be86237d0c291dedd5303cf68"
"signal-000075","src-dc49ea7ff06b451a","group-4f1412fe21bf8c8a","calibration","frequency","sparse-jittered","65","0.03","0.25","0.8671338243875653","1.78158697783947","19.299676894010787","2.596556023502611","signals/calibration/signal-000075.csv","600db504f4103ea7d1c29f2b880bc78092b250b8b823b5f0e94e842b98d9f751","b43e264e9d0bdcacb361bd45709b9104d0a2db0be86237d0c291dedd5303cf68"
"signal-000076","src-dc49ea7ff06b451a","group-4f1412fe21bf8c8a","calibration","pri","clean","257","0","0","0.9765848170500249","1.2300419297069312","17.12011959282184","2.5709558072691987","signals/calibration/signal-000076.csv","9beda6af94811e7bb86626ad46296788d6a73f2dc1d7726ce88111edd9c03f4b","b43e264e9d0bdcacb361bd45709b9104d0a2db0be86237d0c291dedd5303cf68"
"signal-000077","src-dc49ea7ff06b451a","group-4f1412fe21bf8c8a","calibration","pri","noisy","129","0.01","0","0.9362911500502378","1.2706278525292873","11.618376012364054","2.1539814195280655","signals/calibration/signal-000077.csv","77d667819aad4503459788b99b03c99bf420ee88bb81f3eb81a0abc990d2fa7b","b43e264e9d0bdcacb361bd45709b9104d0a2db0be86237d0c291dedd5303cf68"
"signal-000078","src-dc49ea7ff06b451a","group-4f1412fe21bf8c8a","calibration","pri","sparse-jittered","65","0.03","0.25","0.3164825907442719","1.5447738230228425","16.759424715458593","1.4653890341239908","signals/calibration/signal-000078.csv","ebd9512e4829500f7d8ac7427765d322089e6808c03c5241f0d1e63ab4c4e5a1","b43e264e9d0bdcacb361bd45709b9104d0a2db0be86237d0c291dedd5303cf68"
"signal-000079","src-62a924d106fd6d7b","group-699b4e2637a565f2","test","frequency","clean","257","0","0","0.040315460646525025","1.2768345579504967","18.371483148499507","1.795389024011449","signals/test/signal-000079.csv","ad1949a8be7e16ded4736521f73eadfb0615d57f252a414375a72644154aee1b","d1dafc0a5eb13e7ed01951f5d153068d4dce39fea98c7c2c64713bfc40b02c34"
"signal-000080","src-62a924d106fd6d7b","group-699b4e2637a565f2","test","frequency","noisy","129","0.01","0","0.1672542777378112","2.5782576985657215","15.671784592879195","1.2172874500488717","signals/test/signal-000080.csv","440b1491250380875fe6be20f517d3a0c9d9b24da60d3f8b28ed3ece9465fa51","d1dafc0a5eb13e7ed01951f5d153068d4dce39fea98c7c2c64713bfc40b02c34"
"signal-000081","src-62a924d106fd6d7b","group-699b4e2637a565f2","test","frequency","sparse-jittered","65","0.03","0.25","0.07909363810904324","2.7337148539721965","11.99073305336341","0.9662714996018167","signals/test/signal-000081.csv","d053b5990a3b169d6e5ba96d6f48a75f59f2a94c3c018b49af522657604d5440","d1dafc0a5eb13e7ed01951f5d153068d4dce39fea98c7c2c64713bfc40b02c34"
"signal-000082","src-62a924d106fd6d7b","group-699b4e2637a565f2","test","pri","clean","257","0","0","0.7456104913726449","0.9037744784727693","12.416318990350712","1.4954278038983304","signals/test/signal-000082.csv","5512d493fa045a7bd09694e72a2982a1b1bb0366ed2e8ca45b7acd2a8103d7d1","d1dafc0a5eb13e7ed01951f5d153068d4dce39fea98c7c2c64713bfc40b02c34"
"signal-000083","src-62a924d106fd6d7b","group-699b4e2637a565f2","test","pri","noisy","129","0.01","0","0.40879612625576556","1.845268726348877","15.365972541559387","1.9095231938827197","signals/test/signal-000083.csv","f167cbe395092b31445464065998c97f562b8b5f3b4b2149d3da0c0333d4e50c","d1dafc0a5eb13e7ed01951f5d153068d4dce39fea98c7c2c64713bfc40b02c34"
"signal-000084","src-62a924d106fd6d7b","group-699b4e2637a565f2","test","pri","sparse-jittered","65","0.03","0.25","0.21070891059935093","1.274166096933186","11.156180476821326","3.159798570593349","signals/test/signal-000084.csv","2396a3759dcaffff8b1d6a4aa03b4954378f0d03c50ab9671daa774239139903","d1dafc0a5eb13e7ed01951f5d153068d4dce39fea98c7c2c64713bfc40b02c34"
"signal-000085","src-1bc4626498585523","group-41765438366553ef","train","frequency","clean","257","0","0","0.20068634976632893","1.0781957171857357","14.552965959807842","2.372167045923103","signals/train/signal-000085.csv","63be82707f6c2e3cd0fbc31f1f2c597e47cb5749cfbb829daf6011f4c73fd924","abe5c588059b1cf3329faae31fec753dc4e722968c8603b2bf21875525607261"
"signal-000086","src-1bc4626498585523","group-41765438366553ef","train","frequency","noisy","129","0.01","0","0.8272966945078224","1.117218953743577","11.024197686112917","1.24081195479636","signals/train/signal-000086.csv","fe5dc365b423660dcd26af9b500fc62ef49fb0b948eefba6a97fe3f77f8fe4bd","abe5c588059b1cf3329faae31fec753dc4e722968c8603b2bf21875525607261"
"signal-000087","src-1bc4626498585523","group-41765438366553ef","train","frequency","sparse-jittered","65","0.03","0.25","0.8244315895717591","1.8209917541593312","11.93920160159691","1.1247746442804125","signals/train/signal-000087.csv","5570b30adb8f7874a9304abd6bb2fd93d73ee4e3504194315eb2b8070813cb9f","abe5c588059b1cf3329faae31fec753dc4e722968c8603b2bf21875525607261"
"signal-000088","src-1bc4626498585523","group-41765438366553ef","train","pri","clean","257","0","0","0.6827362282201648","3.0867491910234097","19.01563056613736","1.873515700546026","signals/train/signal-000088.csv","f940d50fb6e16840fe45cde99eba777738c07fd9411f4f487b43cf0dff0d7aeb","abe5c588059b1cf3329faae31fec753dc4e722968c8603b2bf21875525607261"
"signal-000089","src-1bc4626498585523","group-41765438366553ef","train","pri","noisy","129","0.01","0","0.3674881188198924","2.2952604779973624","12.563551523794509","1.5021104845667548","signals/train/signal-000089.csv","815abc90f1aaadb53f3f1c5ae0acbccd0840d792b5523be8ef6deee4f06b707f","abe5c588059b1cf3329faae31fec753dc4e722968c8603b2bf21875525607261"
"signal-000090","src-1bc4626498585523","group-41765438366553ef","train","pri","sparse-jittered","65","0.03","0.25","0.9577684553805739","0.948808379471302","15.976012330989203","1.1457639383884128","signals/train/signal-000090.csv","a541eb7832b909d68175df884b7da50d258b8990723dff05477dfc2e46f6e215","abe5c588059b1cf3329faae31fec753dc4e722968c8603b2bf21875525607261"
"signal-000091","src-b06c9c1a52133440","group-4d67be49499e4468","train","frequency","clean","257","0","0","0.4231254863552749","1.4102100526914","16.89159768273823","1.9252115455763565","signals/train/signal-000091.csv","49fc0307eaa1cbdb88d484dc77d3b45860475ad516d2f3169b69307ef8d70291","fe547d16e8ec7d4418300669dab0bf2e9c155f020b177e8d15f41d7b63a92e75"
"signal-000092","src-b06c9c1a52133440","group-4d67be49499e4468","train","frequency","noisy","129","0.01","0","0.7573019661940634","1.9370308144018054","13.266622444031892","2.6345126846235054","signals/train/signal-000092.csv","10c64a91bf650bbe29bb79d31ccb55ad832935bb109d1f82329903a626c21a01","fe547d16e8ec7d4418300669dab0bf2e9c155f020b177e8d15f41d7b63a92e75"
"signal-000093","src-b06c9c1a52133440","group-4d67be49499e4468","train","frequency","sparse-jittered","65","0.03","0.25","0.7409115890040994","2.343348457850516","17.75247238718667","1.5826668062015266","signals/train/signal-000093.csv","100b7bdbbe46ced43886df3fafa9b9abeb34ecdfdf589bb33b0cd571735a198b","fe547d16e8ec7d4418300669dab0bf2e9c155f020b177e8d15f41d7b63a92e75"
"signal-000094","src-b06c9c1a52133440","group-4d67be49499e4468","train","pri","clean","257","0","0","0.8384296142030507","0.830122496932745","17.565191289638825","1.5734204366714337","signals/train/signal-000094.csv","9753131a8b28ecdd110158491f6bbe53430538b590632fbd4c8ca270d9753c1b","fe547d16e8ec7d4418300669dab0bf2e9c155f020b177e8d15f41d7b63a92e75"
"signal-000095","src-b06c9c1a52133440","group-4d67be49499e4468","train","pri","noisy","129","0.01","0","0.9895012741908431","1.0256450394168497","18.227356293105213","1.590125529386647","signals/train/signal-000095.csv","8d83d89e18fd355bce5f62352d5b2ec61e410ea924168c413d58a8b7f164b2ac","fe547d16e8ec7d4418300669dab0bf2e9c155f020b177e8d15f41d7b63a92e75"
"signal-000096","src-b06c9c1a52133440","group-4d67be49499e4468","train","pri","sparse-jittered","65","0.03","0.25","0.6408056898508221","1.8714889019727707","15.960016576371888","0.8320579517649822","signals/train/signal-000096.csv","85199f00083bfbf147d4eabf830d97d6faab52d4be80658ddbae23ac06392f0f","fe547d16e8ec7d4418300669dab0bf2e9c155f020b177e8d15f41d7b63a92e75"
"signal-000097","src-a2e91304efd89984","group-e36d98e42b581c00","train","frequency","clean","257","0","0","0.07176740583963692","2.9206128008663654","16.620868501908983","2.156649156392776","signals/train/signal-000097.csv","c86ae7e5b8623ee538a3a485fa22e92604be75def9f1f97d296b67d06a31fd40","dff3c9285c0f3be1789430ad90003daadf25f6c4870458e3066af162fb788b7b"
"signal-000098","src-a2e91304efd89984","group-e36d98e42b581c00","train","frequency","noisy","129","0.01","0","0.3185595681425184","1.3695308465510607","15.438649857304343","2.819973907969274","signals/train/signal-000098.csv","946a4aa8dbbfdb2e8c9d60049a1f843fbc81c42bc2b92b85134fb00378d24f5e","dff3c9285c0f3be1789430ad90003daadf25f6c4870458e3066af162fb788b7b"
"signal-000099","src-a2e91304efd89984","group-e36d98e42b581c00","train","frequency","sparse-jittered","65","0.03","0.25","0.8313261296134442","1.6110382225364446","14.843833236472095","2.38857928846161","signals/train/signal-000099.csv","e636a08ca7ec8bca9817a9126167e4b5c45446465a8dbd14ed55cf1c1b03d679","dff3c9285c0f3be1789430ad90003daadf25f6c4870458e3066af162fb788b7b"
"signal-000100","src-a2e91304efd89984","group-e36d98e42b581c00","train","pri","clean","257","0","0","0.6062883590348065","2.2800259409472345","13.108051346845745","1.7306804184086566","signals/train/signal-000100.csv","f341efe915318e1d5e0139e2024a2f703e6d416b5ada080f36f77b3f216d3168","dff3c9285c0f3be1789430ad90003daadf25f6c4870458e3066af162fb788b7b"
"signal-000101","src-a2e91304efd89984","group-e36d98e42b581c00","train","pri","noisy","129","0.01","0","0.8954863524995744","3.082650937698782","15.497688956181886","0.9793087614950018","signals/train/signal-000101.csv","31b8d61a61857ea0962694cdae405c4b11f856052115b6deab68bec87cbc5939","dff3c9285c0f3be1789430ad90003daadf25f6c4870458e3066af162fb788b7b"
"signal-000102","src-a2e91304efd89984","group-e36d98e42b581c00","train","pri","sparse-jittered","65","0.03","0.25","0.2224370262119919","0.8392702043056488","11.6590881515843","2.37363791337007","signals/train/signal-000102.csv","22fb31c15a0543b4707e58ecc3a9e7e1ff741809950855e46d89d2335ad7a021","dff3c9285c0f3be1789430ad90003daadf25f6c4870458e3066af162fb788b7b"
"signal-000103","src-13c436514a316d80","group-4389f71efeaba5ba","train","frequency","clean","257","0","0","0.48353590187616646","2.3857166655361652","13.330269667785615","2.8802736331243075","signals/train/signal-000103.csv","951a4fa62ee8f7e3f15e474e5443b2fa3574ea3cac9e7c37716f8191bbb03a03","57355597b8b0b10e3216322032f3e7f6b9295e807abcec505bf712d7d1d59fd4"
"signal-000104","src-13c436514a316d80","group-4389f71efeaba5ba","train","frequency","noisy","129","0.01","0","0.9549039741978049","2.8350685516372325","12.699897577835863","1.5102740948161983","signals/train/signal-000104.csv","c013aa7414bdb14fbade701d1957ac0a3105901673867d19ec0fbad3d59e6303","57355597b8b0b10e3216322032f3e7f6b9295e807abcec505bf712d7d1d59fd4"
"signal-000105","src-13c436514a316d80","group-4389f71efeaba5ba","train","frequency","sparse-jittered","65","0.03","0.25","0.10939704463817179","0.892862394452095","11.427529901906638","1.0869754815004793","signals/train/signal-000105.csv","f6e8d12290379f38528fb61d8821fef66bb28d45074050f5bb80488335c97a2c","57355597b8b0b10e3216322032f3e7f6b9295e807abcec505bf712d7d1d59fd4"
"signal-000106","src-13c436514a316d80","group-4389f71efeaba5ba","train","pri","clean","257","0","0","0.7480871547013521","2.6876046137884257","13.484705477021635","1.1013084078906097","signals/train/signal-000106.csv","6d881a6f38d4a484fcdc2d48010c82c3cdc5051b561703f428e15ac52b0586d5","57355597b8b0b10e3216322032f3e7f6b9295e807abcec505bf712d7d1d59fd4"
"signal-000107","src-13c436514a316d80","group-4389f71efeaba5ba","train","pri","noisy","129","0.01","0","0.5837274703662843","1.9694392200559379","12.435113781433309","1.361776671000591","signals/train/signal-000107.csv","86e82fa17986a2b91c74580d9785088644ec5e201fe48efe69f74676a9215a68","57355597b8b0b10e3216322032f3e7f6b9295e807abcec505bf712d7d1d59fd4"
"signal-000108","src-13c436514a316d80","group-4389f71efeaba5ba","train","pri","sparse-jittered","65","0.03","0.25","0.004438329022377729","2.8385641193017364","16.280199344163407","1.624072953132698","signals/train/signal-000108.csv","192a409e83ed1b978d8db0e7ec639558403c0968bfb10e540a0d9af86b32ce55","57355597b8b0b10e3216322032f3e7f6b9295e807abcec505bf712d7d1d59fd4"
"signal-000109","src-6c13aad8177d70c5","group-7dc877960d9b1922","test","frequency","clean","257","0","0","0.6258443892002106","1.0918201180174947","16.868775854818523","1.0427969519747435","signals/test/signal-000109.csv","2119007417f97bc496a314de0a861f2a94d2b722105705cb3e9b789a7a53d5c5","e2d700b601fae0ae064f3cc4c43ed3d282cc72fcef656fdb8cd32694e186c858"
"signal-000110","src-6c13aad8177d70c5","group-7dc877960d9b1922","test","frequency","noisy","129","0.01","0","0.6927618600893766","1.7702927075326442","17.66475932720992","2.8594889133450145","signals/test/signal-000110.csv","9d87a77fbb6d10ba0deaa270117829e6e1884fc1c466239efcef8cd5f7548fd4","e2d700b601fae0ae064f3cc4c43ed3d282cc72fcef656fdb8cd32694e186c858"
"signal-000111","src-6c13aad8177d70c5","group-7dc877960d9b1922","test","frequency","sparse-jittered","65","0.03","0.25","0.9308722261339426","3.1975702421739696","10.742017070898672","1.4196053481357875","signals/test/signal-000111.csv","e92e51b7ba1bcc88e73a7e0cce570e05d2acfb4134d16ab875970a7486a126e5","e2d700b601fae0ae064f3cc4c43ed3d282cc72fcef656fdb8cd32694e186c858"
"signal-000112","src-6c13aad8177d70c5","group-7dc877960d9b1922","test","pri","clean","257","0","0","0.06026258482597768","0.906623462215066","11.604194447863847","1.648522368632257","signals/test/signal-000112.csv","4d670cb508e4563950bbd5357c077078d3e0e61f2b1d4d0f050f4882a4db4b78","e2d700b601fae0ae064f3cc4c43ed3d282cc72fcef656fdb8cd32694e186c858"
"signal-000113","src-6c13aad8177d70c5","group-7dc877960d9b1922","test","pri","noisy","129","0.01","0","0.8515117571223527","1.8959574274718762","17.942001050219865","1.9019210599016567","signals/test/signal-000113.csv","5d4cf56bc3102c8925ab0f0a02c543db9e8e704263be8f170c2782dd16384c23","e2d700b601fae0ae064f3cc4c43ed3d282cc72fcef656fdb8cd32694e186c858"
"signal-000114","src-6c13aad8177d70c5","group-7dc877960d9b1922","test","pri","sparse-jittered","65","0.03","0.25","0.15430513280443847","1.8007398512214423","14.50799742234291","2.9970112636633583","signals/test/signal-000114.csv","d9ffdbc306be0dff8c9faf33209f3d084ffcf710acfc2e2aef4a8098eb470a0e","e2d700b601fae0ae064f3cc4c43ed3d282cc72fcef656fdb8cd32694e186c858"
"signal-000115","src-34f1c2ce73d0b596","group-eb864dd54239e90d","calibration","frequency","clean","257","0","0","0.33270509308204055","2.8430111190304164","18.53944473134686","1.8700786251359638","signals/calibration/signal-000115.csv","500be89f4ac1803b886233b072d5ba0668ad5fedbc55a18d833c41342af7c48a","1fe97eba59a4dd3e6360b2cab62a329ee24e44356898791b01bf49e02abe8468"
"signal-000116","src-34f1c2ce73d0b596","group-eb864dd54239e90d","calibration","frequency","noisy","129","0.01","0","0.5919704714324325","2.9098896745592358","16.156163877532624","1.068688910073389","signals/calibration/signal-000116.csv","3da66010812d31bf59e30a9ec8ccc8a10793473e917d916bfa473bfad2ecd5ed","1fe97eba59a4dd3e6360b2cab62a329ee24e44356898791b01bf49e02abe8468"
"signal-000117","src-34f1c2ce73d0b596","group-eb864dd54239e90d","calibration","frequency","sparse-jittered","65","0.03","0.25","0.3788708704523742","1.1850955760106445","10.8203949323317","2.6388280791111107","signals/calibration/signal-000117.csv","eeaecb965769ce19a2508f64272b71adcbc856b2bd8ad670b91bc67c033cf729","1fe97eba59a4dd3e6360b2cab62a329ee24e44356898791b01bf49e02abe8468"
"signal-000118","src-34f1c2ce73d0b596","group-eb864dd54239e90d","calibration","pri","clean","257","0","0","0.3231832883320749","2.9854683360084895","13.53566208698145","1.096890373113812","signals/calibration/signal-000118.csv","f8507d4d169bd2176f7eb8b5193d93810044c25fc62ab73b35115d19eab31969","1fe97eba59a4dd3e6360b2cab62a329ee24e44356898791b01bf49e02abe8468"
"signal-000119","src-34f1c2ce73d0b596","group-eb864dd54239e90d","calibration","pri","noisy","129","0.01","0","0.29132716078311205","2.6676501566544175","18.927198980892214","1.9128186350553804","signals/calibration/signal-000119.csv","8f76253a64faecdda322e5d9ac63d8a614bad639317d77b286ba7fe92b3b586c","1fe97eba59a4dd3e6360b2cab62a329ee24e44356898791b01bf49e02abe8468"
"signal-000120","src-34f1c2ce73d0b596","group-eb864dd54239e90d","calibration","pri","sparse-jittered","65","0.03","0.25","0.4845882258377969","1.3900565823540092","12.098604298234644","2.937957861216484","signals/calibration/signal-000120.csv","c77765040a8ebaeb772cacce01e2947e44b20fe53bd4bbcbb55974ee6b0942fb","1fe97eba59a4dd3e6360b2cab62a329ee24e44356898791b01bf49e02abe8468"
"signal-000121","src-2bacfe28fde3514e","group-7ca7647c0d14df64","test","frequency","clean","257","0","0","0.8530743739102036","2.4993008077144623","18.514635532624766","2.076170268618629","signals/test/signal-000121.csv","0ed9c3c7a40c1a579c5e3f605d75aa3ffb061eca268cd862ad6bc3ff5f0797b6","f33d705b2a24f778a5d462b8e6af243fd43b96ce4c6ed0ea1d4a44480b02c3c5"
"signal-000122","src-2bacfe28fde3514e","group-7ca7647c0d14df64","test","frequency","noisy","129","0.01","0","0.9509470956400037","2.2526246780529617","11.070648436761465","3.0425034468640284","signals/test/signal-000122.csv","ba743f7ada29f40d6551e94a375f014ca8589bfe03fa1fda4683e0116d2838f2","f33d705b2a24f778a5d462b8e6af243fd43b96ce4c6ed0ea1d4a44480b02c3c5"
"signal-000123","src-2bacfe28fde3514e","group-7ca7647c0d14df64","test","frequency","sparse-jittered","65","0.03","0.25","0.36821388686075807","2.9486799819394944","17.125306068445635","1.75877125476579","signals/test/signal-000123.csv","7ed18adaadc0aa8e318a52fb705613ccb1271afd1e94bd834b50c8a4a917519e","f33d705b2a24f778a5d462b8e6af243fd43b96ce4c6ed0ea1d4a44480b02c3c5"
"signal-000124","src-2bacfe28fde3514e","group-7ca7647c0d14df64","test","pri","clean","257","0","0","0.7206258259247988","2.7551868658512833","11.601827960141124","1.4839764134000824","signals/test/signal-000124.csv","d42450304bdbfcd9a395e847af2f18524f637118acd3a81a50e8c94d3b32d5f5","f33d705b2a24f778a5d462b8e6af243fd43b96ce4c6ed0ea1d4a44480b02c3c5"
"signal-000125","src-2bacfe28fde3514e","group-7ca7647c0d14df64","test","pri","noisy","129","0.01","0","0.4487919646780938","2.636009269580245","12.901201926367596","1.3141583751935073","signals/test/signal-000125.csv","b59e128293f350132f95403b28452d28e7e880b73519a48377dead1b1aa3c9ae","f33d705b2a24f778a5d462b8e6af243fd43b96ce4c6ed0ea1d4a44480b02c3c5"
"signal-000126","src-2bacfe28fde3514e","group-7ca7647c0d14df64","test","pri","sparse-jittered","65","0.03","0.25","0.23251356300897896","2.971983755379915","10.92348347268473","1.8289169774869247","signals/test/signal-000126.csv","9cbbb608310cfa4201b6875569a3b524a822cd01bc6d764f5e2602363fefc431","f33d705b2a24f778a5d462b8e6af243fd43b96ce4c6ed0ea1d4a44480b02c3c5"
"signal-000127","src-5f92efebd20967af","group-cb5f6a16c66b1641","train","frequency","clean","257","0","0","0.5226170062087476","1.6251286437734962","19.25975088863238","2.8183494099728534","signals/train/signal-000127.csv","f72a6e555ba51741ef6a6b3a26d391a123d008b26a2dbdbb31a382ed6e3c21c4","e479a9f89d246c9a877bf0f275db5ee5abbb56c3e00832f1c4f7851b0539108c"
"signal-000128","src-5f92efebd20967af","group-cb5f6a16c66b1641","train","frequency","noisy","129","0.01","0","0.7706755469553173","2.561493224464357","15.30724034480571","2.806794685525597","signals/train/signal-000128.csv","edf7c97b72aa5380079f9e5aaa3fb372cc40b5b7191ec5d502a124868c79645c","e479a9f89d246c9a877bf0f275db5ee5abbb56c3e00832f1c4f7851b0539108c"
"signal-000129","src-5f92efebd20967af","group-cb5f6a16c66b1641","train","frequency","sparse-jittered","65","0.03","0.25","0.6983061514329165","1.9391856413334607","18.101755175693114","3.1049701209119576","signals/train/signal-000129.csv","b9214540a73d64070f0284ba37331620d0d6621f7c1f0d1e202a11cdd9f87a1e","e479a9f89d246c9a877bf0f275db5ee5abbb56c3e00832f1c4f7851b0539108c"
"signal-000130","src-5f92efebd20967af","group-cb5f6a16c66b1641","train","pri","clean","257","0","0","0.6506330254487693","1.5938846683129668","16.01702878023452","2.14446167480366","signals/train/signal-000130.csv","a68253731c6b66dafa11d0f093e04e0c4895d874dd608f4ffd69c69c04f63e8f","e479a9f89d246c9a877bf0f275db5ee5abbb56c3e00832f1c4f7851b0539108c"
"signal-000131","src-5f92efebd20967af","group-cb5f6a16c66b1641","train","pri","noisy","129","0.01","0","0.19503294653259218","1.4052258897572756","19.124143874269038","2.279981114130692","signals/train/signal-000131.csv","28944bd72cc38fb7916699a4a55879dfb86a75b181136c7b3715dda3a1445841","e479a9f89d246c9a877bf0f275db5ee5abbb56c3e00832f1c4f7851b0539108c"
"signal-000132","src-5f92efebd20967af","group-cb5f6a16c66b1641","train","pri","sparse-jittered","65","0.03","0.25","0.46988222864456475","3.0863313861191273","11.313701129119266","1.0076370953196356","signals/train/signal-000132.csv","636d56361003d914830645df8ecc7080d468066cd4ca4e8b0ee2c811b8bb3499","e479a9f89d246c9a877bf0f275db5ee5abbb56c3e00832f1c4f7851b0539108c"
"signal-000133","src-4ab7727b6599a315","group-906044f7a9c7474f","test","frequency","clean","257","0","0","0.9121206975542009","1.4463492294773461","10.907282037491758","1.584459814059791","signals/test/signal-000133.csv","1d64cdddfc9ee84caeb2b09a721425af99db4423dc8ad0eb7cdc479fd078f3b9","6f9fa060a212556b99d7de738cc8ed91c22154919623f3c6646d176b3ff79bb8"
"signal-000134","src-4ab7727b6599a315","group-906044f7a9c7474f","test","frequency","noisy","129","0.01","0","0.7103872494772077","3.0662214273586867","18.27382666769529","1.4731347297907327","signals/test/signal-000134.csv","a21d3113095361472abe41df54abd70981c7120619f163a6a8b3981dbe8cec1f","6f9fa060a212556b99d7de738cc8ed91c22154919623f3c6646d176b3ff79bb8"
"signal-000135","src-4ab7727b6599a315","group-906044f7a9c7474f","test","frequency","sparse-jittered","65","0.03","0.25","0.23246361687779427","2.810563999600708","10.875484115748918","0.8343881933748527","signals/test/signal-000135.csv","27caa25908b85bc85db9e03459a140bfea6b02217e16e56c6c4d8d2540f66531","6f9fa060a212556b99d7de738cc8ed91c22154919623f3c6646d176b3ff79bb8"
"signal-000136","src-4ab7727b6599a315","group-906044f7a9c7474f","test","pri","clean","257","0","0","0.8566595055162907","3.0298522891476747","19.36728481918249","2.947390543143804","signals/test/signal-000136.csv","92305ee993aa162695bff0b83c5579395bcfa7763be8d0eded4d4dddc566269a","6f9fa060a212556b99d7de738cc8ed91c22154919623f3c6646d176b3ff79bb8"
"signal-000137","src-4ab7727b6599a315","group-906044f7a9c7474f","test","pri","noisy","129","0.01","0","0.3479128498584032","1.4713231401517988","17.992648486572033","1.4540688541580522","signals/test/signal-000137.csv","a823820ebc39a45f004857b9681653327c6879ec93539a588b055c9b85b09ab1","6f9fa060a212556b99d7de738cc8ed91c22154919623f3c6646d176b3ff79bb8"
"signal-000138","src-4ab7727b6599a315","group-906044f7a9c7474f","test","pri","sparse-jittered","65","0.03","0.25","0.8152468416374177","1.3171924348920583","11.26267234651073","2.479488121552171","signals/test/signal-000138.csv","f933f1e886fb30165af1d6b679a322f95c90f0137e49d04bd81cb7c549da9356","6f9fa060a212556b99d7de738cc8ed91c22154919623f3c6646d176b3ff79bb8"
"signal-000139","src-34dbaba650075b4e","group-6c1e6e2f282330a4","test","frequency","clean","257","0","0","0.8274315758608282","2.258817242644727","19.73907254889757","1.7872918464787304","signals/test/signal-000139.csv","27f131389b323ef63ef2d44af733a17feb25cda6b3138a1d488cc3d258d135cd","ce5b33ab1a3836108ac43d35ff7c02bf8332c29b314ed3f9057e2425ccb238ac"
"signal-000140","src-34dbaba650075b4e","group-6c1e6e2f282330a4","test","frequency","noisy","129","0.01","0","0.7885234539862722","2.8408770043402907","17.340236411189068","1.8971946099726615","signals/test/signal-000140.csv","8a515b8a9354bbabf1c71826836e4d7d07515a8f01f07436a1c945323653a63c","ce5b33ab1a3836108ac43d35ff7c02bf8332c29b314ed3f9057e2425ccb238ac"
"signal-000141","src-34dbaba650075b4e","group-6c1e6e2f282330a4","test","frequency","sparse-jittered","65","0.03","0.25","0.8789336869958788","0.897816912829876","13.587515016721124","0.93639482792039","signals/test/signal-000141.csv","484ea9aa3940843320df1e253b7b7fc03373bce5bb120d6affecd8c41d926e27","ce5b33ab1a3836108ac43d35ff7c02bf8332c29b314ed3f9057e2425ccb238ac"
"signal-000142","src-34dbaba650075b4e","group-6c1e6e2f282330a4","test","pri","clean","257","0","0","0.2963919430039823","2.146598177216947","12.072898168382958","0.8154785062432914","signals/test/signal-000142.csv","db54b01b30d1f1b6c3ecc92936032875f53c3e9dd6a0a47134a41103ec54ea00","ce5b33ab1a3836108ac43d35ff7c02bf8332c29b314ed3f9057e2425ccb238ac"
"signal-000143","src-34dbaba650075b4e","group-6c1e6e2f282330a4","test","pri","noisy","129","0.01","0","0.41218341630883515","2.981300989538431","10.822147449136327","1.9721739222147256","signals/test/signal-000143.csv","c014ebd927c66547ef03b88e47a421a3bb28c8399361f9483886803e14e77643","ce5b33ab1a3836108ac43d35ff7c02bf8332c29b314ed3f9057e2425ccb238ac"
"signal-000144","src-34dbaba650075b4e","group-6c1e6e2f282330a4","test","pri","sparse-jittered","65","0.03","0.25","0.950563509715721","2.9720955263823274","16.140691814555815","1.2791069253254843","signals/test/signal-000144.csv","f13114a658547a34f25b3e9992ef17a1534cb8659af0a09564a5d212d557d9dc","ce5b33ab1a3836108ac43d35ff7c02bf8332c29b314ed3f9057e2425ccb238ac"
"signal-000145","src-54c5ea518a7e07aa","group-42532dd7bc9079ae","train","frequency","clean","257","0","0","0.575430259341374","3.0240112498402594","18.71751423937684","1.4527813842653288","signals/train/signal-000145.csv","445a9a8d4b3cc18177bce9f5022e8d55b7fb1837c294a1198cefef4ba405592d","c531b05a70cf6442e825c8814009bdb7cb3d0ff585fea28e472e39c4db57bb04"
"signal-000146","src-54c5ea518a7e07aa","group-42532dd7bc9079ae","train","frequency","noisy","129","0.01","0","0.42561782873235643","0.9625665415078402","15.991517045024713","2.5809942268512067","signals/train/signal-000146.csv","3f4e03c6210cc4e7b14c7cc944431d9de2b764006b614d670212b5fee68b89f5","c531b05a70cf6442e825c8814009bdb7cb3d0ff585fea28e472e39c4db57bb04"
"signal-000147","src-54c5ea518a7e07aa","group-42532dd7bc9079ae","train","frequency","sparse-jittered","65","0.03","0.25","0.4726822953671217","2.6520341502502562","13.819062277409452","1.456275180081267","signals/train/signal-000147.csv","c0c893274cedfe68a712894b415b140332045f948d85e1528742e8242a57aff1","c531b05a70cf6442e825c8814009bdb7cb3d0ff585fea28e472e39c4db57bb04"
"signal-000148","src-54c5ea518a7e07aa","group-42532dd7bc9079ae","train","pri","clean","257","0","0","0.17068182048387825","2.637898314744234","14.412137740658501","1.6233205799086772","signals/train/signal-000148.csv","9cbcb638ff1b982519dbb708f9e64f64625600eadd3432d37e5732ae8bc11b46","c531b05a70cf6442e825c8814009bdb7cb3d0ff585fea28e472e39c4db57bb04"
"signal-000149","src-54c5ea518a7e07aa","group-42532dd7bc9079ae","train","pri","noisy","129","0.01","0","0.9601325085386634","2.8452571192756295","15.703659333538189","2.7931172636224737","signals/train/signal-000149.csv","3999d64f9eb3a334a71398ec4b392e6142a5913e196c683e5d27fbbc2987ef04","c531b05a70cf6442e825c8814009bdb7cb3d0ff585fea28e472e39c4db57bb04"
"signal-000150","src-54c5ea518a7e07aa","group-42532dd7bc9079ae","train","pri","sparse-jittered","65","0.03","0.25","0.0017932450864464045","1.0662129998207093","18.17701742009738","2.1529344861104143","signals/train/signal-000150.csv","6aeda5df46af014dd7a836185ccf329e081330184025811905ebead8fe4999b0","c531b05a70cf6442e825c8814009bdb7cb3d0ff585fea28e472e39c4db57bb04"
"signal-000151","src-dcf205129cbacf78","group-dfa633782610de2b","validation","frequency","clean","257","0","0","0.3380352382082492","1.20393740311265","18.63323067926689","1.8817848188142818","signals/validation/signal-000151.csv","748f64cc7877ea6cf7a5f059ea60f2b2bb5d3b723ad8a64cc9c9352d8872b4f6","20872dd84f6afa4a94bce9b5928f12777cfe3408a334e201a3460d7a13d2ce89"
"signal-000152","src-dcf205129cbacf78","group-dfa633782610de2b","validation","frequency","noisy","129","0.01","0","0.2436141052749008","2.930988860502839","19.99957202571166","0.7067687559386044","signals/validation/signal-000152.csv","c8dbaa06fe913ac1bb2ec8758215d8263b53e9ea975a652def614be2c5823081","20872dd84f6afa4a94bce9b5928f12777cfe3408a334e201a3460d7a13d2ce89"
"signal-000153","src-dcf205129cbacf78","group-dfa633782610de2b","validation","frequency","sparse-jittered","65","0.03","0.25","0.22339946497231722","2.6458572978153825","14.115159899943048","1.1496786376195285","signals/validation/signal-000153.csv","692d7cd16e72e4e3e98d750a64ada79d664b9a92649513e634ec14dc2a2534a7","20872dd84f6afa4a94bce9b5928f12777cfe3408a334e201a3460d7a13d2ce89"
"signal-000154","src-dcf205129cbacf78","group-dfa633782610de2b","validation","pri","clean","257","0","0","0.9969036257825792","1.320194067619741","19.15605524137768","2.7408817898118336","signals/validation/signal-000154.csv","18396884e3ed83d1280124603a1d91438ecd15b344b665034d84f2857a60e4ea","20872dd84f6afa4a94bce9b5928f12777cfe3408a334e201a3460d7a13d2ce89"
"signal-000155","src-dcf205129cbacf78","group-dfa633782610de2b","validation","pri","noisy","129","0.01","0","0.04546177573502064","0.8679924802854657","15.636788713456554","2.9510093415990255","signals/validation/signal-000155.csv","910ed9ee4d1862485a6ec5f0a928d65dadb6e7034a4eb05a07e9b5db904aa732","20872dd84f6afa4a94bce9b5928f12777cfe3408a334e201a3460d7a13d2ce89"
"signal-000156","src-dcf205129cbacf78","group-dfa633782610de2b","validation","pri","sparse-jittered","65","0.03","0.25","0.39723149430938065","1.4881472565233707","11.973842427148519","2.5971652692018328","signals/validation/signal-000156.csv","e659ced0be410805c12254286a4133f0b6ec3397f8f69a306a3ac7e69ebb102d","20872dd84f6afa4a94bce9b5928f12777cfe3408a334e201a3460d7a13d2ce89"
"signal-000157","src-d96033e710f05eaf","group-88290ea854a2b2d7","calibration","frequency","clean","257","0","0","0.13455184898339212","2.325064982846379","12.318390227690628","2.363261927523297","signals/calibration/signal-000157.csv","05af70a19461a8250599db89de86e796aae0ff814ce88e035a3abd9321d08d59","897648dd1d1ca51bd17b3f0f1aaf5dbf5a25f14198a2043043c1e4389209a4fc"
"signal-000158","src-d96033e710f05eaf","group-88290ea854a2b2d7","calibration","frequency","noisy","129","0.01","0","0.6114773941226304","1.1210403231903912","14.174335782946706","2.1370545186278935","signals/calibration/signal-000158.csv","06d260c88163c1fb5eba8beb1bcebc86f8144e4da7da96dd52ff5bdd00cead27","897648dd1d1ca51bd17b3f0f1aaf5dbf5a25f14198a2043043c1e4389209a4fc"
"signal-000159","src-d96033e710f05eaf","group-88290ea854a2b2d7","calibration","frequency","sparse-jittered","65","0.03","0.25","0.527034618658945","1.8985629063099623","18.18065783837482","2.417412555693442","signals/calibration/signal-000159.csv","761f8c5d097e6af3d6b3f7eae73f0f556f5cfaf928d902d25549bfd9318987ac","897648dd1d1ca51bd17b3f0f1aaf5dbf5a25f14198a2043043c1e4389209a4fc"
"signal-000160","src-d96033e710f05eaf","group-88290ea854a2b2d7","calibration","pri","clean","257","0","0","0.08472430310212076","2.3472159523516893","10.826523634529797","2.6035591733066994","signals/calibration/signal-000160.csv","699976e343568da6c5570799503519be68b9df32da8dcd1d89a204fe6ddc398e","897648dd1d1ca51bd17b3f0f1aaf5dbf5a25f14198a2043043c1e4389209a4fc"
"signal-000161","src-d96033e710f05eaf","group-88290ea854a2b2d7","calibration","pri","noisy","129","0.01","0","0.2905854096170515","2.403401758149266","18.63140441167137","2.4578753533035815","signals/calibration/signal-000161.csv","bbf2aac24e0f9057298bef59abc96dfe89503057407b8e485eb92b0f4243b31b","897648dd1d1ca51bd17b3f0f1aaf5dbf5a25f14198a2043043c1e4389209a4fc"
"signal-000162","src-d96033e710f05eaf","group-88290ea854a2b2d7","calibration","pri","sparse-jittered","65","0.03","0.25","0.4373683559242636","0.8628281489014626","18.196793367817975","0.7133347011710889","signals/calibration/signal-000162.csv","362c50a032796bc1b37656138ef623522646450380294f2c04ac0fafa82c0bfb","897648dd1d1ca51bd17b3f0f1aaf5dbf5a25f14198a2043043c1e4389209a4fc"
"signal-000163","src-2341afbc7bea21d7","group-5b80a7cc4b2c083c","calibration","frequency","clean","257","0","0","0.49337134324014187","1.9539934920147062","18.2661217172107","2.3526769682761","signals/calibration/signal-000163.csv","78a0bd305dfd9af955bd65be3956b6dc15bdd79af7d5ccbe3e7f71eb55e0564f","26f0561d2f97019b9b4e0eb0961d7a0b67cc05f765afea867c440af078e9d5bd"
"signal-000164","src-2341afbc7bea21d7","group-5b80a7cc4b2c083c","calibration","frequency","noisy","129","0.01","0","0.8789432910270989","1.5388104168698193","17.400040826167043","0.7395132640197275","signals/calibration/signal-000164.csv","6509148c3d4541c80ed9e74e16a0e5bce655c1dcd37a079ac9dce6b2c0dc6d7e","26f0561d2f97019b9b4e0eb0961d7a0b67cc05f765afea867c440af078e9d5bd"
"signal-000165","src-2341afbc7bea21d7","group-5b80a7cc4b2c083c","calibration","frequency","sparse-jittered","65","0.03","0.25","0.8166034675668925","1.2457476537674665","14.486978480688105","0.9694419945581618","signals/calibration/signal-000165.csv","8405233cb8c7798d8510636f88e399f9898b04b01fb0a9d8521e0fae5d47ee66","26f0561d2f97019b9b4e0eb0961d7a0b67cc05f765afea867c440af078e9d5bd"
"signal-000166","src-2341afbc7bea21d7","group-5b80a7cc4b2c083c","calibration","pri","clean","257","0","0","0.9553180655930191","2.1236213862895967","16.060749049764482","0.754680416853919","signals/calibration/signal-000166.csv","a61d319a3bcfe117528e485e64be403f935cdcde480de37322e8b7f7f7d1352a","26f0561d2f97019b9b4e0eb0961d7a0b67cc05f765afea867c440af078e9d5bd"
"signal-000167","src-2341afbc7bea21d7","group-5b80a7cc4b2c083c","calibration","pri","noisy","129","0.01","0","0.23499917681328952","1.6153807234019042","12.367800456002591","2.044199145380235","signals/calibration/signal-000167.csv","d9f1781e7a6e7209fbff00809fe23eac4195dc276cfbd74a4885a09c97c1789e","26f0561d2f97019b9b4e0eb0961d7a0b67cc05f765afea867c440af078e9d5bd"
"signal-000168","src-2341afbc7bea21d7","group-5b80a7cc4b2c083c","calibration","pri","sparse-jittered","65","0.03","0.25","0.7169650183059275","2.6024104906246066","17.88225277850954","2.152644415611995","signals/calibration/signal-000168.csv","fc317f41aa821693efa033dce29014c851133edd40adc7240c11de879cc1d9f3","26f0561d2f97019b9b4e0eb0961d7a0b67cc05f765afea867c440af078e9d5bd"
"signal-000169","src-3d4082b809ec8889","group-e26a57db45ca422e","test","frequency","clean","257","0","0","0.4329924210906029","1.0747875006869436","16.79645746421657","2.0884180474850833","signals/test/signal-000169.csv","4030221595f257fcbfe3bd81fd89b095c536b1f834fd9ede73cd4423bc5e643b","5b9a95d92d8ea8b07cd07a9a0aa17b4d842b813c3c6a6130108e6e5132b59b46"
"signal-000170","src-3d4082b809ec8889","group-e26a57db45ca422e","test","frequency","noisy","129","0.01","0","0.9109722934663296","1.5225538017228246","19.307225499238733","2.2994946039067905","signals/test/signal-000170.csv","5deda34e03211f40767761ca8e8b7eded34c77dee6ad5904c6cebc33a8b33252","5b9a95d92d8ea8b07cd07a9a0aa17b4d842b813c3c6a6130108e6e5132b59b46"
"signal-000171","src-3d4082b809ec8889","group-e26a57db45ca422e","test","frequency","sparse-jittered","65","0.03","0.25","0.21927823149599135","1.5020647004246712","16.740368456703756","1.2866785227550928","signals/test/signal-000171.csv","711a9f433b9fc66ec6ecb4a415caf6de0a444c74dbb977477d6f1ebc3ba1dcae","5b9a95d92d8ea8b07cd07a9a0aa17b4d842b813c3c6a6130108e6e5132b59b46"
"signal-000172","src-3d4082b809ec8889","group-e26a57db45ca422e","test","pri","clean","257","0","0","0.1086565894074738","1.8168651012703776","11.455271913592883","2.803681829343649","signals/test/signal-000172.csv","7494897a163f92834c69e0770ee3464246a8c6ee7697a682042ed3cb15df977c","5b9a95d92d8ea8b07cd07a9a0aa17b4d842b813c3c6a6130108e6e5132b59b46"
"signal-000173","src-3d4082b809ec8889","group-e26a57db45ca422e","test","pri","noisy","129","0.01","0","0.026861120713874698","0.8485629688948393","11.8221993343473","2.781701813615685","signals/test/signal-000173.csv","712a6260d7764a01de4b34de640198582433432ced970e2c042c232731cbdb9e","5b9a95d92d8ea8b07cd07a9a0aa17b4d842b813c3c6a6130108e6e5132b59b46"
"signal-000174","src-3d4082b809ec8889","group-e26a57db45ca422e","test","pri","sparse-jittered","65","0.03","0.25","0.8300681135151535","2.51971578001976","16.986292453732496","1.7146239520273596","signals/test/signal-000174.csv","ed47c5f786193d648d0573221b8166977ffc8c3cc8bf3f14b9fd484d6772bb71","5b9a95d92d8ea8b07cd07a9a0aa17b4d842b813c3c6a6130108e6e5132b59b46"
"signal-000175","src-6db54c01d6c3add4","group-7c194cab5d2e0f2a","test","frequency","clean","257","0","0","0.3480233307927847","1.8641741083934904","14.059909099159267","1.9875026835605336","signals/test/signal-000175.csv","93e775794b0280ef109a9fb66d641020dd6ac35ab0608b453284e1ffde0c13d1","f2290b1dcb56f9140806c23283bb1466deda5ff531225ebdc9e10b8bbae70173"
"signal-000176","src-6db54c01d6c3add4","group-7c194cab5d2e0f2a","test","frequency","noisy","129","0.01","0","0.31465623853728175","2.760902992449701","15.917528179321778","0.8666738600895556","signals/test/signal-000176.csv","2602148cf7f2bf1ead27076bfe10e2b1161676ce0202dcd6f8e19dc8109869f0","f2290b1dcb56f9140806c23283bb1466deda5ff531225ebdc9e10b8bbae70173"
"signal-000177","src-6db54c01d6c3add4","group-7c194cab5d2e0f2a","test","frequency","sparse-jittered","65","0.03","0.25","0.0911387822125107","2.301332038640976","12.066356716484009","1.482441904783446","signals/test/signal-000177.csv","c981c34906933e9a934721d5a62dc080888cb6829c690c9776a26b8b3f26773e","f2290b1dcb56f9140806c23283bb1466deda5ff531225ebdc9e10b8bbae70173"
"signal-000178","src-6db54c01d6c3add4","group-7c194cab5d2e0f2a","test","pri","clean","257","0","0","0.4276055609807372","0.8683530429378152","16.310769936162053","2.451898673638926","signals/test/signal-000178.csv","84f832df30c55224f772024a6b658e0fd2781bf22c5fa8fc66e9c5aa83c0afd9","f2290b1dcb56f9140806c23283bb1466deda5ff531225ebdc9e10b8bbae70173"
"signal-000179","src-6db54c01d6c3add4","group-7c194cab5d2e0f2a","test","pri","noisy","129","0.01","0","0.8869821450207382","2.8810376584529873","12.413012488543046","1.5461156321598821","signals/test/signal-000179.csv","fe0d7b18b72cd94f91c0fecf3088701959464b4a04a1dcce62db09f13daf5a4f","f2290b1dcb56f9140806c23283bb1466deda5ff531225ebdc9e10b8bbae70173"
"signal-000180","src-6db54c01d6c3add4","group-7c194cab5d2e0f2a","test","pri","sparse-jittered","65","0.03","0.25","0.5868280061986297","1.4363983038812878","16.061438149087344","0.8131482073743932","signals/test/signal-000180.csv","755d0da486db258870a0a06d29565a5225fa40341362e551345bb26641f4074d","f2290b1dcb56f9140806c23283bb1466deda5ff531225ebdc9e10b8bbae70173"
"signal-000181","src-e1fcf66c1f105d9f","group-501758915c9cd1ec","train","frequency","clean","257","0","0","0.3529119463637471","2.0912295991554855","12.146243365875772","0.9863697021116966","signals/train/signal-000181.csv","f4d62b4cf2babdb833148ade2cebec2294c3694a64ac69c7993c5283c572c34a","389c537c6287cd561a5bf2fda356793873d45d0188a029cd41f6ad1c9514c886"
"signal-000182","src-e1fcf66c1f105d9f","group-501758915c9cd1ec","train","frequency","noisy","129","0.01","0","0.8379053683020175","1.3402257097885013","19.016520301802167","1.3641506857049102","signals/train/signal-000182.csv","3e73eb03ade02c10254a267701ea6972338e2fa29eccfdb9dfd74ef31d0c8474","389c537c6287cd561a5bf2fda356793873d45d0188a029cd41f6ad1c9514c886"
"signal-000183","src-e1fcf66c1f105d9f","group-501758915c9cd1ec","train","frequency","sparse-jittered","65","0.03","0.25","0.18416041531600058","3.012283925712109","13.615545134612319","2.633525419620268","signals/train/signal-000183.csv","7e020e7bd6477d4e7b343931bc94ad2d1af3e509c2ef808cbbf1ff687301c54c","389c537c6287cd561a5bf2fda356793873d45d0188a029cd41f6ad1c9514c886"
"signal-000184","src-e1fcf66c1f105d9f","group-501758915c9cd1ec","train","pri","clean","257","0","0","0.611641030292958","1.5157826578244569","17.896156427198527","2.541274877704307","signals/train/signal-000184.csv","78662ddb16ed498228cb542737fd8803344e7df9176ad5da670ea233e47ccf37","389c537c6287cd561a5bf2fda356793873d45d0188a029cd41f6ad1c9514c886"
"signal-000185","src-e1fcf66c1f105d9f","group-501758915c9cd1ec","train","pri","noisy","129","0.01","0","0.766396181890741","2.7801686108112333","13.005242969449295","2.9391703160436986","signals/train/signal-000185.csv","d1fd9d1ab9428053dafc67e8b458e7f012a7dcb8531a14d217b61cb2dd3f7ba4","389c537c6287cd561a5bf2fda356793873d45d0188a029cd41f6ad1c9514c886"
"signal-000186","src-e1fcf66c1f105d9f","group-501758915c9cd1ec","train","pri","sparse-jittered","65","0.03","0.25","0.8986178508494049","2.252304369211197","19.560457628510022","1.3030567543982876","signals/train/signal-000186.csv","4553f197f0de65393ac5b78bfb81e9523f7e0cf7f7cd4e672608c0aa5395dc1b","389c537c6287cd561a5bf2fda356793873d45d0188a029cd41f6ad1c9514c886"
"signal-000187","src-522e0054e078ad01","group-46fbeafcc9cbc90c","train","frequency","clean","257","0","0","0.260428600711748","1.226668868586421","13.187671557769683","1.0223529708132109","signals/train/signal-000187.csv","c33638ad6dff02a891bdc3511ff8fbc3e6bc33b7163ccde86eb52de3a147c0e9","1b29b24a588f7e0450e74277224d9b9360b917c16417ce323dbe089f1503d6f9"
"signal-000188","src-522e0054e078ad01","group-46fbeafcc9cbc90c","train","frequency","noisy","129","0.01","0","0.9097049755509943","2.570106690004468","14.211555657561927","2.384217027591193","signals/train/signal-000188.csv","7e4a2d86c03536e2b7a2fcdd2a7423239c1133f3963cd70a9e78136d7162f7ba","1b29b24a588f7e0450e74277224d9b9360b917c16417ce323dbe089f1503d6f9"
"signal-000189","src-522e0054e078ad01","group-46fbeafcc9cbc90c","train","frequency","sparse-jittered","65","0.03","0.25","0.5424788312520832","0.9017536614090205","17.036647223837345","2.801483871766001","signals/train/signal-000189.csv","ea20250f80c608d72db8064dcc098c08e23c3d31cb9bfefd2fb347f45a1aa093","1b29b24a588f7e0450e74277224d9b9360b917c16417ce323dbe089f1503d6f9"
"signal-000190","src-522e0054e078ad01","group-46fbeafcc9cbc90c","train","pri","clean","257","0","0","0.7813942527864128","1.5308277487754822","13.438136252656388","2.199025691706572","signals/train/signal-000190.csv","cc76c4d1320f564b9accc1125a1a984b0b47a4dd3253966835a29e1bfa8bdeb9","1b29b24a588f7e0450e74277224d9b9360b917c16417ce323dbe089f1503d6f9"
"signal-000191","src-522e0054e078ad01","group-46fbeafcc9cbc90c","train","pri","noisy","129","0.01","0","0.7333955990616232","1.2980121985077857","16.34266690849065","1.0398991980299144","signals/train/signal-000191.csv","912c13ebd117d771ce23a6808ceada7d8fa3501a132f11d0a773c43e3429c92f","1b29b24a588f7e0450e74277224d9b9360b917c16417ce323dbe089f1503d6f9"
"signal-000192","src-522e0054e078ad01","group-46fbeafcc9cbc90c","train","pri","sparse-jittered","65","0.03","0.25","0.45682576741091907","2.1908294450491668","18.9786049991607","3.0631184706692274","signals/train/signal-000192.csv","9e13e1fabcbbdf4ead127570917ad780b990418bece9f7aeb3c09218c57bfae2","1b29b24a588f7e0450e74277224d9b9360b917c16417ce323dbe089f1503d6f9"
"signal-000193","src-dfe6b0a2aaf40bbf","group-aebb22cfffd88df2","test","frequency","clean","257","0","0","0.08749591931700706","1.6348814250901342","19.878786320877044","1.4149822362840254","signals/test/signal-000193.csv","596c4d1839cf123c7c924f378c33aba58d75d0ded2bbca21ff7957adae59bcfd","5f0824d5fcf38c359e1fc8fceb770bd3292f77da360c62ae4bc517da48c45121"
"signal-000194","src-dfe6b0a2aaf40bbf","group-aebb22cfffd88df2","test","frequency","noisy","129","0.01","0","0.5233055718708783","2.622937949746847","16.494694457937292","1.4738447631927727","signals/test/signal-000194.csv","55f1ac19f2c615d3c86feb1fc4317e53c21e85d1ae7a918830a6e0ea35e79d9b","5f0824d5fcf38c359e1fc8fceb770bd3292f77da360c62ae4bc517da48c45121"
"signal-000195","src-dfe6b0a2aaf40bbf","group-aebb22cfffd88df2","test","frequency","sparse-jittered","65","0.03","0.25","0.8769599951338023","1.2845037143677474","17.992250945747053","1.5282685047733047","signals/test/signal-000195.csv","4a9839a616ce0ef5a593ae7d3da5cbdeba21385bef3421a521e49b75d228ff18","5f0824d5fcf38c359e1fc8fceb770bd3292f77da360c62ae4bc517da48c45121"
"signal-000196","src-dfe6b0a2aaf40bbf","group-aebb22cfffd88df2","test","pri","clean","257","0","0","0.5272652530111372","2.769697050563991","17.290158479332163","2.6087406117052474","signals/test/signal-000196.csv","fe9354b4909b81b53b5eef1f834f295d5adb06e3ed89762664a26da7f3098db7","5f0824d5fcf38c359e1fc8fceb770bd3292f77da360c62ae4bc517da48c45121"
"signal-000197","src-dfe6b0a2aaf40bbf","group-aebb22cfffd88df2","test","pri","noisy","129","0.01","0","0.857255716342479","1.5756185321137308","10.850399354334161","1.6423212182669484","signals/test/signal-000197.csv","04077c188234309da7216b4f3e4737d96dc4be316d5cb3f49953befe7b5f5c54","5f0824d5fcf38c359e1fc8fceb770bd3292f77da360c62ae4bc517da48c45121"
"signal-000198","src-dfe6b0a2aaf40bbf","group-aebb22cfffd88df2","test","pri","sparse-jittered","65","0.03","0.25","0.9858780030626804","2.1025249160826207","10.975472689860894","3.143125921098905","signals/test/signal-000198.csv","a35a7432f7f7f07c3f99ffb9b658784be12151d54b90276b5969acdc6a29852e","5f0824d5fcf38c359e1fc8fceb770bd3292f77da360c62ae4bc517da48c45121"
"signal-000199","src-4ec9a86b21f924a5","group-b50a77c4e6e91443","train","frequency","clean","257","0","0","0.3681529969908297","2.3908235205337407","12.029498163610697","1.342036679410377","signals/train/signal-000199.csv","ee3c337ec931a7ce60b3d0b916df5dcb33266e959d22aa3ca27d1f72a7d4cf96","78788656987abafc93b41986af252085c6355a7d7bb800170d0fec3fb65ea9f2"
"signal-000200","src-4ec9a86b21f924a5","group-b50a77c4e6e91443","train","frequency","noisy","129","0.01","0","0.02190237189643085","2.9363838803023103","17.26835612551696","1.8169612922297098","signals/train/signal-000200.csv","6815713787fd99cd28473613aa9edba40ea6483906b432f45fd1aec71dea7f70","78788656987abafc93b41986af252085c6355a7d7bb800170d0fec3fb65ea9f2"
"signal-000201","src-4ec9a86b21f924a5","group-b50a77c4e6e91443","train","frequency","sparse-jittered","65","0.03","0.25","0.40001413924619555","1.045787281356752","15.20250769347793","1.7852711557514187","signals/train/signal-000201.csv","22d88ddfa9d005a3ea9b9be2763e6ac0a79899a252dd90615f263906b4682851","78788656987abafc93b41986af252085c6355a7d7bb800170d0fec3fb65ea9f2"
"signal-000202","src-4ec9a86b21f924a5","group-b50a77c4e6e91443","train","pri","clean","257","0","0","0.8174885998014361","1.6022042676806452","16.771767751779407","2.7878733796533197","signals/train/signal-000202.csv","7273d20315ed7d66439c7aca9d974ff04ea6d0c11834dccb7eee391451f73ac4","78788656987abafc93b41986af252085c6355a7d7bb800170d0fec3fb65ea9f2"
"signal-000203","src-4ec9a86b21f924a5","group-b50a77c4e6e91443","train","pri","noisy","129","0.01","0","0.4664585664868355","1.8745134742930532","12.943752778073005","2.5634704862261604","signals/train/signal-000203.csv","7a082b0c366e65208f2eab4e25cdb7b2d9072ebbdf300864fd6e924de34875fc","78788656987abafc93b41986af252085c6355a7d7bb800170d0fec3fb65ea9f2"
"signal-000204","src-4ec9a86b21f924a5","group-b50a77c4e6e91443","train","pri","sparse-jittered","65","0.03","0.25","0.37833225657232106","1.1471974037587642","17.24630880329228","1.999084909359766","signals/train/signal-000204.csv","3c3bf7b167785e70dc1b01e0e2174dbdd41ee4be77683cbf14274c494902f33b","78788656987abafc93b41986af252085c6355a7d7bb800170d0fec3fb65ea9f2"
"signal-000205","src-eb16a39662dc16f3","group-9831cbb0e982dd5e","train","frequency","clean","257","0","0","0.25259640347212553","1.1792797634378076","15.061662329602827","2.8308075952565055","signals/train/signal-000205.csv","217f40423cd5ae68eb7d8af107fd7d04ae785cf707df186f2df78aefa97301d4","ec6341b515de89c7df0077226dbbe99681d46c06136547b787ab3f01d4872bf6"
"signal-000206","src-eb16a39662dc16f3","group-9831cbb0e982dd5e","train","frequency","noisy","129","0.01","0","0.10521697392687201","1.1931575944647193","15.053848023553673","1.4557950962239232","signals/train/signal-000206.csv","65b516518fcd5cad93480412e0adcad5d29563afa405af9fcfee31dcb26b4aea","ec6341b515de89c7df0077226dbbe99681d46c06136547b787ab3f01d4872bf6"
"signal-000207","src-eb16a39662dc16f3","group-9831cbb0e982dd5e","train","frequency","sparse-jittered","65","0.03","0.25","0.5477211526595056","3.113431485556066","14.640665791719744","1.9480540760437144","signals/train/signal-000207.csv","e59dc7e3b1936fb00936cfa4b0b59597a23be7b0c1688690b5097cb04984fda4","ec6341b515de89c7df0077226dbbe99681d46c06136547b787ab3f01d4872bf6"
"signal-000208","src-eb16a39662dc16f3","group-9831cbb0e982dd5e","train","pri","clean","257","0","0","0.8575942167080939","1.1154843194410204","10.43075207579961","1.0117208588194888","signals/train/signal-000208.csv","6649a3ac54ef4f3419f1d66b0999ed3530815e9e5b3d4c7fdc00e469c404d538","ec6341b515de89c7df0077226dbbe99681d46c06136547b787ab3f01d4872bf6"
"signal-000209","src-eb16a39662dc16f3","group-9831cbb0e982dd5e","train","pri","noisy","129","0.01","0","0.22733335080556571","2.6138273295015093","19.601408399309136","2.9535786417177867","signals/train/signal-000209.csv","0aa181e4e92494d751d1170780216ef7487fac4ab83287dfc9a31a8dd253e142","ec6341b515de89c7df0077226dbbe99681d46c06136547b787ab3f01d4872bf6"
"signal-000210","src-eb16a39662dc16f3","group-9831cbb0e982dd5e","train","pri","sparse-jittered","65","0.03","0.25","0.3419720658566803","2.153142202273011","18.371148910617418","2.9388338716057447","signals/train/signal-000210.csv","62bdf7901c422486e70be811aff57b98c40ba9a1808e16cd64a3f2e34a765d3e","ec6341b515de89c7df0077226dbbe99681d46c06136547b787ab3f01d4872bf6"
"signal-000211","src-2fc86ed177d52142","group-94d8475f38dc7154","train","frequency","clean","257","0","0","0.042723580030724406","1.097100931033492","12.057465242687613","1.779565795231612","signals/train/signal-000211.csv","7194fe38d9bd840bde82557ed770445e7670011cd57bf584e1a667276492f98c","86163ac3b1f2c02fb86dd1426dc98f834463c000773bf4129df11f30f873ae76"
"signal-000212","src-2fc86ed177d52142","group-94d8475f38dc7154","train","frequency","noisy","129","0.01","0","0.9596255437936634","2.349678251519799","18.15435631197032","3.1130065794575117","signals/train/signal-000212.csv","2f812689a0addc16e80b722cdeeaba1aaf25e3a74f9ae0839ea22e02916b12cf","86163ac3b1f2c02fb86dd1426dc98f834463c000773bf4129df11f30f873ae76"
"signal-000213","src-2fc86ed177d52142","group-94d8475f38dc7154","train","frequency","sparse-jittered","65","0.03","0.25","0.4939538899343461","1.2188950892537833","17.999391913647642","2.6531025624693214","signals/train/signal-000213.csv","427eb879a4e7f7d962e0886ef82db072364e02d3f009c8c8924d324d9ef65d81","86163ac3b1f2c02fb86dd1426dc98f834463c000773bf4129df11f30f873ae76"
"signal-000214","src-2fc86ed177d52142","group-94d8475f38dc7154","train","pri","clean","257","0","0","0.4126428624149412","1.9321877378970385","14.00410917820409","1.2038218747824416","signals/train/signal-000214.csv","15e964c5354537b3e261df8e1c411b5326d772aab1fa4617e31c8dfc7fa2f060","86163ac3b1f2c02fb86dd1426dc98f834463c000773bf4129df11f30f873ae76"
"signal-000215","src-2fc86ed177d52142","group-94d8475f38dc7154","train","pri","noisy","129","0.01","0","0.9421439049765468","1.3062442192807793","19.695628716737467","2.165336581165384","signals/train/signal-000215.csv","997c11473d7fc3ddc67688730d1204f83fbb50fc5c0ee9d77d2709f538e02fc8","86163ac3b1f2c02fb86dd1426dc98f834463c000773bf4129df11f30f873ae76"
"signal-000216","src-2fc86ed177d52142","group-94d8475f38dc7154","train","pri","sparse-jittered","65","0.03","0.25","0.11909503722563386","3.087481115572155","15.2943657249641","0.8354385619088447","signals/train/signal-000216.csv","8c2c28776ac8d4b6866f7aab1800786d7f1bbf866d67541b198f8806c813cce8","86163ac3b1f2c02fb86dd1426dc98f834463c000773bf4129df11f30f873ae76"
"signal-000217","src-0ded0347bfe4a8aa","group-5803e06137ba0852","train","frequency","clean","257","0","0","0.8160684662871063","2.598022702895105","16.27541503868997","2.442929685045966","signals/train/signal-000217.csv","55e9b983a1b3a65e9fc7870bb6bef616d06c04e810673e27f9c0169d97082a58","4a68d3638158f5502ca4c6505b12add7036e90f4bbb75738d94be00378322eea"
"signal-000218","src-0ded0347bfe4a8aa","group-5803e06137ba0852","train","frequency","noisy","129","0.01","0","0.6806822188664228","2.999219401925802","14.350183736068814","3.0326897650503657","signals/train/signal-000218.csv","52ca9656a363d88b525fde323787bfab744b4895e452ed036c9b636725fad688","4a68d3638158f5502ca4c6505b12add7036e90f4bbb75738d94be00378322eea"
"signal-000219","src-0ded0347bfe4a8aa","group-5803e06137ba0852","train","frequency","sparse-jittered","65","0.03","0.25","0.6233946203719825","1.855469937250018","16.099104131766193","1.6031133797205328","signals/train/signal-000219.csv","3e5dac1a97916a691562df5beab36f402efef040d58cd8d57c1a5fd0252db7f3","4a68d3638158f5502ca4c6505b12add7036e90f4bbb75738d94be00378322eea"
"signal-000220","src-0ded0347bfe4a8aa","group-5803e06137ba0852","train","pri","clean","257","0","0","0.6010263366624713","1.4398415992036462","17.101989933289587","1.195509373187086","signals/train/signal-000220.csv","b386e81ee58148619832fa2f6e2a7f31324c06deb527c81f33296f4d61b7f5cd","4a68d3638158f5502ca4c6505b12add7036e90f4bbb75738d94be00378322eea"
"signal-000221","src-0ded0347bfe4a8aa","group-5803e06137ba0852","train","pri","noisy","129","0.01","0","0.543632407207042","3.005538633279502","11.502107233613938","0.9217042049261597","signals/train/signal-000221.csv","08bd58859301199c67c14cd62b5ac7e2eb37cf19ed364efd179007a762c8a489","4a68d3638158f5502ca4c6505b12add7036e90f4bbb75738d94be00378322eea"
"signal-000222","src-0ded0347bfe4a8aa","group-5803e06137ba0852","train","pri","sparse-jittered","65","0.03","0.25","0.07162164989858866","1.825429149903357","17.59420809887568","1.7414580671606856","signals/train/signal-000222.csv","8d6a5c492d7c1aeef25161195a0a57cd07bd1ec8826be85c8ef0b1bd5d828ffe","4a68d3638158f5502ca4c6505b12add7036e90f4bbb75738d94be00378322eea"
"signal-000223","src-a2759fcb49df883e","group-4dd31b3145b8243b","train","frequency","clean","257","0","0","0.5238078967668116","1.3961546136066318","15.103855523099945","2.2574448391159745","signals/train/signal-000223.csv","87962db087b2dccb7fa571b7ba2e3cb38f11b187f323829a74c12064e03b637a","b9f90a340d4abe9bff2472c860fdb435225dd002eb6e5f96b03431ecc6d58870"
"signal-000224","src-a2759fcb49df883e","group-4dd31b3145b8243b","train","frequency","noisy","129","0.01","0","0.48520344751887023","0.9326411869376898","18.080509290433355","2.9617111823436026","signals/train/signal-000224.csv","0d084855dc4240eea817175b3b7ba961208f6e413c84687261f32b85c85cdb51","b9f90a340d4abe9bff2472c860fdb435225dd002eb6e5f96b03431ecc6d58870"
"signal-000225","src-a2759fcb49df883e","group-4dd31b3145b8243b","train","frequency","sparse-jittered","65","0.03","0.25","0.7597951877396554","1.3580966409295798","13.24412385115981","1.9302485344035158","signals/train/signal-000225.csv","0d83396154de7d1ad4a708e07b199d8d793b9d6aefbca768fed65b41a87675ab","b9f90a340d4abe9bff2472c860fdb435225dd002eb6e5f96b03431ecc6d58870"
"signal-000226","src-a2759fcb49df883e","group-4dd31b3145b8243b","train","pri","clean","257","0","0","0.5901010846719146","2.457670245505869","18.883600733412017","1.080197562013879","signals/train/signal-000226.csv","7f57d0c6fb722fdbb6ba7de28e2fffd7a9935ff3f0d61d9769101fcfdbcb7cc0","b9f90a340d4abe9bff2472c860fdb435225dd002eb6e5f96b03431ecc6d58870"
"signal-000227","src-a2759fcb49df883e","group-4dd31b3145b8243b","train","pri","noisy","129","0.01","0","0.8664892001543194","1.9245369881391525","12.066470981502295","0.9222472578967729","signals/train/signal-000227.csv","d910950bce28ef502e18198357a70c8f6811d74d7453a8b333ad0123ea5e9de8","b9f90a340d4abe9bff2472c860fdb435225dd002eb6e5f96b03431ecc6d58870"
"signal-000228","src-a2759fcb49df883e","group-4dd31b3145b8243b","train","pri","sparse-jittered","65","0.03","0.25","0.3952662153169513","2.2894724318757653","19.421717225141023","2.062913225240873","signals/train/signal-000228.csv","82aa536545e61149d05ff29270545ce34696edef455944213a71837f96a5a5ad","b9f90a340d4abe9bff2472c860fdb435225dd002eb6e5f96b03431ecc6d58870"
"signal-000229","src-b0449a7debcf62f7","group-84341c232b985ef4","train","frequency","clean","257","0","0","0.6112481460440904","2.5661920361220836","14.022943768158418","1.4223160620997888","signals/train/signal-000229.csv","99f8287cf7d88f9980d5a2ea29b352ba2b00397aaa8cdce3c674df57dacef1d3","e10320194cd73901f3887599596764200676bf9de81155dfd028cf0edc05348b"
"signal-000230","src-b0449a7debcf62f7","group-84341c232b985ef4","train","frequency","noisy","129","0.01","0","0.5948675558902323","1.1976148201152683","18.23081515557523","1.5453690144138754","signals/train/signal-000230.csv","3082cdf4f38b05fdee1522372f92e4bdd012d76dc5b15aed99d13c33e2dcce74","e10320194cd73901f3887599596764200676bf9de81155dfd028cf0edc05348b"
"signal-000231","src-b0449a7debcf62f7","group-84341c232b985ef4","train","frequency","sparse-jittered","65","0.03","0.25","0.1994686673860997","1.5263478484004738","12.988560542643595","0.8226031490276426","signals/train/signal-000231.csv","d207585f4ad129d1f5e5d5d060fedf328e9401f50d281864f8693f77ce26db61","e10320194cd73901f3887599596764200676bf9de81155dfd028cf0edc05348b"
"signal-000232","src-b0449a7debcf62f7","group-84341c232b985ef4","train","pri","clean","257","0","0","0.8010824115481228","2.7400066290050744","18.752947486485475","1.8769367340295027","signals/train/signal-000232.csv","2828555a63741923940ae3f38061d687dfade5b9bb2d7c0c388884819f31608a","e10320194cd73901f3887599596764200676bf9de81155dfd028cf0edc05348b"
"signal-000233","src-b0449a7debcf62f7","group-84341c232b985ef4","train","pri","noisy","129","0.01","0","0.8751330564264208","0.9668196365237236","13.422808466336747","1.1627911774200097","signals/train/signal-000233.csv","d4e22772540abce84dee41210aabf8715f1fbd2be50f7a6e801374b95a0bc03f","e10320194cd73901f3887599596764200676bf9de81155dfd028cf0edc05348b"
"signal-000234","src-b0449a7debcf62f7","group-84341c232b985ef4","train","pri","sparse-jittered","65","0.03","0.25","0.1475604611914605","2.2266961630433797","13.326456760079266","0.7744776538579003","signals/train/signal-000234.csv","77002c0b07c9e4cac65b78fbd9db9076589d66e1fd7a69aba14a9ed3d78aebaa","e10320194cd73901f3887599596764200676bf9de81155dfd028cf0edc05348b"
"signal-000235","src-30871613702f8843","group-288544e7201136fd","train","frequency","clean","257","0","0","0.33809413854032755","2.7497914040461184","11.265482188192628","1.0363714368918924","signals/train/signal-000235.csv","0d471d865211ff7b280831c602d9cbe9033540d53005e5314b43363cbdfe3de7","9fe0607910b00b99f9b955af1cb9542320550378647425ee84f59c82fe8e7a95"
"signal-000236","src-30871613702f8843","group-288544e7201136fd","train","frequency","noisy","129","0.01","0","0.5499760559760034","2.4587165674194695","15.69980575874214","2.7262203666102067","signals/train/signal-000236.csv","5d4be89c6f2aa54243254f2e3637d809d48803bf42d9923dabef92099514946d","9fe0607910b00b99f9b955af1cb9542320550378647425ee84f59c82fe8e7a95"
"signal-000237","src-30871613702f8843","group-288544e7201136fd","train","frequency","sparse-jittered","65","0.03","0.25","0.5196154883597046","2.4011882126331328","16.60151465289652","1.805099012988446","signals/train/signal-000237.csv","6b453b72d192f9977ad1b9f02f96556cf5ba546d90f13a56bde0cd568892bf5f","9fe0607910b00b99f9b955af1cb9542320550378647425ee84f59c82fe8e7a95"
"signal-000238","src-30871613702f8843","group-288544e7201136fd","train","pri","clean","257","0","0","0.018404530128464103","1.835019812360406","13.833148868087928","1.8849628933495293","signals/train/signal-000238.csv","5b6aeaed0c063e18234225c70fa972cd95030701a379c3521a772832b3b9a753","9fe0607910b00b99f9b955af1cb9542320550378647425ee84f59c82fe8e7a95"
"signal-000239","src-30871613702f8843","group-288544e7201136fd","train","pri","noisy","129","0.01","0","0.5397225895430893","0.8747035745531321","10.58197236733128","2.0188335461615203","signals/train/signal-000239.csv","aa58b2cb263701afe19175cf3410b1fc98a8da97935077a2d78a78ff4eb9d92d","9fe0607910b00b99f9b955af1cb9542320550378647425ee84f59c82fe8e7a95"
"signal-000240","src-30871613702f8843","group-288544e7201136fd","train","pri","sparse-jittered","65","0.03","0.25","0.5017003363464028","2.472946548461914","18.038138430783228","1.9220557242609964","signals/train/signal-000240.csv","e32bf1e6e3a7dff0f16621c36ff413ea87d9bf193b7ced5c68ea85b055e7f6f4","9fe0607910b00b99f9b955af1cb9542320550378647425ee84f59c82fe8e7a95"
"signal-000241","src-578eb0190257f259","group-af73c701467a6882","train","frequency","clean","257","0","0","0.8551742304116488","2.9300755934789775","16.015828042291105","2.6625380958197624","signals/train/signal-000241.csv","c8ac4eee103a57db5a34222d04a01dcf5794a8ef150f377ca74a7b869ddc5998","aebcf7221211163e06fdda6f01dd445cf4c049e09094e7caa9fae2dd66506d7f"
"signal-000242","src-578eb0190257f259","group-af73c701467a6882","train","frequency","noisy","129","0.01","0","0.7483373514842242","1.7687383752316237","17.545118286063534","2.045592759926457","signals/train/signal-000242.csv","122cb6dc5bb4389e5dda132095ad247a22875aa605703013a11ff62b1cfed03b","aebcf7221211163e06fdda6f01dd445cf4c049e09094e7caa9fae2dd66506d7f"
"signal-000243","src-578eb0190257f259","group-af73c701467a6882","train","frequency","sparse-jittered","65","0.03","0.25","0.7781849994789809","3.1301290642470123","11.013753604611633","1.6665167571025066","signals/train/signal-000243.csv","225816d0f4d0b52f97e4ec9044d4aa58b64e168553cebd553e27e2489c7a09bb","aebcf7221211163e06fdda6f01dd445cf4c049e09094e7caa9fae2dd66506d7f"
"signal-000244","src-578eb0190257f259","group-af73c701467a6882","train","pri","clean","257","0","0","0.7633923627436161","1.3193841399624944","11.883892524056137","2.669785381923429","signals/train/signal-000244.csv","0d131b028da12a7524365ac97f8c93ada1c7a430c443f210725a4a560cec96cb","aebcf7221211163e06fdda6f01dd445cf4c049e09094e7caa9fae2dd66506d7f"
"signal-000245","src-578eb0190257f259","group-af73c701467a6882","train","pri","noisy","129","0.01","0","0.5376491225324571","1.13907014336437","10.420157975942468","2.7235447684065335","signals/train/signal-000245.csv","7363f7755c393650bc87fa63305e1b659e279faf53951c31d5ecfc7c2c81112a","aebcf7221211163e06fdda6f01dd445cf4c049e09094e7caa9fae2dd66506d7f"
"signal-000246","src-578eb0190257f259","group-af73c701467a6882","train","pri","sparse-jittered","65","0.03","0.25","0.20626315474510193","1.2914518566802144","16.963668561267248","2.7649864066244856","signals/train/signal-000246.csv","bebba873e2f680310bdf3f2f72f9eb29bd3a752cfcbdad13cd27bbbc48ab686b","aebcf7221211163e06fdda6f01dd445cf4c049e09094e7caa9fae2dd66506d7f"
"signal-000247","src-472add5c6458de4c","group-4ad3bc0cd4179427","calibration","frequency","clean","257","0","0","0.822719506919384","2.020130351372063","11.83200381945962","2.3426981794249286","signals/calibration/signal-000247.csv","3c5f96c3b79d8ad185e4d849095458bab35ef3a06a3a8836875b128b20885b38","45bd927842863c57f66fb1cc18cc2fb6415ef8069c34bb11fba3a48aecf066b7"
"signal-000248","src-472add5c6458de4c","group-4ad3bc0cd4179427","calibration","frequency","noisy","129","0.01","0","0.3109691427089274","2.682818038575351","16.085969124001267","2.7608993836881126","signals/calibration/signal-000248.csv","b0db880ea0abceed01ee17bf50dbda4c0aec910815705bd1e09ec537bd72e6db","45bd927842863c57f66fb1cc18cc2fb6415ef8069c34bb11fba3a48aecf066b7"
"signal-000249","src-472add5c6458de4c","group-4ad3bc0cd4179427","calibration","frequency","sparse-jittered","65","0.03","0.25","0.6849664668552577","1.5505048817023637","14.6104225633184","2.6730898957717315","signals/calibration/signal-000249.csv","84109c0b42cf0964bb87f9f4b08e0afbd0361ca389830ed3e244c5564ebffff0","45bd927842863c57f66fb1cc18cc2fb6415ef8069c34bb11fba3a48aecf066b7"
"signal-000250","src-472add5c6458de4c","group-4ad3bc0cd4179427","calibration","pri","clean","257","0","0","0.8211270601022989","2.0737860076129437","11.753687290297556","2.892150823492612","signals/calibration/signal-000250.csv","b619a8b55aaaa4afaaaf16be230e80a754b7b9a3129fe60a27919a59ada92efe","45bd927842863c57f66fb1cc18cc2fb6415ef8069c34bb11fba3a48aecf066b7"
"signal-000251","src-472add5c6458de4c","group-4ad3bc0cd4179427","calibration","pri","noisy","129","0.01","0","0.2958702156320214","0.9998764181509614","19.424547391614258","1.8279824237280948","signals/calibration/signal-000251.csv","98bc7c996f56972d4cfc707bd59c9dc215129901aec5d143c34f21390b8e23e3","45bd927842863c57f66fb1cc18cc2fb6415ef8069c34bb11fba3a48aecf066b7"
"signal-000252","src-472add5c6458de4c","group-4ad3bc0cd4179427","calibration","pri","sparse-jittered","65","0.03","0.25","0.0412203639280051","1.2358658861368894","19.368386217589403","2.136656402913875","signals/calibration/signal-000252.csv","9b17725f67ca3c2ef698293992c36d6e49f20673878a0b0371cc0f7122fcee2d","45bd927842863c57f66fb1cc18cc2fb6415ef8069c34bb11fba3a48aecf066b7"
"signal-000253","src-9cb1fbeaf3b11caa","group-d842f831b1547d25","train","frequency","clean","257","0","0","0.5870142544154078","3.1107257708907126","19.084878696673606","2.971080324581294","signals/train/signal-000253.csv","457890993fc224862ef7edebccff3bb21bb5da23fd526aec3793465ceee90f91","e8589cbd4ae7d8943826d8e5a87bb4ab9ced8cfb909624544853836e61407904"
"signal-000254","src-9cb1fbeaf3b11caa","group-d842f831b1547d25","train","frequency","noisy","129","0.01","0","0.4118014902342111","1.8620082966983318","13.030082120872695","1.7807869152564422","signals/train/signal-000254.csv","9a86f38d4623983d59ab3dbc4d729317090fea9abedd2430dc9953d8622f705d","e8589cbd4ae7d8943826d8e5a87bb4ab9ced8cfb909624544853836e61407904"
"signal-000255","src-9cb1fbeaf3b11caa","group-d842f831b1547d25","train","frequency","sparse-jittered","65","0.03","0.25","0.5057272780686617","2.166445823200047","15.842955084861337","0.83530997819779","signals/train/signal-000255.csv","3c3a3d93ad35f232b1668223d096e2f772ce2c6ae8c642b911d75dec98759393","e8589cbd4ae7d8943826d8e5a87bb4ab9ced8cfb909624544853836e61407904"
"signal-000256","src-9cb1fbeaf3b11caa","group-d842f831b1547d25","train","pri","clean","257","0","0","0.3538906204048544","1.5356085672974586","10.904348960001906","1.8748128227738938","signals/train/signal-000256.csv","379b180541d2363c25937434614f0fc43e7299370db054a3cfab6d06d1f4137d","e8589cbd4ae7d8943826d8e5a87bb4ab9ced8cfb909624544853836e61407904"
"signal-000257","src-9cb1fbeaf3b11caa","group-d842f831b1547d25","train","pri","noisy","129","0.01","0","0.552414245205","2.810323580354452","13.432395748451214","0.731289903564873","signals/train/signal-000257.csv","520d196e3ff4694b7fe1ef5192ec68c24fc910ff062af7a26af8919f824ce237","e8589cbd4ae7d8943826d8e5a87bb4ab9ced8cfb909624544853836e61407904"
"signal-000258","src-9cb1fbeaf3b11caa","group-d842f831b1547d25","train","pri","sparse-jittered","65","0.03","0.25","0.8813018067739904","2.752654766105115","10.165235055840858","0.9809943930563243","signals/train/signal-000258.csv","eda489956d5524848c8a2107567733c44bface13396d6f51c15b21f901b7e427","e8589cbd4ae7d8943826d8e5a87bb4ab9ced8cfb909624544853836e61407904"
"signal-000259","src-9f592a9a551296ba","group-13bf81d1ac6fc9b0","test","frequency","clean","257","0","0","0.32700563222169876","2.7717874916270375","15.587767501541812","2.3333072632562875","signals/test/signal-000259.csv","74cd9220de580f403c5510467a1df1d3c3d2c06edaf3c4cfc7cf575455b1eb3e","8f5049281f989b3f852cf84ea9663116749664620cd99a48f97a21aab7bf9f7e"
"signal-000260","src-9f592a9a551296ba","group-13bf81d1ac6fc9b0","test","frequency","noisy","129","0.01","0","0.5238453126512468","2.2332283874973653","17.687555277063627","1.4932942875832822","signals/test/signal-000260.csv","aa3961ed95c68f5a38571047be33a45ea9650f61368c2d47a38de484b7afdac5","8f5049281f989b3f852cf84ea9663116749664620cd99a48f97a21aab7bf9f7e"
"signal-000261","src-9f592a9a551296ba","group-13bf81d1ac6fc9b0","test","frequency","sparse-jittered","65","0.03","0.25","0.39986747154034674","3.0893044337630275","10.945996648765437","1.5671880038076829","signals/test/signal-000261.csv","d3779a0f85dce36aac4c71a47ddc6dddf5abbdde83ec07374ee476fd975b071f","8f5049281f989b3f852cf84ea9663116749664620cd99a48f97a21aab7bf9f7e"
"signal-000262","src-9f592a9a551296ba","group-13bf81d1ac6fc9b0","test","pri","clean","257","0","0","0.6549653683323413","2.1802901305258273","13.316988127049207","2.6472049940073674","signals/test/signal-000262.csv","cc7ce0ace26bece2f798ebbe5c99b28880c38fe01f0d4ed40736c61cf5c2aeda","8f5049281f989b3f852cf84ea9663116749664620cd99a48f97a21aab7bf9f7e"
"signal-000263","src-9f592a9a551296ba","group-13bf81d1ac6fc9b0","test","pri","noisy","129","0.01","0","0.3472500832285732","2.7771703157573935","18.28754899271513","1.9675977880155493","signals/test/signal-000263.csv","aee77479ea7eff96a73bf560d0ef4e595cef7fda16ec34674e90ff126ee522a4","8f5049281f989b3f852cf84ea9663116749664620cd99a48f97a21aab7bf9f7e"
"signal-000264","src-9f592a9a551296ba","group-13bf81d1ac6fc9b0","test","pri","sparse-jittered","65","0.03","0.25","0.7244231244549155","2.3250879207625985","11.409424927176838","0.7946011194471474","signals/test/signal-000264.csv","f328a3efe678bb276f512839207eba0d55887f8ed9981fb9d013cea51680c0fa","8f5049281f989b3f852cf84ea9663116749664620cd99a48f97a21aab7bf9f7e"
"signal-000265","src-570efe4e075e575d","group-204f8a7cc9e70146","validation","frequency","clean","257","0","0","0.601545043522492","1.1175045028328896","11.45479437493897","2.3993720172670248","signals/validation/signal-000265.csv","6095563b24f494693423ef99c99f02105d0f93c2a0db77ad321b1b031d97cfe4","996972800445a5bd5a804493863617f4a1b24ca60c070391a01995185d4c58d3"
"signal-000266","src-570efe4e075e575d","group-204f8a7cc9e70146","validation","frequency","noisy","129","0.01","0","0.09401681716553867","2.7467394184321163","14.155997800839476","2.281861428349343","signals/validation/signal-000266.csv","873a09f61752c5878a78c00cd532f2061916c3379c0f604d062d340412930fe7","996972800445a5bd5a804493863617f4a1b24ca60c070391a01995185d4c58d3"
"signal-000267","src-570efe4e075e575d","group-204f8a7cc9e70146","validation","frequency","sparse-jittered","65","0.03","0.25","0.3330387710593641","2.14201149251312","11.03284861868709","0.9895336036244959","signals/validation/signal-000267.csv","fe905336755badc8c7dd8c5d9b9d8bbb5e7ea52d0ddfafd4e5dc2e3ad90ce5f1","996972800445a5bd5a804493863617f4a1b24ca60c070391a01995185d4c58d3"
"signal-000268","src-570efe4e075e575d","group-204f8a7cc9e70146","validation","pri","clean","257","0","0","0.3096768008545041","1.3319404477253558","16.417977826212393","2.201104064405225","signals/validation/signal-000268.csv","830579627bd62c7a82dca6b30ea0d25bc5f508ed63ae84c81b79bb77afdd11c3","996972800445a5bd5a804493863617f4a1b24ca60c070391a01995185d4c58d3"
"signal-000269","src-570efe4e075e575d","group-204f8a7cc9e70146","validation","pri","noisy","129","0.01","0","0.22654240322299302","2.6177259303629397","18.424728093440947","2.193290962993199","signals/validation/signal-000269.csv","20c2d28e507443d9b214495b71eb4ec6cf84b0a625035d3225bb34b39c07cd41","996972800445a5bd5a804493863617f4a1b24ca60c070391a01995185d4c58d3"
"signal-000270","src-570efe4e075e575d","group-204f8a7cc9e70146","validation","pri","sparse-jittered","65","0.03","0.25","0.800996117061004","2.848830978944898","12.324447824805993","1.435029920729166","signals/validation/signal-000270.csv","1dd7422d4492ca14103c904d1a467244e8c32860275557f594bc21b9529dc801","996972800445a5bd5a804493863617f4a1b24ca60c070391a01995185d4c58d3"
"signal-000271","src-223137c6ee4a33af","group-f0cc99a28b06411e","train","frequency","clean","257","0","0","0.13550877827219665","2.585553279146552","14.327227294684521","0.783821120517814","signals/train/signal-000271.csv","e22f1e0d18449b21cdef03728cdbce51add1c6f50fc3ae6e263ee0d7ee90d513","79acbe28fb8f23434feabde04a12c23f4035bd64b6f8e94b35cc519eaf083bfa"
"signal-000272","src-223137c6ee4a33af","group-f0cc99a28b06411e","train","frequency","noisy","129","0.01","0","0.4117684985976666","0.9705952312797308","19.157824575909714","1.6842586996846656","signals/train/signal-000272.csv","84f81947a4f938efea3394ed7d33a3d430c2b8ffb8804a7739959ca26aa00f97","79acbe28fb8f23434feabde04a12c23f4035bd64b6f8e94b35cc519eaf083bfa"
"signal-000273","src-223137c6ee4a33af","group-f0cc99a28b06411e","train","frequency","sparse-jittered","65","0.03","0.25","0.9567900337278843","1.4641966046765447","11.757731611524624","0.8107979287370668","signals/train/signal-000273.csv","62e1cfced0fb3d659d95094284de4785e79367926b60fbb1178a8e7e90412100","79acbe28fb8f23434feabde04a12c23f4035bd64b6f8e94b35cc519eaf083bfa"
"signal-000274","src-223137c6ee4a33af","group-f0cc99a28b06411e","train","pri","clean","257","0","0","0.5943965241312981","1.1090753586962818","10.949988361700733","0.8711957073379928","signals/train/signal-000274.csv","f76add0dd97a570ba39367bd2f1e0edabf3f0fb08a3a02872e3a069f225ad868","79acbe28fb8f23434feabde04a12c23f4035bd64b6f8e94b35cc519eaf083bfa"
"signal-000275","src-223137c6ee4a33af","group-f0cc99a28b06411e","train","pri","noisy","129","0.01","0","0.2733578607439995","2.860351708717644","14.569138699474728","1.5333835707483345","signals/train/signal-000275.csv","21dc5bab689a8873eb23fffc7c90099c4055d4442ebe39cf08ad3029e2add3cb","79acbe28fb8f23434feabde04a12c23f4035bd64b6f8e94b35cc519eaf083bfa"
"signal-000276","src-223137c6ee4a33af","group-f0cc99a28b06411e","train","pri","sparse-jittered","65","0.03","0.25","0.6324828793294728","1.035615229420364","16.730668020666055","2.4609427469566203","signals/train/signal-000276.csv","9344e72c541b4e69cf0057c35775c68f7a33dc0dd61ae783dd1e9d7a26299c0d","79acbe28fb8f23434feabde04a12c23f4035bd64b6f8e94b35cc519eaf083bfa"
"signal-000277","src-6a9fb6cc6fc7b0c9","group-3c0a2551e2f07d92","train","frequency","clean","257","0","0","0.11833780189044774","2.8118328772485253","11.194021820556372","1.0522545045707368","signals/train/signal-000277.csv","68280702bdeada1669c48c685270cc07d2115e9cc7ffb148a7038e1b0656722e","fa31f4407eb46aaac83c5dd4111b3111e8833106a13dd3031ac548fd390d0eee"
"signal-000278","src-6a9fb6cc6fc7b0c9","group-3c0a2551e2f07d92","train","frequency","noisy","129","0.01","0","0.10507349227555096","1.329529242962599","13.45950744801545","1.1639974578688541","signals/train/signal-000278.csv","d1340547250da2b8980801e6b8157ba7f31f4afecfbd5edb8d5d99f29a5d83fb","fa31f4407eb46aaac83c5dd4111b3111e8833106a13dd3031ac548fd390d0eee"
"signal-000279","src-6a9fb6cc6fc7b0c9","group-3c0a2551e2f07d92","train","frequency","sparse-jittered","65","0.03","0.25","0.5376891016494483","1.8177278947085143","15.360072080204912","1.2057580721791918","signals/train/signal-000279.csv","bc9994ef458f77b7edab4546c307f8d234a6677dd87adccfe1c73242a8324803","fa31f4407eb46aaac83c5dd4111b3111e8833106a13dd3031ac548fd390d0eee"
"signal-000280","src-6a9fb6cc6fc7b0c9","group-3c0a2551e2f07d92","train","pri","clean","257","0","0","0.7690920871682465","2.924977198056877","15.988161489367485","2.278666902543044","signals/train/signal-000280.csv","3163fa13ea6b8f7756210fd2818fd80f500a543d430fef5deb531b9c1e0ef520","fa31f4407eb46aaac83c5dd4111b3111e8833106a13dd3031ac548fd390d0eee"
"signal-000281","src-6a9fb6cc6fc7b0c9","group-3c0a2551e2f07d92","train","pri","noisy","129","0.01","0","0.3908871249295771","0.8059292269870639","14.639822320227928","2.2002265500073346","signals/train/signal-000281.csv","46b3f13587304d071147e943220af7406d86ea25a614892d6a3bd83544d5c7cf","fa31f4407eb46aaac83c5dd4111b3111e8833106a13dd3031ac548fd390d0eee"
"signal-000282","src-6a9fb6cc6fc7b0c9","group-3c0a2551e2f07d92","train","pri","sparse-jittered","65","0.03","0.25","0.3504232461564243","2.1951814180240037","12.184048535481185","1.2937146837590916","signals/train/signal-000282.csv","277c8e0f57a3691bf46833018d0cdfcc4b08cfd3cd0a4fc3099cca237ae2026e","fa31f4407eb46aaac83c5dd4111b3111e8833106a13dd3031ac548fd390d0eee"
"signal-000283","src-837a79b3e5803666","group-946eb575424ca0bd","test","frequency","clean","257","0","0","0.4847117536701262","1.19980279635638","12.984032030780325","1.182274867467644","signals/test/signal-000283.csv","df167809328b317805339937dc8bab0fc2aa433df7e0d3e261b0304758fbfa4b","ffbceea7159863bff486434acaa9f135cefbbb12ae5fcaf91fd08c2b3009f857"
"signal-000284","src-837a79b3e5803666","group-946eb575424ca0bd","test","frequency","noisy","129","0.01","0","0.3673276302870363","2.6806774485856293","19.993498707134396","2.539883105820117","signals/test/signal-000284.csv","bf42e3e4e97d485447218fee5823e876d04d1f26f33f7874ff105c9c05bda3d5","ffbceea7159863bff486434acaa9f135cefbbb12ae5fcaf91fd08c2b3009f857"
"signal-000285","src-837a79b3e5803666","group-946eb575424ca0bd","test","frequency","sparse-jittered","65","0.03","0.25","0.6953624829184264","1.182880474254489","17.871259939050276","2.7249163664202136","signals/test/signal-000285.csv","99adec14c9260421dd9c9c6522cf68cc203bf50832cda9707f7d822721a2d2f0","ffbceea7159863bff486434acaa9f135cefbbb12ae5fcaf91fd08c2b3009f857"
"signal-000286","src-837a79b3e5803666","group-946eb575424ca0bd","test","pri","clean","257","0","0","0.41123109869658947","0.9738650904968381","17.31800519478535","1.3545384487071388","signals/test/signal-000286.csv","30756c8c4a8401649b2fa2fcaa951bad0c9c39517155f926ae984324a6b07f54","ffbceea7159863bff486434acaa9f135cefbbb12ae5fcaf91fd08c2b3009f857"
"signal-000287","src-837a79b3e5803666","group-946eb575424ca0bd","test","pri","noisy","129","0.01","0","0.8868765342049301","2.9539158260449767","10.451725828877168","1.5338110472078696","signals/test/signal-000287.csv","edbeaa693af04f6718694bfa68e68be1b8dbc54d26b92f779b5ef87863962fd1","ffbceea7159863bff486434acaa9f135cefbbb12ae5fcaf91fd08c2b3009f857"
"signal-000288","src-837a79b3e5803666","group-946eb575424ca0bd","test","pri","sparse-jittered","65","0.03","0.25","0.5349547322839499","1.7512773560360073","16.298523543107777","1.9506042875879395","signals/test/signal-000288.csv","2fcd0c18bf9d9743e9ca061ce115af4307fd5360de2864430cd19aed1d35746b","ffbceea7159863bff486434acaa9f135cefbbb12ae5fcaf91fd08c2b3009f857"
"signal-000289","src-bbe1ed3e39d750e5","group-2f7af8c20b134d8f","test","frequency","clean","257","0","0","0.7915806258097291","1.7215257013216614","13.060648222453892","2.5039267524844036","signals/test/signal-000289.csv","315734ec6e5ef36db87b8c73c86f3816f5db6a8f4ba0906c28754cd6a2fa5a22","5b9d40764460bfd87dab424080fe4c0d6412e5d66f20c2fb7ca80c836c3be17b"
"signal-000290","src-bbe1ed3e39d750e5","group-2f7af8c20b134d8f","test","frequency","noisy","129","0.01","0","0.324690462090075","3.052720680274069","13.576343991799654","1.8335103233722858","signals/test/signal-000290.csv","1e9040b6bad08090e22c29f961607a95916207ce1a8a284a316aa3eb4c719a20","5b9d40764460bfd87dab424080fe4c0d6412e5d66f20c2fb7ca80c836c3be17b"
"signal-000291","src-bbe1ed3e39d750e5","group-2f7af8c20b134d8f","test","frequency","sparse-jittered","65","0.03","0.25","0.1363336609210819","1.5957399461418391","13.319504189661195","2.3898936612401727","signals/test/signal-000291.csv","907ce5cbf63c73d4ef4a1ad6e8cc3da699800ee5560325f54454471ac8bdd04b","5b9d40764460bfd87dab424080fe4c0d6412e5d66f20c2fb7ca80c836c3be17b"
"signal-000292","src-bbe1ed3e39d750e5","group-2f7af8c20b134d8f","test","pri","clean","257","0","0","0.03489243355579674","2.19512634947896","10.222623336594552","1.7281056981999434","signals/test/signal-000292.csv","2b001e6c8922b880f55a53eb744d0cd2c6a8bc0611a850ac3f8a98fe24817e0d","5b9d40764460bfd87dab424080fe4c0d6412e5d66f20c2fb7ca80c836c3be17b"
"signal-000293","src-bbe1ed3e39d750e5","group-2f7af8c20b134d8f","test","pri","noisy","129","0.01","0","0.8675177784170955","1.625577322021127","11.089069846501133","2.3827453542046477","signals/test/signal-000293.csv","aef6ee69c84419dc3617b2ee847d669cc7c1bbd9f76e7325e17f19b2f3a0ee38","5b9d40764460bfd87dab424080fe4c0d6412e5d66f20c2fb7ca80c836c3be17b"
"signal-000294","src-bbe1ed3e39d750e5","group-2f7af8c20b134d8f","test","pri","sparse-jittered","65","0.03","0.25","0.16702162963338196","0.8834829129278661","19.83519760918292","0.8221433291396956","signals/test/signal-000294.csv","657832f7f0f55caf200b638063325373a6265a7b140fd461171dc8049403c8a1","5b9d40764460bfd87dab424080fe4c0d6412e5d66f20c2fb7ca80c836c3be17b"
"signal-000295","src-18454d6deef575ee","group-fe8379ce9ad18d7d","train","frequency","clean","257","0","0","0.9203889719210565","1.2185425838455557","13.17062824177794","2.604308972581018","signals/train/signal-000295.csv","b18c8cb2edfdcca9b95e280794bd39a78c2b6d97fded3c6c5afab0adb738e9ac","ef1a149c39a3e18131fe1c6f39e251323ec2eb64830bbea9c82fedcb2be7face"
"signal-000296","src-18454d6deef575ee","group-fe8379ce9ad18d7d","train","frequency","noisy","129","0.01","0","0.42253255285322666","2.6165499107912185","12.11086143944626","1.4485678323543159","signals/train/signal-000296.csv","a555ca12c4e781ba658ddad4c03d03c64b835b7a4d9235090e9c3cdc6c37026e","ef1a149c39a3e18131fe1c6f39e251323ec2eb64830bbea9c82fedcb2be7face"
"signal-000297","src-18454d6deef575ee","group-fe8379ce9ad18d7d","train","frequency","sparse-jittered","65","0.03","0.25","0.7855710671283305","2.6308056427165862","13.098557029401206","2.832297906805337","signals/train/signal-000297.csv","c855405e182ca846169d7f3842fc874958c9ffc87c1f1fbd28ebd23fb30089ab","ef1a149c39a3e18131fe1c6f39e251323ec2eb64830bbea9c82fedcb2be7face"
"signal-000298","src-18454d6deef575ee","group-fe8379ce9ad18d7d","train","pri","clean","257","0","0","0.8376836313400418","3.0492977708578106","13.910843135289351","1.5804532711244583","signals/train/signal-000298.csv","53f04d56fb0dd53148229d2a35b84b37cb729f26919da8be430e8329426ae4dc","ef1a149c39a3e18131fe1c6f39e251323ec2eb64830bbea9c82fedcb2be7face"
"signal-000299","src-18454d6deef575ee","group-fe8379ce9ad18d7d","train","pri","noisy","129","0.01","0","0.6508401262108237","2.346357525885105","17.194314538331007","1.737352133773971","signals/train/signal-000299.csv","f555dfb297f545e47706afc795e09c173f8a718220a001d3f2d0c0cdd38cbe4f","ef1a149c39a3e18131fe1c6f39e251323ec2eb64830bbea9c82fedcb2be7face"
"signal-000300","src-18454d6deef575ee","group-fe8379ce9ad18d7d","train","pri","sparse-jittered","65","0.03","0.25","0.5942360542248935","2.5188293915241955","19.371507728246378","1.2204648670177534","signals/train/signal-000300.csv","79dcda00ed7d04053d3d04f074239f31544317e0f318f32011ae70c02d8b7fe0","ef1a149c39a3e18131fe1c6f39e251323ec2eb64830bbea9c82fedcb2be7face"
"signal-000301","src-b3fe71ab85fef006","group-2b8ff955e5ffe4a4","train","frequency","clean","257","0","0","0.14280290086753666","2.9696021638810635","13.36833981892599","2.6348948846891034","signals/train/signal-000301.csv","b72e1e7178445cbbccd6c793e74f43592063642f19fe0dd907e83ae8ecd3a1f8","d49aaea197c18a7a6597fdc515304ac0cf677284f76eb756f10dcff5a88eda8d"
"signal-000302","src-b3fe71ab85fef006","group-2b8ff955e5ffe4a4","train","frequency","noisy","129","0.01","0","0.16102866339497268","2.75221789740026","10.257655950474803","1.3703329776259352","signals/train/signal-000302.csv","389964acb2eb8f9a90418a951f8785941d1e0194c93fe988376f9b62e41b4a2e","d49aaea197c18a7a6597fdc515304ac0cf677284f76eb756f10dcff5a88eda8d"
"signal-000303","src-b3fe71ab85fef006","group-2b8ff955e5ffe4a4","train","frequency","sparse-jittered","65","0.03","0.25","0.9620681302621961","1.6416572326794268","13.655653510659402","1.292962705996894","signals/train/signal-000303.csv","20f7237c4e7fb68ef0a43ed0253082328540d05b22c0f70d4d1adbd5010d373f","d49aaea197c18a7a6597fdc515304ac0cf677284f76eb756f10dcff5a88eda8d"
"signal-000304","src-b3fe71ab85fef006","group-2b8ff955e5ffe4a4","train","pri","clean","257","0","0","0.0432070423848927","1.2697830913588404","12.777920159656059","1.6421107406133473","signals/train/signal-000304.csv","f6359aa9caf4bfd60eddbc12d7d6add3272c155e6efee5c788e11536b88c764e","d49aaea197c18a7a6597fdc515304ac0cf677284f76eb756f10dcff5a88eda8d"
"signal-000305","src-b3fe71ab85fef006","group-2b8ff955e5ffe4a4","train","pri","noisy","129","0.01","0","0.49842167971655726","0.9283328926190735","17.81513610159432","2.034881660822336","signals/train/signal-000305.csv","7c7d70490776e736c6a16938760fcfca12d4fd67870087f4108cfb7b8b1a5c38","d49aaea197c18a7a6597fdc515304ac0cf677284f76eb756f10dcff5a88eda8d"
"signal-000306","src-b3fe71ab85fef006","group-2b8ff955e5ffe4a4","train","pri","sparse-jittered","65","0.03","0.25","0.11776345036923885","1.5896302388980985","19.34950505520974","2.266856918426658","signals/train/signal-000306.csv","414359415cad5cb09791f654c590432e87b47a1ee741bd7ec04481916724ef46","d49aaea197c18a7a6597fdc515304ac0cf677284f76eb756f10dcff5a88eda8d"
"signal-000307","src-5dea512182c107ff","group-f147868b6c8d63bc","train","frequency","clean","257","0","0","0.27571031590923667","1.9805244317278266","14.15067450721547","2.310620070058052","signals/train/signal-000307.csv","b109a1bafa6b38e7e911f22795f0024913a3c97ddfed56b5dff90087be42c139","69a0c331d495324fa00974519b474e077c39248a2af315ee22a5bbb24b81111f"
"signal-000308","src-5dea512182c107ff","group-f147868b6c8d63bc","train","frequency","noisy","129","0.01","0","0.0886076376773417","1.9956159187480806","11.466461193957098","2.068869183533023","signals/train/signal-000308.csv","5d256ee0d5d4161a0a887a3cb1933e54ef194e4f87509f840c5279669556f550","69a0c331d495324fa00974519b474e077c39248a2af315ee22a5bbb24b81111f"
"signal-000309","src-5dea512182c107ff","group-f147868b6c8d63bc","train","frequency","sparse-jittered","65","0.03","0.25","0.18274392327293754","2.6659980287775396","10.53489232018785","3.031457914991277","signals/train/signal-000309.csv","98cd9f4fceeb131ea6321c717238c3a24743094d998047977dbe485b97b359f1","69a0c331d495324fa00974519b474e077c39248a2af315ee22a5bbb24b81111f"
"signal-000310","src-5dea512182c107ff","group-f147868b6c8d63bc","train","pri","clean","257","0","0","0.2571469652466476","0.984950534068048","10.642507684114912","1.52808781081497","signals/train/signal-000310.csv","bbc5b6ce1555bc38b418252b6f54af19a72d8b9bbe4af185533016a7a4bd8ece","69a0c331d495324fa00974519b474e077c39248a2af315ee22a5bbb24b81111f"
"signal-000311","src-5dea512182c107ff","group-f147868b6c8d63bc","train","pri","noisy","129","0.01","0","0.6919658845290542","1.2672055700793863","16.307237181871777","1.470047094731047","signals/train/signal-000311.csv","35475842250bc1451042782b544f5f55646e14e967036c2a8e29b953a8cf67ac","69a0c331d495324fa00974519b474e077c39248a2af315ee22a5bbb24b81111f"
"signal-000312","src-5dea512182c107ff","group-f147868b6c8d63bc","train","pri","sparse-jittered","65","0.03","0.25","0.9615191032644361","2.0681244153529406","15.644304374362777","1.4037834114599868","signals/train/signal-000312.csv","9f3ae8d862b6fd4a8d0dac79d2819c4d96bcaa94b637acbbee1f3f7a38cd8632","69a0c331d495324fa00974519b474e077c39248a2af315ee22a5bbb24b81111f"
"signal-000313","src-32892cb2f60ea388","group-74b8542adcd54cdd","validation","frequency","clean","257","0","0","0.49075844674371183","1.9673027757555246","15.080739997792989","0.9542664038017392","signals/validation/signal-000313.csv","eb31896b7f2addec44bf252bad43dd1a86c9de4b4bbe48052a9c171589e8c75c","a2ba3de9884789b316ff2ea9ebe93193acac06fd069d4e94246913d0ed9ae9cf"
"signal-000314","src-32892cb2f60ea388","group-74b8542adcd54cdd","validation","frequency","noisy","129","0.01","0","0.8254809682257473","2.0520337043330072","18.20537237898934","2.2029286160819694","signals/validation/signal-000314.csv","686fa113664a43f597ff0efbadbae4baab210435741a1497be449e74fa373f61","a2ba3de9884789b316ff2ea9ebe93193acac06fd069d4e94246913d0ed9ae9cf"
"signal-000315","src-32892cb2f60ea388","group-74b8542adcd54cdd","validation","frequency","sparse-jittered","65","0.03","0.25","0.11602969840168953","2.4334432663396","12.184314347964518","2.5862225596060284","signals/validation/signal-000315.csv","b7758f2cd1b4c990b0060b6aa23b27df45c351cd7feddc6920d4a25ea88f8f6d","a2ba3de9884789b316ff2ea9ebe93193acac06fd069d4e94246913d0ed9ae9cf"
"signal-000316","src-32892cb2f60ea388","group-74b8542adcd54cdd","validation","pri","clean","257","0","0","0.32288749678991735","1.1208567712455988","11.182169646490365","1.4570459438487902","signals/validation/signal-000316.csv","cd14bde4cd485d20d975d662db88956182dc07b76c5c5a21bf77413279ded604","a2ba3de9884789b316ff2ea9ebe93193acac06fd069d4e94246913d0ed9ae9cf"
"signal-000317","src-32892cb2f60ea388","group-74b8542adcd54cdd","validation","pri","noisy","129","0.01","0","0.8841571221128106","1.7629304790869356","16.75617566146215","2.473567355288317","signals/validation/signal-000317.csv","ea99a49b290f0c4a40f35aed14613ee99ee7211e017ea8b8694d956c918990ae","a2ba3de9884789b316ff2ea9ebe93193acac06fd069d4e94246913d0ed9ae9cf"
"signal-000318","src-32892cb2f60ea388","group-74b8542adcd54cdd","validation","pri","sparse-jittered","65","0.03","0.25","0.05960799707099795","1.75887466724962","17.598614235911906","1.8920644211973112","signals/validation/signal-000318.csv","a11131bedb946164e785ba46312dc665b95b0e644786ab6f00d910535ea3d65b","a2ba3de9884789b316ff2ea9ebe93193acac06fd069d4e94246913d0ed9ae9cf"
"signal-000319","src-e3b664a26030c2d7","group-3c686f6ed70bea9f","train","frequency","clean","257","0","0","0.756011062534526","1.917778641730547","19.417485139300247","1.8334614133417837","signals/train/signal-000319.csv","05de17ff40da7e3562a94a838dc72b87cd2895b8ecdec568a4a9c5d41469d92b","ea351890a191e1c2cf3fc5f8df99bb40dee2a44b9aaf2f5a1e770a945cc05761"
"signal-000320","src-e3b664a26030c2d7","group-3c686f6ed70bea9f","train","frequency","noisy","129","0.01","0","0.35980594088323414","2.12100435718894","15.595407701131856","0.7246699204270861","signals/train/signal-000320.csv","e75c9bffc257d4d583b19a461952d10ff5f16d88cda00f9f39057d7be0e1179b","ea351890a191e1c2cf3fc5f8df99bb40dee2a44b9aaf2f5a1e770a945cc05761"
"signal-000321","src-e3b664a26030c2d7","group-3c686f6ed70bea9f","train","frequency","sparse-jittered","65","0.03","0.25","0.9492354693356901","1.148021300137043","11.333082402177515","3.133330109518603","signals/train/signal-000321.csv","ac5c0316db00afd6cd0f42078daba4752f9d48db7a97b87c2e6130d88f96f9c0","ea351890a191e1c2cf3fc5f8df99bb40dee2a44b9aaf2f5a1e770a945cc05761"
"signal-000322","src-e3b664a26030c2d7","group-3c686f6ed70bea9f","train","pri","clean","257","0","0","0.2686474376823753","2.4146484795957806","10.529410349855889","1.987296465880636","signals/train/signal-000322.csv","6ff2fe1297bc4a535635aaa4259a267986c91f2432e9a0c011d37ba33c5a6181","ea351890a191e1c2cf3fc5f8df99bb40dee2a44b9aaf2f5a1e770a945cc05761"
"signal-000323","src-e3b664a26030c2d7","group-3c686f6ed70bea9f","train","pri","noisy","129","0.01","0","0.11816638661548495","2.295520711503923","17.39420427409903","2.1553129568898477","signals/train/signal-000323.csv","b741ff59e706cf79c7216f638ebf18fd626042d9618bebdf2049b031a3011277","ea351890a191e1c2cf3fc5f8df99bb40dee2a44b9aaf2f5a1e770a945cc05761"
"signal-000324","src-e3b664a26030c2d7","group-3c686f6ed70bea9f","train","pri","sparse-jittered","65","0.03","0.25","0.09072724217548966","2.6813483042642474","12.769526597544722","2.0983201982221154","signals/train/signal-000324.csv","988fd80c34786a84054a75dce211dd356e2b2c307719fe145548d80a7c1f4eff","ea351890a191e1c2cf3fc5f8df99bb40dee2a44b9aaf2f5a1e770a945cc05761"
"signal-000325","src-ae12a7c0accc4022","group-d839546d0a38dc75","train","frequency","clean","257","0","0","0.9411349396687001","1.6337177839130164","19.420130070391718","1.275772104012475","signals/train/signal-000325.csv","fe18ec4016dbfdd65c3b6b25f75ec422bc99f2307bae3b1a343c167bd8d1b7c0","a27d8e18cd5bb8b0f40283ac7010b6b757b1588274a47ab72587534709c63004"
"signal-000326","src-ae12a7c0accc4022","group-d839546d0a38dc75","train","frequency","noisy","129","0.01","0","0.44697737297974527","2.125755323842168","16.0357533597154","1.3840867861679875","signals/train/signal-000326.csv","0f57ed8e446e9a66f2cbd40fc6a2063b3cecf06c165b5e23c7c5f269cb2fe35b","a27d8e18cd5bb8b0f40283ac7010b6b757b1588274a47ab72587534709c63004"
"signal-000327","src-ae12a7c0accc4022","group-d839546d0a38dc75","train","frequency","sparse-jittered","65","0.03","0.25","0.7482763195876032","3.000311814248562","10.78823019126131","1.0055062606601926","signals/train/signal-000327.csv","553d2dd3fb6aa0342415abdcd25dfc2a14c5b4d0fcfda12c4660ba45e0ec23c4","a27d8e18cd5bb8b0f40283ac7010b6b757b1588274a47ab72587534709c63004"
"signal-000328","src-ae12a7c0accc4022","group-d839546d0a38dc75","train","pri","clean","257","0","0","0.607968915021047","1.5935842234641315","12.2755233317116","1.1754185987262407","signals/train/signal-000328.csv","55b2e252a7d476e1fd33ed59d1c1e0a2d9b13c17d2d5264a1e3f418887bc912d","a27d8e18cd5bb8b0f40283ac7010b6b757b1588274a47ab72587534709c63004"
"signal-000329","src-ae12a7c0accc4022","group-d839546d0a38dc75","train","pri","noisy","129","0.01","0","0.8777409321628511","2.76345522608608","16.979829843373203","1.776101416077477","signals/train/signal-000329.csv","6be55c7906346620457643d3e00802bf802a0aa1d9b03e44f7d0a761fd02fcdc","a27d8e18cd5bb8b0f40283ac7010b6b757b1588274a47ab72587534709c63004"
"signal-000330","src-ae12a7c0accc4022","group-d839546d0a38dc75","train","pri","sparse-jittered","65","0.03","0.25","0.5687993452884257","2.596511991135776","18.728208532609155","3.0814437330206275","signals/train/signal-000330.csv","7991bd61afd15c3d0c1aecc1e7541efd5d4af44e0694f21dcdf0adb0ed6250ef","a27d8e18cd5bb8b0f40283ac7010b6b757b1588274a47ab72587534709c63004"
"signal-000331","src-d32bb4eeb849ab6c","group-97e11c0b815d4eaf","validation","frequency","clean","257","0","0","0.7854436910711229","1.433022370003164","12.195808818996863","0.9003636993943616","signals/validation/signal-000331.csv","9b1b7d33cb69e7e65f87c56c6a0a8821be0b687b6157df5c2ef31d9cb8950ad6","0a2dcf0f55ead2671e87bc6a2c47e3628edb173567c9f54c89aa1995c364ada6"
"signal-000332","src-d32bb4eeb849ab6c","group-97e11c0b815d4eaf","validation","frequency","noisy","129","0.01","0","0.9780796330887824","1.3808703310787678","10.644836395394734","0.897937154024433","signals/validation/signal-000332.csv","0dcc15990b69ca7c8feec9f951f4bb89e03e1caf0fbc6a88f66db1eb6ad2ff1b","0a2dcf0f55ead2671e87bc6a2c47e3628edb173567c9f54c89aa1995c364ada6"
"signal-000333","src-d32bb4eeb849ab6c","group-97e11c0b815d4eaf","validation","frequency","sparse-jittered","65","0.03","0.25","0.2733321206178516","2.3561611864715815","10.728422594099262","2.1682860549770098","signals/validation/signal-000333.csv","c61913613a98682d358ac5beab705e96c7f33404ab5b3d08a72db126d184e028","0a2dcf0f55ead2671e87bc6a2c47e3628edb173567c9f54c89aa1995c364ada6"
"signal-000334","src-d32bb4eeb849ab6c","group-97e11c0b815d4eaf","validation","pri","clean","257","0","0","0.8086557334754616","1.162016248703003","13.595570966898807","2.8859027188394464","signals/validation/signal-000334.csv","19504e313297d04cc768edc0c93b93b9231510aa67b423ba23d46bcb2a04a05c","0a2dcf0f55ead2671e87bc6a2c47e3628edb173567c9f54c89aa1995c364ada6"
"signal-000335","src-d32bb4eeb849ab6c","group-97e11c0b815d4eaf","validation","pri","noisy","129","0.01","0","0.5867124844808131","2.2323298670351504","16.007593168197335","2.705269113997538","signals/validation/signal-000335.csv","cd3458531a9ebc73984a35b5e71655d88549286c35c0d2b89fa4822887aabd46","0a2dcf0f55ead2671e87bc6a2c47e3628edb173567c9f54c89aa1995c364ada6"
"signal-000336","src-d32bb4eeb849ab6c","group-97e11c0b815d4eaf","validation","pri","sparse-jittered","65","0.03","0.25","0.770222126506269","1.3836461106315254","12.101726434869345","2.163928437038626","signals/validation/signal-000336.csv","b72e0ad4f9621f79e60babd9818faccbfe18df9f3acf71c4052a65c4ff9d78ce","0a2dcf0f55ead2671e87bc6a2c47e3628edb173567c9f54c89aa1995c364ada6"
"signal-000337","src-0e61135244c38cb5","group-b4739f726af167c7","train","frequency","clean","257","0","0","0.8586277011781931","0.8669068472459913","16.193656416869054","1.2871103651658231","signals/train/signal-000337.csv","81cb16761df72e8ef688f6f538eed23a85a58299112633d8fb1bbdd6e921fccf","2b37ebe4d963c87ed1e561a8916cb3d55712f5d613c819cf80b4ced15617a0f0"
"signal-000338","src-0e61135244c38cb5","group-b4739f726af167c7","train","frequency","noisy","129","0.01","0","0.9126784102991223","1.0810583824291826","18.635480626061668","2.08374349945759","signals/train/signal-000338.csv","22137f2de2464dafa39de789d12ad320f0b986e55ad37ec197b024de60480723","2b37ebe4d963c87ed1e561a8916cb3d55712f5d613c819cf80b4ced15617a0f0"
"signal-000339","src-0e61135244c38cb5","group-b4739f726af167c7","train","frequency","sparse-jittered","65","0.03","0.25","0.6184105707798153","2.6406507819890974","14.256971773340485","2.6957895564545655","signals/train/signal-000339.csv","424c78ce930a039a10756c35789805060c2c8f18022dbbd8b64df72752a353b2","2b37ebe4d963c87ed1e561a8916cb3d55712f5d613c819cf80b4ced15617a0f0"
"signal-000340","src-0e61135244c38cb5","group-b4739f726af167c7","train","pri","clean","257","0","0","0.7911443477496505","1.986685393191874","13.627839691009564","1.487732773049661","signals/train/signal-000340.csv","40a5f5d0e672fd10c8e3b0416161e15ba869b11769050621e6b990be7ca88d2e","2b37ebe4d963c87ed1e561a8916cb3d55712f5d613c819cf80b4ced15617a0f0"
"signal-000341","src-0e61135244c38cb5","group-b4739f726af167c7","train","pri","noisy","129","0.01","0","0.5025801707524806","1.4023342348635197","13.993789801171216","1.1620042628067893","signals/train/signal-000341.csv","5b1ec302a7b63880616146b2c1524827af3a717a2628da9e66bd4bb535cfba7d","2b37ebe4d963c87ed1e561a8916cb3d55712f5d613c819cf80b4ced15617a0f0"
"signal-000342","src-0e61135244c38cb5","group-b4739f726af167c7","train","pri","sparse-jittered","65","0.03","0.25","0.32083305693231523","0.8783366311341525","17.687880967408237","2.8516523575197965","signals/train/signal-000342.csv","b5eb36748c587d902a82b1229639cd4b92c04451bfd004bd37f9e790d972ab3a","2b37ebe4d963c87ed1e561a8916cb3d55712f5d613c819cf80b4ced15617a0f0"
"signal-000343","src-bd21528a0712d35d","group-63ecba93e4f0274a","validation","frequency","clean","257","0","0","0.4191410322673619","1.6279623864218593","12.74088415229534","0.7937991294261497","signals/validation/signal-000343.csv","4bf9fe35f23b79444a9b8855d357b963948d222fabc06b6cc1dd101c10c7bf7c","6d58dda09c856f8b23ecfc2054e3f5a0990e140a4187d847d7d0a9f3b4b9541d"
"signal-000344","src-bd21528a0712d35d","group-63ecba93e4f0274a","validation","frequency","noisy","129","0.01","0","0.48985830787569284","0.9808877551928163","13.153105547602207","1.1808115961074073","signals/validation/signal-000344.csv","89bf91f78d8a7cb02b0903099c916ad3930efb60105ce4662bf8d33ca029d905","6d58dda09c856f8b23ecfc2054e3f5a0990e140a4187d847d7d0a9f3b4b9541d"
"signal-000345","src-bd21528a0712d35d","group-63ecba93e4f0274a","validation","frequency","sparse-jittered","65","0.03","0.25","0.09743494726717472","2.130449845083058","14.940414663682672","1.4047100889792752","signals/validation/signal-000345.csv","dde5f92a71276b1334848e7bd6ae534b30801ec91e4bae4714500f691791bebc","6d58dda09c856f8b23ecfc2054e3f5a0990e140a4187d847d7d0a9f3b4b9541d"
"signal-000346","src-bd21528a0712d35d","group-63ecba93e4f0274a","validation","pri","clean","257","0","0","0.7295677175279707","1.2962844390422106","13.426942998887272","2.9817226367650207","signals/validation/signal-000346.csv","b4087479b184432a53dc3b8b9827aaba1d0e47a05c0588b3a189d888189ad31d","6d58dda09c856f8b23ecfc2054e3f5a0990e140a4187d847d7d0a9f3b4b9541d"
"signal-000347","src-bd21528a0712d35d","group-63ecba93e4f0274a","validation","pri","noisy","129","0.01","0","0.11514898645691574","2.764975735172629","12.505363165326887","2.006975751199567","signals/validation/signal-000347.csv","10170d71d3bc3fd077b5dffd72cfca5b0abd888b2b5cc3f32cb9794ede7917a0","6d58dda09c856f8b23ecfc2054e3f5a0990e140a4187d847d7d0a9f3b4b9541d"
"signal-000348","src-bd21528a0712d35d","group-63ecba93e4f0274a","validation","pri","sparse-jittered","65","0.03","0.25","0.020759776467457414","1.812101311981678","12.072995363807486","1.330139544388821","signals/validation/signal-000348.csv","b1c628b606d6567ad240af90a8ea503b63029b6843b4347d498730b234687f11","6d58dda09c856f8b23ecfc2054e3f5a0990e140a4187d847d7d0a9f3b4b9541d"
"signal-000349","src-afea4504e4982ee4","group-d06427916ba27482","validation","frequency","clean","257","0","0","0.8509458121843636","1.7026794044300915","14.175922263642306","1.8134015743327279","signals/validation/signal-000349.csv","8693d33e61c5021c3dcd3f0ea1044a6d2118584faa099733be15081aa340eabb","ba150b282a78dbbc6a457bb42ae1aad7d15c93f36a1e60105f94e3f20e8290d2"
"signal-000350","src-afea4504e4982ee4","group-d06427916ba27482","validation","frequency","noisy","129","0.01","0","0.28570813639089465","1.933596104942262","11.760822384943163","1.554637860442316","signals/validation/signal-000350.csv","b723e4e4b9b8989d6c988d87d37f64c3fd8a5f1686034f723d42d8b7eb9fba93","ba150b282a78dbbc6a457bb42ae1aad7d15c93f36a1e60105f94e3f20e8290d2"
"signal-000351","src-afea4504e4982ee4","group-d06427916ba27482","validation","frequency","sparse-jittered","65","0.03","0.25","0.1912395702674985","1.0551017159596086","15.617860165015333","0.8389844653588217","signals/validation/signal-000351.csv","c3dceb9732de37913f7166a189f5877d636c66ebeaaac0c39cc3d8a6dfbe70b6","ba150b282a78dbbc6a457bb42ae1aad7d15c93f36a1e60105f94e3f20e8290d2"
"signal-000352","src-afea4504e4982ee4","group-d06427916ba27482","validation","pri","clean","257","0","0","0.8976968217175454","1.0734614070504904","19.646397225680232","1.0277651701333461","signals/validation/signal-000352.csv","671e257f3869935e8bac18fc50e2eda3e27de478d77aa0f715241a3bb90bbbb5","ba150b282a78dbbc6a457bb42ae1aad7d15c93f36a1e60105f94e3f20e8290d2"
"signal-000353","src-afea4504e4982ee4","group-d06427916ba27482","validation","pri","noisy","129","0.01","0","0.737493505468592","3.1204806867986914","14.516083996637018","2.745984318463881","signals/validation/signal-000353.csv","41d86207734b7e253393c78b1e1efbd2c97f3152fe3cc17eb81109f0d614f860","ba150b282a78dbbc6a457bb42ae1aad7d15c93f36a1e60105f94e3f20e8290d2"
"signal-000354","src-afea4504e4982ee4","group-d06427916ba27482","validation","pri","sparse-jittered","65","0.03","0.25","0.81598763121292","1.5000399952754377","14.389453264715101","2.2086123390179093","signals/validation/signal-000354.csv","e23563c502607cf379211cd72ad2c46368908cb2509937ce902c04a2c967db53","ba150b282a78dbbc6a457bb42ae1aad7d15c93f36a1e60105f94e3f20e8290d2"
"signal-000355","src-fce4408fc4e3e0fd","group-31f97c2228877e68","train","frequency","clean","257","0","0","0.838020597351715","2.2093980561941864","11.941789945532404","0.7455242353933684","signals/train/signal-000355.csv","418cab56b1f773849feceef51a5b0e19dde8155f111099ba0dbd9039a53bb16b","87c7fb986b9490cce6181926d52990df462dcd641accb0079e2dd762eb12b8b0"
"signal-000356","src-fce4408fc4e3e0fd","group-31f97c2228877e68","train","frequency","noisy","129","0.01","0","0.8855960946530104","0.9544210063293577","12.440864469760925","2.42398181757566","signals/train/signal-000356.csv","218405a59282149fd2255b7e3db6d96799692b9395fed81abff0d4cf57b92a5d","87c7fb986b9490cce6181926d52990df462dcd641accb0079e2dd762eb12b8b0"
"signal-000357","src-fce4408fc4e3e0fd","group-31f97c2228877e68","train","frequency","sparse-jittered","65","0.03","0.25","0.12864254065789282","2.6100644573569296","12.091289612314416","2.777973517587922","signals/train/signal-000357.csv","c605f52259165427460270ff4bbc8219c2ee5606cb531c361930223e273093d1","87c7fb986b9490cce6181926d52990df462dcd641accb0079e2dd762eb12b8b0"
"signal-000358","src-fce4408fc4e3e0fd","group-31f97c2228877e68","train","pri","clean","257","0","0","0.5164307071827352","2.4529345383867622","14.287770001809477","2.5897063944308325","signals/train/signal-000358.csv","eb2f8f160538e223490a63d29697811430a7b7a6b1b29414f2bcce9ae985ffe9","87c7fb986b9490cce6181926d52990df462dcd641accb0079e2dd762eb12b8b0"
"signal-000359","src-fce4408fc4e3e0fd","group-31f97c2228877e68","train","pri","noisy","129","0.01","0","0.8019472560845315","1.0013392647728325","15.004188737026514","2.4783543447423426","signals/train/signal-000359.csv","6085c9c3de3562960c67f21dd2ebcf159cfe5903cf6a1680b44ff503ea7321d8","87c7fb986b9490cce6181926d52990df462dcd641accb0079e2dd762eb12b8b0"
"signal-000360","src-fce4408fc4e3e0fd","group-31f97c2228877e68","train","pri","sparse-jittered","65","0.03","0.25","0.4952093355823308","2.9517029426991943","12.909488154200172","1.9286785934031485","signals/train/signal-000360.csv","9b45cfcf27398a254efa92d000963cab86a48cec581ee37cbd1a01c2577d798f","87c7fb986b9490cce6181926d52990df462dcd641accb0079e2dd762eb12b8b0"
"signal-000361","src-97622e87d23368ca","group-335b879ed7e243ee","train","frequency","clean","257","0","0","0.04042202886193991","2.494881389476359","17.54742181872986","1.8278193676355379","signals/train/signal-000361.csv","a6aa53b3d296e6519cb3ca5524597666544fec7115ad15cd55a55eb70e62b438","706838cec5338e7663895906c909915578c4cd43e0e3f93fc7f4607c61f9423b"
"signal-000362","src-97622e87d23368ca","group-335b879ed7e243ee","train","frequency","noisy","129","0.01","0","0.7319932454265654","1.3547733945772054","14.810674805496358","2.628441297205237","signals/train/signal-000362.csv","203dc54a4ce9c7b300ead9b8a6f3ee4a350ed81bedc925f640c6e925dcf41de0","706838cec5338e7663895906c909915578c4cd43e0e3f93fc7f4607c61f9423b"
"signal-000363","src-97622e87d23368ca","group-335b879ed7e243ee","train","frequency","sparse-jittered","65","0.03","0.25","0.7943000227678567","2.0802371852099895","14.02745390328884","2.3581274561306316","signals/train/signal-000363.csv","a989019a22ca3fac792313407166a59323ef54edaefd401a0d10158a8c8f3498","706838cec5338e7663895906c909915578c4cd43e0e3f93fc7f4607c61f9423b"
"signal-000364","src-97622e87d23368ca","group-335b879ed7e243ee","train","pri","clean","257","0","0","0.49730702117085457","1.1159931244328618","19.258373613524345","2.363568644544962","signals/train/signal-000364.csv","7a6797b776f44843d1090a1362ee7b12a9d5b3d5ae84b3d2b08818b1015dd9c3","706838cec5338e7663895906c909915578c4cd43e0e3f93fc7f4607c61f9423b"
"signal-000365","src-97622e87d23368ca","group-335b879ed7e243ee","train","pri","noisy","129","0.01","0","0.9725263842847198","1.5682841662317515","13.184412263265248","2.956772524588791","signals/train/signal-000365.csv","0553958e8a37ac8a418eca033d498ee7cd988ea7f3536d8d48d8ce52a2e2da0e","706838cec5338e7663895906c909915578c4cd43e0e3f93fc7f4607c61f9423b"
"signal-000366","src-97622e87d23368ca","group-335b879ed7e243ee","train","pri","sparse-jittered","65","0.03","0.25","0.46502284659072757","1.557882440648973","11.851967893705925","1.9216878065316632","signals/train/signal-000366.csv","7a18f729fd7e855f62afd75b703105ad047c28f7f342de26d7104283e56d00bf","706838cec5338e7663895906c909915578c4cd43e0e3f93fc7f4607c61f9423b"
"signal-000367","src-8bd0f613b5f14d9d","group-ab1223e1fe53bf62","calibration","frequency","clean","257","0","0","0.9609534032642841","2.3848787607625126","12.024252491267116","2.194574045901925","signals/calibration/signal-000367.csv","5b243f8e42e9ab3b7b4ad61c39cc623390440cd924970e2c854f000a057ba48c","34b3f4d2ec26f2ff2ab8ee5f93badbddde808bc5b005123a1b049026ec1f742c"
"signal-000368","src-8bd0f613b5f14d9d","group-ab1223e1fe53bf62","calibration","frequency","noisy","129","0.01","0","0.6441851945128292","1.100237575545907","16.33928002186908","2.6571280456577497","signals/calibration/signal-000368.csv","69cd13c9bb50225b24e327968579e691829a059c9d7ef568c2aa6b9a7d707463","34b3f4d2ec26f2ff2ab8ee5f93badbddde808bc5b005123a1b049026ec1f742c"
"signal-000369","src-8bd0f613b5f14d9d","group-ab1223e1fe53bf62","calibration","frequency","sparse-jittered","65","0.03","0.25","0.8876406296622008","1.7729040872305633","18.993249062978563","2.803070993275014","signals/calibration/signal-000369.csv","d74d8a44d284d95032ad7f3f92762f3c92d1a2e352af6051b74aeb0daf88de72","34b3f4d2ec26f2ff2ab8ee5f93badbddde808bc5b005123a1b049026ec1f742c"
"signal-000370","src-8bd0f613b5f14d9d","group-ab1223e1fe53bf62","calibration","pri","clean","257","0","0","0.16306794015690684","1.9203483080491424","11.391761863330906","1.976955190457522","signals/calibration/signal-000370.csv","229111e697b631e534294df0faa2fc6b19ad8b0f5b91a0b249f035cbc262167c","34b3f4d2ec26f2ff2ab8ee5f93badbddde808bc5b005123a1b049026ec1f742c"
"signal-000371","src-8bd0f613b5f14d9d","group-ab1223e1fe53bf62","calibration","pri","noisy","129","0.01","0","0.461287162033841","1.5669411417096852","18.63200509528218","1.2740636696366217","signals/calibration/signal-000371.csv","287d72daa0a7723191ec5accafba39ced13dd16211a294c03dbd42952abc73ee","34b3f4d2ec26f2ff2ab8ee5f93badbddde808bc5b005123a1b049026ec1f742c"
"signal-000372","src-8bd0f613b5f14d9d","group-ab1223e1fe53bf62","calibration","pri","sparse-jittered","65","0.03","0.25","0.9531985425855964","1.1193636480718852","15.601762990751308","1.9927369578241798","signals/calibration/signal-000372.csv","b8963d204dfaad1d352324698821d148a9b9c9ca93956f514b622e1dce6214e5","34b3f4d2ec26f2ff2ab8ee5f93badbddde808bc5b005123a1b049026ec1f742c"
"signal-000373","src-52714d636d5bda91","group-73f91e629f180340","validation","frequency","clean","257","0","0","0.00414657243527472","2.0709686622023584","11.997564541090483","1.7144906756585527","signals/validation/signal-000373.csv","b29be37a127ff6729f09d55c5f743c0c9f64a340947a371057e3e5e11633f6c6","ed8178cd25e30a76529e735dd6487d9fbf98ff403de331bc30d850f4404f43c6"
"signal-000374","src-52714d636d5bda91","group-73f91e629f180340","validation","frequency","noisy","129","0.01","0","0.31582235801033676","1.5588741030544044","19.487297970232348","2.5406982534744174","signals/validation/signal-000374.csv","bbdbf2c9b2b6a486232871769600e1f2513776e3011fe17f6375c65c0dd8fb8b","ed8178cd25e30a76529e735dd6487d9fbf98ff403de331bc30d850f4404f43c6"
"signal-000375","src-52714d636d5bda91","group-73f91e629f180340","validation","frequency","sparse-jittered","65","0.03","0.25","0.15175547916442156","1.691284983791411","17.93718947934713","0.74750040926682","signals/validation/signal-000375.csv","608ccb307078a21d84d9032d18173ad635913ba8e128e9be6d5b7b8ee4b3496b","ed8178cd25e30a76529e735dd6487d9fbf98ff403de331bc30d850f4404f43c6"
"signal-000376","src-52714d636d5bda91","group-73f91e629f180340","validation","pri","clean","257","0","0","0.8564742237795144","1.225814139097929","15.19990994469974","2.6237958008594067","signals/validation/signal-000376.csv","03c4fab7678378493f2d610f7e2663cc324498d3e4871042858c0e281fcd12d1","ed8178cd25e30a76529e735dd6487d9fbf98ff403de331bc30d850f4404f43c6"
"signal-000377","src-52714d636d5bda91","group-73f91e629f180340","validation","pri","noisy","129","0.01","0","0.4071695136372","2.675863756239414","14.560038619303246","2.588621123459161","signals/validation/signal-000377.csv","9d0abbd165f64fa23c135ad3994f8aec59254e370492659d4fb00f03bfeb3e7a","ed8178cd25e30a76529e735dd6487d9fbf98ff403de331bc30d850f4404f43c6"
"signal-000378","src-52714d636d5bda91","group-73f91e629f180340","validation","pri","sparse-jittered","65","0.03","0.25","0.05864265491254628","1.083747997134924","12.541483442456546","2.436306087377618","signals/validation/signal-000378.csv","9220c7db35b90d8b8967c4573bb310880b4fc1abbe34e5d2c798cb88288140fd","ed8178cd25e30a76529e735dd6487d9fbf98ff403de331bc30d850f4404f43c6"
"signal-000379","src-1275732724e0fb05","group-3a5d6e26fb9be781","train","frequency","clean","257","0","0","0.36783763230778277","2.2072185277938843","15.7772656081219","1.6692431559775933","signals/train/signal-000379.csv","b876598f99cfa2d63047239c5e8d20d130a2d02efe25df8488f185c8e702bada","ece019795604b4ef220221ea1300f0c73e399f56aabc36704e68fe613f43898d"
"signal-000380","src-1275732724e0fb05","group-3a5d6e26fb9be781","train","frequency","noisy","129","0.01","0","0.32605474768206477","2.7742843186482786","12.377283097348712","1.747335575872981","signals/train/signal-000380.csv","5c24f9c50d6c838bc7c3fcba515f2dd8d385833e1cbae988f940f6f5caa2aafa","ece019795604b4ef220221ea1300f0c73e399f56aabc36704e68fe613f43898d"
"signal-000381","src-1275732724e0fb05","group-3a5d6e26fb9be781","train","frequency","sparse-jittered","65","0.03","0.25","0.2535034401807934","1.8233173578977584","11.26186739657291","2.54907106946834","signals/train/signal-000381.csv","5fecd3e60609956e537aac92914122e422a236950b7f3a3c0e48bf30fd61f6cc","ece019795604b4ef220221ea1300f0c73e399f56aabc36704e68fe613f43898d"
"signal-000382","src-1275732724e0fb05","group-3a5d6e26fb9be781","train","pri","clean","257","0","0","0.9723041756078601","1.816020126082003","11.112528837115942","2.865474477196498","signals/train/signal-000382.csv","3659b809712d28d1d44820c17efbd912970d542712c0722b6b057cdfb0f3171e","ece019795604b4ef220221ea1300f0c73e399f56aabc36704e68fe613f43898d"
"signal-000383","src-1275732724e0fb05","group-3a5d6e26fb9be781","train","pri","noisy","129","0.01","0","0.26512507000006735","2.7830661341547964","18.824769231838104","3.048123622885253","signals/train/signal-000383.csv","2db10ed358bddb67882ebe7d54ea097441676692e58fd750ee59649ffed6b3d8","ece019795604b4ef220221ea1300f0c73e399f56aabc36704e68fe613f43898d"
"signal-000384","src-1275732724e0fb05","group-3a5d6e26fb9be781","train","pri","sparse-jittered","65","0.03","0.25","0.9398268540389836","2.794742548279464","10.852913067331766","2.873676217530239","signals/train/signal-000384.csv","b8f6555b95af51fd6beb45d7f4b464d1e26d3c06b16df371a3ebb5704e37e9d9","ece019795604b4ef220221ea1300f0c73e399f56aabc36704e68fe613f43898d"
"signal-000385","src-6c7a82fb3933e9c1","group-e30d8cecb0b5759d","test","frequency","clean","257","0","0","0.45427868934348226","1.161581858806312","10.875423783937045","1.7896235382271257","signals/test/signal-000385.csv","6d5a31bb4e1535df3130be19bf7fc357031b7e83583c64ce9289fb6f6da2b07e","3f2a8f34b88b7c631edcebb91891f7dfc3295f99d2740631775dacbb08fed6b4"
"signal-000386","src-6c7a82fb3933e9c1","group-e30d8cecb0b5759d","test","frequency","noisy","129","0.01","0","0.33234488032758236","1.579040305502713","12.618480113303098","0.9780769312142823","signals/test/signal-000386.csv","049815b723b68e6d387763f96fdb81a68f40bc5306addc5fb3609a1724aa1f66","3f2a8f34b88b7c631edcebb91891f7dfc3295f99d2740631775dacbb08fed6b4"
"signal-000387","src-6c7a82fb3933e9c1","group-e30d8cecb0b5759d","test","frequency","sparse-jittered","65","0.03","0.25","0.203703056788072","1.8505977649241685","14.992887017005648","2.736937324168462","signals/test/signal-000387.csv","5bae86d5371e241fed29ba7405a765ce16979728351813f8e1de3030bd40aa17","3f2a8f34b88b7c631edcebb91891f7dfc3295f99d2740631775dacbb08fed6b4"
"signal-000388","src-6c7a82fb3933e9c1","group-e30d8cecb0b5759d","test","pri","clean","257","0","0","0.8633199664764106","2.110429165326059","11.137385221039946","1.493467525731747","signals/test/signal-000388.csv","dfc1947a19c1396abfce6e095623e6913ddb9876bbdd3ca04805021e1565d852","3f2a8f34b88b7c631edcebb91891f7dfc3295f99d2740631775dacbb08fed6b4"
"signal-000389","src-6c7a82fb3933e9c1","group-e30d8cecb0b5759d","test","pri","noisy","129","0.01","0","0.6251838356256485","1.7017145009711385","12.06856807409528","2.280022608979092","signals/test/signal-000389.csv","a3d2ec9bb424bf3d400059027eb1ad7483af6df0620b4f88b39fc8fb37525cfd","3f2a8f34b88b7c631edcebb91891f7dfc3295f99d2740631775dacbb08fed6b4"
"signal-000390","src-6c7a82fb3933e9c1","group-e30d8cecb0b5759d","test","pri","sparse-jittered","65","0.03","0.25","0.12044836045242846","1.3882709860801699","18.006242746181506","2.3404512700639764","signals/test/signal-000390.csv","034a9564d2d20bddaf4849ab22207c55619e79b683a2c8d0c466f544e4be7c9c","3f2a8f34b88b7c631edcebb91891f7dfc3295f99d2740631775dacbb08fed6b4"
"signal-000391","src-69ea4490d887bd9e","group-d397bf94e7f8954d","train","frequency","clean","257","0","0","0.7940987627953291","2.8542586194351314","15.812826538955907","2.459124628145588","signals/train/signal-000391.csv","4e2ad6cc9dbce76ec28e0d834e3edf1bda936fee7afc702350d1e58e548b999e","264217ecd02d69b950c14521fb11ec506ac1b784afdffe9006f937763260670f"
"signal-000392","src-69ea4490d887bd9e","group-d397bf94e7f8954d","train","frequency","noisy","129","0.01","0","0.5568091052118689","2.7232321038842198","18.689457257723763","2.3212451274163897","signals/train/signal-000392.csv","9c0815b626ab1a83c5826fab21088a32ce9e9cdac2111a6cbd631bc00dd394c0","264217ecd02d69b950c14521fb11ec506ac1b784afdffe9006f937763260670f"
"signal-000393","src-69ea4490d887bd9e","group-d397bf94e7f8954d","train","frequency","sparse-jittered","65","0.03","0.25","0.8326458048541099","0.8453377969563007","13.612475945323064","2.418799802047033","signals/train/signal-000393.csv","a078bf9f288d609e9155a406beefb8ec17b6c360f57cd69b325306c9cce77526","264217ecd02d69b950c14521fb11ec506ac1b784afdffe9006f937763260670f"
"signal-000394","src-69ea4490d887bd9e","group-d397bf94e7f8954d","train","pri","clean","257","0","0","0.265392464119941","1.0490010349079966","14.22580565228577","1.0664315730884582","signals/train/signal-000394.csv","f0f6794dd6b6f3468f78e2c7bcd1310e2533e9e71cc4e43ca5c6e0c1b90fcd80","264217ecd02d69b950c14521fb11ec506ac1b784afdffe9006f937763260670f"
"signal-000395","src-69ea4490d887bd9e","group-d397bf94e7f8954d","train","pri","noisy","129","0.01","0","0.890298851300031","3.155793630890548","18.164142134282052","0.8249833623880036","signals/train/signal-000395.csv","0e555a7463608d456b3867ab760087cc0e1329d25717bba1285e04d2ef0bb4e6","264217ecd02d69b950c14521fb11ec506ac1b784afdffe9006f937763260670f"
"signal-000396","src-69ea4490d887bd9e","group-d397bf94e7f8954d","train","pri","sparse-jittered","65","0.03","0.25","0.5017128891777247","2.079301218315959","12.642624717509626","2.8320991832543516","signals/train/signal-000396.csv","5950cdd618bb73f6e1c9fae7b96eda8af4a2a131dd187b40f58355b671657b39","264217ecd02d69b950c14521fb11ec506ac1b784afdffe9006f937763260670f"
"signal-000397","src-fcc9fb5b90d1e467","group-ef5d08f683301a4f","test","frequency","clean","257","0","0","0.9402084681205451","1.1563894486054778","18.80596422850254","2.4368353108778713","signals/test/signal-000397.csv","3f3823d9fb5ac2b6d229f76ff8443e062a912c72935305b59036e0f837e13cca","7c47f4eca16c4dec455475820cb8805d87ee8bd1110c04018b2db61351c3db55"
"signal-000398","src-fcc9fb5b90d1e467","group-ef5d08f683301a4f","test","frequency","noisy","129","0.01","0","0.5898085082881153","2.6864398365840314","15.145607645523043","2.2793937692215067","signals/test/signal-000398.csv","aa2b909ec6fc7d3ac215803f6f59ce6e05b76965b299d132c1385268b65ebdb1","7c47f4eca16c4dec455475820cb8805d87ee8bd1110c04018b2db61351c3db55"
"signal-000399","src-fcc9fb5b90d1e467","group-ef5d08f683301a4f","test","frequency","sparse-jittered","65","0.03","0.25","0.06142821931280196","0.873418314754963","16.613313707746144","1.3461038921638355","signals/test/signal-000399.csv","250879e161f7317b32be273fa6204560801d776b3e13dc0555cdcbebeebdd841","7c47f4eca16c4dec455475820cb8805d87ee8bd1110c04018b2db61351c3db55"
"signal-000400","src-fcc9fb5b90d1e467","group-ef5d08f683301a4f","test","pri","clean","257","0","0","0.4367664307355881","1.5032554240897298","15.005233505129711","1.4280933601056418","signals/test/signal-000400.csv","d98b1034d810c015eb77d2d90dd8b0ad6c2c241264524dae1c5b9924aa60e15c","7c47f4eca16c4dec455475820cb8805d87ee8bd1110c04018b2db61351c3db55"
"signal-000401","src-fcc9fb5b90d1e467","group-ef5d08f683301a4f","test","pri","noisy","129","0.01","0","0.733645390952006","1.6326190695166587","19.274479194948462","1.025340383184119","signals/test/signal-000401.csv","e5a80d82ef4120ca27781fe348a4f0e30689952419c5330493670ff53fa6a67f","7c47f4eca16c4dec455475820cb8805d87ee8bd1110c04018b2db61351c3db55"
"signal-000402","src-fcc9fb5b90d1e467","group-ef5d08f683301a4f","test","pri","sparse-jittered","65","0.03","0.25","0.5025522606447339","1.5628759616985919","14.476846223874631","1.4915164053615033","signals/test/signal-000402.csv","6b6aac055b3050e0ea7e106500da9178e8b51a81b082c66bf9b36668807bc9c3","7c47f4eca16c4dec455475820cb8805d87ee8bd1110c04018b2db61351c3db55"
"signal-000403","src-84cbcd8afbe98473","group-ab563e241af767a0","train","frequency","clean","257","0","0","0.7317934252787381","2.5900497399270535","19.624636021570154","2.412765436948934","signals/train/signal-000403.csv","a21d2b5540908f0bf75cdd46543f575ac04aa25852334a5734d5db6f791a16d3","71f082364476d226b35523434e6a0bccb21eacfd6777ae0935dff5f66fded546"
"signal-000404","src-84cbcd8afbe98473","group-ab563e241af767a0","train","frequency","noisy","129","0.01","0","0.7546143541112542","2.3454949760809543","14.951365554576393","2.4342341148188957","signals/train/signal-000404.csv","880f09356263faf8baa80e08eb2729e20d03e56603e0e8fd1ceea15d85f9865b","71f082364476d226b35523434e6a0bccb21eacfd6777ae0935dff5f66fded546"
"signal-000405","src-84cbcd8afbe98473","group-ab563e241af767a0","train","frequency","sparse-jittered","65","0.03","0.25","0.140833675628528","2.272316490486264","14.003006815589403","3.23793906719429","signals/train/signal-000405.csv","f9944353ce10bedaf507a51cbbe036e3be5c593b77abc1130344b5ec4a2a0daf","71f082364476d226b35523434e6a0bccb21eacfd6777ae0935dff5f66fded546"
"signal-000406","src-84cbcd8afbe98473","group-ab563e241af767a0","train","pri","clean","257","0","0","0.6971708366181701","2.8026522759348156","18.94233959512097","1.6793853904452902","signals/train/signal-000406.csv","bdbf6ee4e1f0812f9b26b7f17cb63736418bb216296467fe178d0b0f0bac9830","71f082364476d226b35523434e6a0bccb21eacfd6777ae0935dff5f66fded546"
"signal-000407","src-84cbcd8afbe98473","group-ab563e241af767a0","train","pri","noisy","129","0.01","0","0.6590503011830151","1.419190555624664","11.353399996208719","1.0676094563213034","signals/train/signal-000407.csv","fb9c9c9f6e8c31385a5dfd627a7bec0fd1a095483d31b649b3a64af6638b64b0","71f082364476d226b35523434e6a0bccb21eacfd6777ae0935dff5f66fded546"
"signal-000408","src-84cbcd8afbe98473","group-ab563e241af767a0","train","pri","sparse-jittered","65","0.03","0.25","0.8155037222895771","2.2088767677545547","16.538637916423284","0.9593342377426488","signals/train/signal-000408.csv","a543e8baafed7511c2fcf9fd00ba29bc38b706ac9a4265e9de6d14ced2ab6a10","71f082364476d226b35523434e6a0bccb21eacfd6777ae0935dff5f66fded546"
"signal-000409","src-158ff4457114c80f","group-bc16e01eee90018b","train","frequency","clean","257","0","0","0.619014278287068","1.6164761498570441","19.70786987256832","2.9115950444597374","signals/train/signal-000409.csv","0a695e6b0857bdc22dbd06036518f8fe15988d7c0a3bc5000e7bd9a110c6ac50","b80d2b21489efc67d195b2b47272b1aafec8ec37861b69543817aea15555afda"
"signal-000410","src-158ff4457114c80f","group-bc16e01eee90018b","train","frequency","noisy","129","0.01","0","0.2607625082600862","3.070623534172773","19.187621351393368","1.7416309377571828","signals/train/signal-000410.csv","862c4024a6dbcbfdd0f2b4997d3e66b8d05b266736db09fcb079f4115dc447fc","b80d2b21489efc67d195b2b47272b1aafec8ec37861b69543817aea15555afda"
"signal-000411","src-158ff4457114c80f","group-bc16e01eee90018b","train","frequency","sparse-jittered","65","0.03","0.25","0.6453325808979571","3.1368167651817203","13.721707960991434","2.489997559676711","signals/train/signal-000411.csv","658c8b661c85af3864672c2b7df70322f42cb853ea7a286a6bbcdfe160c6a2a3","b80d2b21489efc67d195b2b47272b1aafec8ec37861b69543817aea15555afda"
"signal-000412","src-158ff4457114c80f","group-bc16e01eee90018b","train","pri","clean","257","0","0","0.1815280052833259","2.704478380642831","11.846197663004421","2.9945469443101285","signals/train/signal-000412.csv","1e1fc2d62e09670b939d4a26fd6006df90b004bd0afe1eed98dfe76d9af5d79d","b80d2b21489efc67d195b2b47272b1aafec8ec37861b69543817aea15555afda"
"signal-000413","src-158ff4457114c80f","group-bc16e01eee90018b","train","pri","noisy","129","0.01","0","0.6543006431311369","2.33709521163255","18.218277579595423","0.7349321253257592","signals/train/signal-000413.csv","1e074805f62416de1c0ad38bc100e0036604f361f69888a5902a3c77b97da4ed","b80d2b21489efc67d195b2b47272b1aafec8ec37861b69543817aea15555afda"
"signal-000414","src-158ff4457114c80f","group-bc16e01eee90018b","train","pri","sparse-jittered","65","0.03","0.25","0.5965032589156181","2.0419188030064106","16.112744200982576","2.4064374365738335","signals/train/signal-000414.csv","3c4fca7693d50fc9df5def0c4ab12a6cc3c43d58920156a7eda6a86a57a6cbb7","b80d2b21489efc67d195b2b47272b1aafec8ec37861b69543817aea15555afda"
"signal-000415","src-8705254a4959c94f","group-8ac7cb9b9e40febc","calibration","frequency","clean","257","0","0","0.8140536185819656","1.9135578460991383","16.00112673073349","2.8785033237895608","signals/calibration/signal-000415.csv","2ca2aac6c1bbf4d0ce971a78be1f724ed15b833c78a5e32d5cd7d01efe202f69","e9a8e29c9cccde9dc3095e39d86e6662296bbbd7129767a154aabb78a1a2f365"
"signal-000416","src-8705254a4959c94f","group-8ac7cb9b9e40febc","calibration","frequency","noisy","129","0.01","0","0.7002354515716434","1.5683910438790918","14.432461473764267","1.6297465147288577","signals/calibration/signal-000416.csv","d7aa5ecd8af1ec885df9bf2cc1fb1d23fcf4b60bb946339eb24690c59a523947","e9a8e29c9cccde9dc3095e39d86e6662296bbbd7129767a154aabb78a1a2f365"
"signal-000417","src-8705254a4959c94f","group-8ac7cb9b9e40febc","calibration","frequency","sparse-jittered","65","0.03","0.25","0.7037653350271285","1.7199780030176044","18.905195085193185","1.4544746155490813","signals/calibration/signal-000417.csv","d31f3373ba9a2fcc61de2b9660f00c74340896c85b021edec914447ac1d49383","e9a8e29c9cccde9dc3095e39d86e6662296bbbd7129767a154aabb78a1a2f365"
"signal-000418","src-8705254a4959c94f","group-8ac7cb9b9e40febc","calibration","pri","clean","257","0","0","0.49028460611589253","2.928734328597784","13.645298838611724","2.50527652431472","signals/calibration/signal-000418.csv","880ad461108e3c6aa7e8ab8e75eaa8df3829d98e0ba2ed9dab8d787cc4f125e3","e9a8e29c9cccde9dc3095e39d86e6662296bbbd7129767a154aabb78a1a2f365"
"signal-000419","src-8705254a4959c94f","group-8ac7cb9b9e40febc","calibration","pri","noisy","129","0.01","0","0.8951142190489918","0.9757645040750504","10.723462619627753","1.783924057650255","signals/calibration/signal-000419.csv","94d8f2972b27fffb743bf615dfd01dea7e9b5b6ac16532c7692e997c35fe04bc","e9a8e29c9cccde9dc3095e39d86e6662296bbbd7129767a154aabb78a1a2f365"
"signal-000420","src-8705254a4959c94f","group-8ac7cb9b9e40febc","calibration","pri","sparse-jittered","65","0.03","0.25","0.1853133027907461","1.8140102345496416","11.31621328528595","2.8054192375036013","signals/calibration/signal-000420.csv","671aa512243bc34e6b39474c79ec5de22d4f9495143790dc93d574191812c4ce","e9a8e29c9cccde9dc3095e39d86e6662296bbbd7129767a154aabb78a1a2f365"
"signal-000421","src-6d80d4a97eb67696","group-75c9d1942849258d","calibration","frequency","clean","257","0","0","0.7183240833692253","1.7879040097817778","11.201824306688485","2.930498036662236","signals/calibration/signal-000421.csv","65bf6361faade0e3b67659c9f776d24314fd193393eff401041a9b755b13b3bc","5969941e872292fa969b6be9bf964acf88762cda3f6b0f7429fe91aca727c97b"
"signal-000422","src-6d80d4a97eb67696","group-75c9d1942849258d","calibration","frequency","noisy","129","0.01","0","0.10680390265770257","2.4796472497284414","10.856125117056475","0.9690081520593843","signals/calibration/signal-000422.csv","d323369c9130beb95398cac7a2c71254678a0dab6607bbf45b2555dd192cc952","5969941e872292fa969b6be9bf964acf88762cda3f6b0f7429fe91aca727c97b"
"signal-000423","src-6d80d4a97eb67696","group-75c9d1942849258d","calibration","frequency","sparse-jittered","65","0.03","0.25","0.47850071266293526","2.6550804914906623","11.750409454753942","2.0394655663480723","signals/calibration/signal-000423.csv","d7e598a0e85564f36f9c2662cf9b5737b7de0bab8064cbcb440de9aca458ebf4","5969941e872292fa969b6be9bf964acf88762cda3f6b0f7429fe91aca727c97b"
"signal-000424","src-6d80d4a97eb67696","group-75c9d1942849258d","calibration","pri","clean","257","0","0","0.34237915906123817","1.5454565402120353","11.725687330679682","1.7821800543924304","signals/calibration/signal-000424.csv","74a809c7f9b2ebf972b126a2430490c4822839924c209d1677a4410629181d97","5969941e872292fa969b6be9bf964acf88762cda3f6b0f7429fe91aca727c97b"
"signal-000425","src-6d80d4a97eb67696","group-75c9d1942849258d","calibration","pri","noisy","129","0.01","0","0.9998091685120016","2.519379176199436","12.455902630652751","2.210500939189833","signals/calibration/signal-000425.csv","ae79b6c0f32e04962ca0f52673d8839a21fa37a1451455310e6049d4d19cf5e6","5969941e872292fa969b6be9bf964acf88762cda3f6b0f7429fe91aca727c97b"
"signal-000426","src-6d80d4a97eb67696","group-75c9d1942849258d","calibration","pri","sparse-jittered","65","0.03","0.25","0.9946463915985078","1.4719298597425223","15.886046417570537","1.8975858647207904","signals/calibration/signal-000426.csv","78baccf0ad4b9b4e57b379ab1f91189c16e92801a6f3916d9491e9ac08fda111","5969941e872292fa969b6be9bf964acf88762cda3f6b0f7429fe91aca727c97b"
"signal-000427","src-6d3c20ea48b6a5f5","group-eaa0f99cfb945d50","train","frequency","clean","257","0","0","0.8841183981858194","2.4317865094169973","11.69229372984933","2.3915730458586673","signals/train/signal-000427.csv","0cf151849066d1629bd9ee93cb4a35b83169ec9d3494a2295c77e62a19b8d903","d8153ac1d6eaa3d86d2789f572af43576bedda1bf52852c7c3eb717177f2a705"
"signal-000428","src-6d3c20ea48b6a5f5","group-eaa0f99cfb945d50","train","frequency","noisy","129","0.01","0","0.8934934639837593","0.8947571817785502","12.770443882318563","1.513194773105468","signals/train/signal-000428.csv","c2bed9d7dbd67c2bc281518303cc271746824aead198714c6eba5d1bad8b8107","d8153ac1d6eaa3d86d2789f572af43576bedda1bf52852c7c3eb717177f2a705"
"signal-000429","src-6d3c20ea48b6a5f5","group-eaa0f99cfb945d50","train","frequency","sparse-jittered","65","0.03","0.25","0.6256937684956938","3.185404236614704","13.129324108955249","2.167458013609373","signals/train/signal-000429.csv","54a1a6d91e0a93603f2fe6e01ae026dd9bf458f560a212ae8dc5648c6dfe64d4","d8153ac1d6eaa3d86d2789f572af43576bedda1bf52852c7c3eb717177f2a705"
"signal-000430","src-6d3c20ea48b6a5f5","group-eaa0f99cfb945d50","train","pri","clean","257","0","0","0.8208526447415352","2.16399549562484","11.537159692261614","1.0071037315122524","signals/train/signal-000430.csv","9591f4b229641b4e47823d1c94808ddb624b3c63d5eedabde659467a2d208836","d8153ac1d6eaa3d86d2789f572af43576bedda1bf52852c7c3eb717177f2a705"
"signal-000431","src-6d3c20ea48b6a5f5","group-eaa0f99cfb945d50","train","pri","noisy","129","0.01","0","0.1620580251328647","2.3394359117373824","12.199444202603388","0.9921737720842732","signals/train/signal-000431.csv","8e29ec6965d2c339c5ae2f4f05e233787538e55c6c9d379bf8bd685c64aa44fb","d8153ac1d6eaa3d86d2789f572af43576bedda1bf52852c7c3eb717177f2a705"
"signal-000432","src-6d3c20ea48b6a5f5","group-eaa0f99cfb945d50","train","pri","sparse-jittered","65","0.03","0.25","0.030748245771974325","2.549555101059377","18.21745851371696","1.3057896602878358","signals/train/signal-000432.csv","d488bb18c5489f2c470976b27191fca693421276e0f6d472178eff85977dfac5","d8153ac1d6eaa3d86d2789f572af43576bedda1bf52852c7c3eb717177f2a705"
"signal-000433","src-cd123bc17d2cc119","group-f8b7a26d77efb92b","validation","frequency","clean","257","0","0","0.21844249102286994","2.5001960273832085","17.329381990591674","1.3692226447780627","signals/validation/signal-000433.csv","358f1311b5446e671c3e46f25e276f29537b753949de86b49e99e7cd1e99d731","c605fd2708400ecd1debfae826c6d2838c6b32e8ce9ee3adab8653b17e4d95d7"
"signal-000434","src-cd123bc17d2cc119","group-f8b7a26d77efb92b","validation","frequency","noisy","129","0.01","0","0.10408686380833387","3.162007845379412","16.978001117404016","2.4770382018327766","signals/validation/signal-000434.csv","475bfdbbef4c1443799f116722c4811978cdb8bb21ef4c2c28c65a386b05dded","c605fd2708400ecd1debfae826c6d2838c6b32e8ce9ee3adab8653b17e4d95d7"
"signal-000435","src-cd123bc17d2cc119","group-f8b7a26d77efb92b","validation","frequency","sparse-jittered","65","0.03","0.25","0.4677350795827806","1.0637555738911033","14.66085035839673","1.7276913252422172","signals/validation/signal-000435.csv","76ac6f9135ec72ec0641fae87a8c4b70b4aa7ba7a179da9bc7a507a7e7f0e938","c605fd2708400ecd1debfae826c6d2838c6b32e8ce9ee3adab8653b17e4d95d7"
"signal-000436","src-cd123bc17d2cc119","group-f8b7a26d77efb92b","validation","pri","clean","257","0","0","0.36254439293406904","1.1093347255140542","19.794023264476053","2.2651327353128963","signals/validation/signal-000436.csv","d83a96fca7e06e8d0d8a667690624f4b0223e57d90c54e76ffc37152cf4ee4a0","c605fd2708400ecd1debfae826c6d2838c6b32e8ce9ee3adab8653b17e4d95d7"
"signal-000437","src-cd123bc17d2cc119","group-f8b7a26d77efb92b","validation","pri","noisy","129","0.01","0","0.7705498563591391","0.9334098711609841","19.301738845450153","1.529797804089899","signals/validation/signal-000437.csv","89fde2a5cbd0a7890fdf13fc4e964d3f70df63d4ebac0a2ffb808000d8035145","c605fd2708400ecd1debfae826c6d2838c6b32e8ce9ee3adab8653b17e4d95d7"
"signal-000438","src-cd123bc17d2cc119","group-f8b7a26d77efb92b","validation","pri","sparse-jittered","65","0.03","0.25","0.8535020297858864","1.8285150051116943","19.620365232420504","2.130012927118443","signals/validation/signal-000438.csv","d9bc747766a58df9b4c57d9f960348f52d1caad2ee5d55ce50649563715a7092","c605fd2708400ecd1debfae826c6d2838c6b32e8ce9ee3adab8653b17e4d95d7"
"signal-000439","src-fd01bbee75b59d6b","group-8982673287bad6f9","train","frequency","clean","257","0","0","0.13566732383333147","0.9489765036851168","12.00566747324499","1.1418658451773265","signals/train/signal-000439.csv","b9686d811e5544818e6955f2c0b8dddf3c1915560dfa6c817bb9d7e32f3d193e","1b5c956d836a1167d1ba25bf0d4eacf86b7b6d5bdd7c1592a019971ac6cdf2f9"
"signal-000440","src-fd01bbee75b59d6b","group-8982673287bad6f9","train","frequency","noisy","129","0.01","0","0.23229556274600327","1.855874715000391","13.450758979681227","1.0247487437630802","signals/train/signal-000440.csv","8e7b88b8f5c3857f727800b0e68d51fa6f4097ab92a66747f4beab86b791e982","1b5c956d836a1167d1ba25bf0d4eacf86b7b6d5bdd7c1592a019971ac6cdf2f9"
"signal-000441","src-fd01bbee75b59d6b","group-8982673287bad6f9","train","frequency","sparse-jittered","65","0.03","0.25","0.10386912082321942","1.7945544771850108","15.653895916321371","2.114764185432273","signals/train/signal-000441.csv","976dae5006b5da0d4cb3e14d8b7189791c06338f958925bcc832d8ef51b34129","1b5c956d836a1167d1ba25bf0d4eacf86b7b6d5bdd7c1592a019971ac6cdf2f9"
"signal-000442","src-fd01bbee75b59d6b","group-8982673287bad6f9","train","pri","clean","257","0","0","0.8321936824359","1.4509797079488636","15.687227226864742","2.860877296813113","signals/train/signal-000442.csv","256ecea9e98ff631a5210155301c4200fec651fa642a06e726c454384936595f","1b5c956d836a1167d1ba25bf0d4eacf86b7b6d5bdd7c1592a019971ac6cdf2f9"
"signal-000443","src-fd01bbee75b59d6b","group-8982673287bad6f9","train","pri","noisy","129","0.01","0","0.2555093877017498","3.1339254500344396","10.95407586619061","1.6257836628399591","signals/train/signal-000443.csv","d9a299c46831b61e7ffc8cf4c9c7280009ae7dd88dad3721f3ac9a7d76f06fae","1b5c956d836a1167d1ba25bf0d4eacf86b7b6d5bdd7c1592a019971ac6cdf2f9"
"signal-000444","src-fd01bbee75b59d6b","group-8982673287bad6f9","train","pri","sparse-jittered","65","0.03","0.25","0.004372521536424756","1.122919013351202","13.893082929739652","3.14866212699509","signals/train/signal-000444.csv","334adef5b78da6335b72ee76554a1ffcf4b8b00ab747950e1dc4d45d0e4bde04","1b5c956d836a1167d1ba25bf0d4eacf86b7b6d5bdd7c1592a019971ac6cdf2f9"
"signal-000445","src-9ad4fb108b6ba58c","group-85a9171c08b1d9e8","calibration","frequency","clean","257","0","0","0.19182523642666638","2.430852811783552","16.012904800008982","1.3200645857678364","signals/calibration/signal-000445.csv","82119e526e6a5681e608d40255104f2b4724e295048f51456d33ce96afbbd050","0cc8967ee48bbc63aac6afc9bb960a23b5a06480858589496a1338b5bfdfd7bc"
"signal-000446","src-9ad4fb108b6ba58c","group-85a9171c08b1d9e8","calibration","frequency","noisy","129","0.01","0","0.1320613801945001","1.648212742060423","19.48907223839427","1.086720833370439","signals/calibration/signal-000446.csv","f9bae3f17637b8f8036265c1a1c38902b66c6b94c9365d314feeec7f76165aef","0cc8967ee48bbc63aac6afc9bb960a23b5a06480858589496a1338b5bfdfd7bc"
"signal-000447","src-9ad4fb108b6ba58c","group-85a9171c08b1d9e8","calibration","frequency","sparse-jittered","65","0.03","0.25","0.2551708035171032","1.384542882628739","11.686259102303534","1.3058706838864502","signals/calibration/signal-000447.csv","8ac7670c49264643ae0231ebc69220bea767a62c6cd87b50d2eb9afda9b3b384","0cc8967ee48bbc63aac6afc9bb960a23b5a06480858589496a1338b5bfdfd7bc"
"signal-000448","src-9ad4fb108b6ba58c","group-85a9171c08b1d9e8","calibration","pri","clean","257","0","0","0.13084761705249548","2.5896869817748667","13.70792476925999","2.042066033985847","signals/calibration/signal-000448.csv","eb6a8d10e464bae0938fa0b5ceb6b02216fd71d798213a3fcdd71de8e687ac8d","0cc8967ee48bbc63aac6afc9bb960a23b5a06480858589496a1338b5bfdfd7bc"
"signal-000449","src-9ad4fb108b6ba58c","group-85a9171c08b1d9e8","calibration","pri","noisy","129","0.01","0","0.6921084939967841","1.6462509822100402","13.660033969436254","2.7994896430006158","signals/calibration/signal-000449.csv","14ed7f416567871672fd7e4d07898da42a22ad81207e27572e78cfff0e7d4920","0cc8967ee48bbc63aac6afc9bb960a23b5a06480858589496a1338b5bfdfd7bc"
"signal-000450","src-9ad4fb108b6ba58c","group-85a9171c08b1d9e8","calibration","pri","sparse-jittered","65","0.03","0.25","0.8377659500110894","3.1757274858653544","19.833488160958048","1.9507470158270799","signals/calibration/signal-000450.csv","434702af1da2dd0bc4bbb45ad5e056000321f34b1dfb790c1ce4e22c20416e2a","0cc8967ee48bbc63aac6afc9bb960a23b5a06480858589496a1338b5bfdfd7bc"
"signal-000451","src-9feb39c06bcecb7f","group-e7c608f3ff094e4e","test","frequency","clean","257","0","0","0.8966202759183943","2.9812057537958028","10.297157443509263","2.5187961945403696","signals/test/signal-000451.csv","c87925076312a8d2595e7d5bb69cefb9982453c079816bcac73f086e2ebdaf16","e0442047b97cde0184ef857d5df847295696425be3d07269117bc2f28488fbd7"
"signal-000452","src-9feb39c06bcecb7f","group-e7c608f3ff094e4e","test","frequency","noisy","129","0.01","0","0.18542144051752985","2.4652587730437516","19.288302203458375","1.474035651734738","signals/test/signal-000452.csv","00956fce00246ba28604fca4ad584b1f69a736f966e85af9df5b23a22b371558","e0442047b97cde0184ef857d5df847295696425be3d07269117bc2f28488fbd7"
"signal-000453","src-9feb39c06bcecb7f","group-e7c608f3ff094e4e","test","frequency","sparse-jittered","65","0.03","0.25","0.9194170630071312","1.333384621143341","12.55256955565783","2.7460554088034854","signals/test/signal-000453.csv","21e0c906e9a4a2628d3641a3f0bfc858484f2947a5411b157fcc7f5647c13932","e0442047b97cde0184ef857d5df847295696425be3d07269117bc2f28488fbd7"
"signal-000454","src-9feb39c06bcecb7f","group-e7c608f3ff094e4e","test","pri","clean","257","0","0","0.31953598326072097","2.3474325915798544","13.331502978615415","2.6165846528777106","signals/test/signal-000454.csv","2ad3e8255884a361b8358c08976a68ccebcce1d4a68a5e6ebeb1676e297121ce","e0442047b97cde0184ef857d5df847295696425be3d07269117bc2f28488fbd7"
"signal-000455","src-9feb39c06bcecb7f","group-e7c608f3ff094e4e","test","pri","noisy","129","0.01","0","0.6496419950854033","1.8299070369452237","14.064112556330226","1.0562744917172662","signals/test/signal-000455.csv","1c0e57f4ef1a14e58e651867af5b42c8671198146e265fd1738b7c7d886f827e","e0442047b97cde0184ef857d5df847295696425be3d07269117bc2f28488fbd7"
"signal-000456","src-9feb39c06bcecb7f","group-e7c608f3ff094e4e","test","pri","sparse-jittered","65","0.03","0.25","0.020245175110176206","0.8711311392486096","13.818514236374678","1.3702825081624166","signals/test/signal-000456.csv","ca4ba6c8d8f5c98705f226f4721ee33b460e7431b63e205172d0679babe1b04c","e0442047b97cde0184ef857d5df847295696425be3d07269117bc2f28488fbd7"
"signal-000457","src-f35830d55052de66","group-51b3a5ed6a27d17a","test","frequency","clean","257","0","0","0.5716915738303214","3.119565010815859","13.819418124136462","2.2790751382328","signals/test/signal-000457.csv","90f2e5089211df602914199589d57640cb60595857908b13087de7287c611637","88ee379ce48c42c47703c8260d6417a102b03553a2d0b1598daf519e96486dec"
"signal-000458","src-f35830d55052de66","group-51b3a5ed6a27d17a","test","frequency","noisy","129","0.01","0","0.7305736024864018","1.9690692065283657","16.202242015065252","1.6131390431370853","signals/test/signal-000458.csv","7cfe7dd4f47b685ea73b6011fe4d3277d858f20a597b716ac0adccf74b477731","88ee379ce48c42c47703c8260d6417a102b03553a2d0b1598daf519e96486dec"
"signal-000459","src-f35830d55052de66","group-51b3a5ed6a27d17a","test","frequency","sparse-jittered","65","0.03","0.25","0.846499266801402","1.9808779384940862","15.93892017925398","1.1316549819133588","signals/test/signal-000459.csv","b3e53c20faa3836ade98536c01052a7ff1684ed5f50ac96dceea4670a2cfeb85","88ee379ce48c42c47703c8260d6417a102b03553a2d0b1598daf519e96486dec"
"signal-000460","src-f35830d55052de66","group-51b3a5ed6a27d17a","test","pri","clean","257","0","0","0.47995501989498734","1.7976659340783954","15.230926833769438","1.7463474387820401","signals/test/signal-000460.csv","0428417d81fd9e00fd81adfe681a38ce415744e3ec0e8a497d007ef035c3913a","88ee379ce48c42c47703c8260d6417a102b03553a2d0b1598daf519e96486dec"
"signal-000461","src-f35830d55052de66","group-51b3a5ed6a27d17a","test","pri","noisy","129","0.01","0","0.47131398622877896","2.940860854834318","17.415932193567706","0.9965417107272962","signals/test/signal-000461.csv","55693d54a6664224882e54e1ff39d2102000793fea0ef7d4e1988770c824f36d","88ee379ce48c42c47703c8260d6417a102b03553a2d0b1598daf519e96486dec"
"signal-000462","src-f35830d55052de66","group-51b3a5ed6a27d17a","test","pri","sparse-jittered","65","0.03","0.25","0.9687550673261285","2.820542802847922","19.085631712827478","1.826636310137463","signals/test/signal-000462.csv","c30904d3a771596b4151f8fef86320dc8181eeb4fbe4c96a1e592923a4c83733","88ee379ce48c42c47703c8260d6417a102b03553a2d0b1598daf519e96486dec"
"signal-000463","src-4c9adc964f3f7a6e","group-f90309cb683ce2d8","train","frequency","clean","257","0","0","0.9843104716856033","1.4678476639091969","13.747216477103633","1.9290399899000228","signals/train/signal-000463.csv","33fa6e277f2321edd7831f6ce57b493cce9c8f40d09fb6fac6aae812e789e9f5","163f91d7e632d6005a37efb6edc5657b4bd4ff7db9c87dea06665edbddea8861"
"signal-000464","src-4c9adc964f3f7a6e","group-f90309cb683ce2d8","train","frequency","noisy","129","0.01","0","0.1736148300115019","2.8173196151852604","14.570011226173992","1.5266427390097892","signals/train/signal-000464.csv","ee6752014f2180dee7c8ff723fb0b14177ac0a6d92870bd48cb918446e06b40a","163f91d7e632d6005a37efb6edc5657b4bd4ff7db9c87dea06665edbddea8861"
"signal-000465","src-4c9adc964f3f7a6e","group-f90309cb683ce2d8","train","frequency","sparse-jittered","65","0.03","0.25","0.6364720009732991","2.1439264796674253","12.449981403754368","1.2331798241421854","signals/train/signal-000465.csv","4711c12bcee9d36f079b9c0c79abdf85ba9c035f2a30f4df20d56808397bfd04","163f91d7e632d6005a37efb6edc5657b4bd4ff7db9c87dea06665edbddea8861"
"signal-000466","src-4c9adc964f3f7a6e","group-f90309cb683ce2d8","train","pri","clean","257","0","0","0.5454677420202643","1.375957728922367","19.188745438364165","0.7165846991465123","signals/train/signal-000466.csv","0167158a649ad1d67870b300b5bb50805d42bf123d878702e24e0549613e3f3c","163f91d7e632d6005a37efb6edc5657b4bd4ff7db9c87dea06665edbddea8861"
"signal-000467","src-4c9adc964f3f7a6e","group-f90309cb683ce2d8","train","pri","noisy","129","0.01","0","0.017825444927439094","2.3703570190817116","16.17390536192353","1.2756415805064183","signals/train/signal-000467.csv","20554b953aaf18cf08731269cd100cc2e3ea701320faf83313176a251de344df","163f91d7e632d6005a37efb6edc5657b4bd4ff7db9c87dea06665edbddea8861"
"signal-000468","src-4c9adc964f3f7a6e","group-f90309cb683ce2d8","train","pri","sparse-jittered","65","0.03","0.25","0.5055979834869504","1.0619451398029924","18.352166537203978","1.7376394051918638","signals/train/signal-000468.csv","891b7e42a9c6521dbb3ed97498ca98ef4dabc86c14752459d2f17916496e618b","163f91d7e632d6005a37efb6edc5657b4bd4ff7db9c87dea06665edbddea8861"
"signal-000469","src-7a9cc933115d9830","group-914eed170dedc4f9","train","frequency","clean","257","0","0","0.17961252410896122","1.2709394536912442","12.752997416650812","2.919416135244873","signals/train/signal-000469.csv","59f81deedbb5e177a2c7873b0f74718983ccfb6ce3eb4cdbfe896fdaed222234","954f719d35f1ff5cf4fb8274cadd3c1d04f928e12b97f2f7b3d973e2eb62e336"
"signal-000470","src-7a9cc933115d9830","group-914eed170dedc4f9","train","frequency","noisy","129","0.01","0","0.5973065707366914","0.8729621168226004","12.641016779107556","2.8865375409132294","signals/train/signal-000470.csv","2c8daf37f2ceff3eefd79747f51a806cb74fd96f19cb041e447d8403fc40d1ac","954f719d35f1ff5cf4fb8274cadd3c1d04f928e12b97f2f7b3d973e2eb62e336"
"signal-000471","src-7a9cc933115d9830","group-914eed170dedc4f9","train","frequency","sparse-jittered","65","0.03","0.25","0.21925500337965786","2.82253123447299","19.86000742309303","0.9939202735984765","signals/train/signal-000471.csv","db53f579db3696d7bc13204b9a70c2562be1e6275b1129149a842c6478c2e8e1","954f719d35f1ff5cf4fb8274cadd3c1d04f928e12b97f2f7b3d973e2eb62e336"
"signal-000472","src-7a9cc933115d9830","group-914eed170dedc4f9","train","pri","clean","257","0","0","0.3740975072141737","3.1076337594538925","14.375075437802767","1.8375936593909703","signals/train/signal-000472.csv","1168b6e665af2a172f2a0e4c278f013748d4bf2857a58b0784a980a6f32c12c2","954f719d35f1ff5cf4fb8274cadd3c1d04f928e12b97f2f7b3d973e2eb62e336"
"signal-000473","src-7a9cc933115d9830","group-914eed170dedc4f9","train","pri","noisy","129","0.01","0","0.6965240782592446","1.262183380126953","14.832774044659164","2.8457166347589347","signals/train/signal-000473.csv","10482964a636090d4390f096505f597b5f4f860077e26382a839dfebdf3406b6","954f719d35f1ff5cf4fb8274cadd3c1d04f928e12b97f2f7b3d973e2eb62e336"
"signal-000474","src-7a9cc933115d9830","group-914eed170dedc4f9","train","pri","sparse-jittered","65","0.03","0.25","0.01848137518391013","2.8671995749697086","18.058648107503064","2.9206645635528687","signals/train/signal-000474.csv","38964df66ec2652de497bf19891804d43a92120213b567b77a145c42751b73d7","954f719d35f1ff5cf4fb8274cadd3c1d04f928e12b97f2f7b3d973e2eb62e336"
"signal-000475","src-270964818637ea2e","group-1365256366dd80be","train","frequency","clean","257","0","0","0.7571727666072547","2.21664914842695","12.043119122303462","1.7635075534419027","signals/train/signal-000475.csv","acfaa670ed67c21644245803d1656568bbf469bc61377694aca4b4238bd54e83","1f349d4b6289d635555c20c1652161b798eaacaf822bdde41827c8d5c5a37398"
"signal-000476","src-270964818637ea2e","group-1365256366dd80be","train","frequency","noisy","129","0.01","0","0.8792546230833977","3.153441434726119","14.458761012567871","2.8508370079187806","signals/train/signal-000476.csv","9cb5123942b99a55bacac1ca2c015d764b82f3ac3b290091a035beb379f03561","1f349d4b6289d635555c20c1652161b798eaacaf822bdde41827c8d5c5a37398"
"signal-000477","src-270964818637ea2e","group-1365256366dd80be","train","frequency","sparse-jittered","65","0.03","0.25","0.713982452172786","3.0430182484909896","12.131322476846318","2.976682896198964","signals/train/signal-000477.csv","d46a558ce2ee09334e3a624e975eba62701b5fdf9581106744d0e5b1c7e0d891","1f349d4b6289d635555c20c1652161b798eaacaf822bdde41827c8d5c5a37398"
"signal-000478","src-270964818637ea2e","group-1365256366dd80be","train","pri","clean","257","0","0","0.5145767261274159","1.057095074467361","10.605795403670655","1.6446887583863283","signals/train/signal-000478.csv","af3620ce8f75546ddfb8c0e479abd8706e022e084aa299bef73414450de24f55","1f349d4b6289d635555c20c1652161b798eaacaf822bdde41827c8d5c5a37398"
"signal-000479","src-270964818637ea2e","group-1365256366dd80be","train","pri","noisy","129","0.01","0","0.2807781221345067","3.1205945068970324","13.908871532544921","1.2652187095233796","signals/train/signal-000479.csv","452d2875600c0bab6bfa7c1512ca6babf556fe9c6c42b8fdbd170c3f682a703d","1f349d4b6289d635555c20c1652161b798eaacaf822bdde41827c8d5c5a37398"
"signal-000480","src-270964818637ea2e","group-1365256366dd80be","train","pri","sparse-jittered","65","0.03","0.25","0.7305421375203878","2.4748826049268247","15.529904976994075","2.2623493419420786","signals/train/signal-000480.csv","ed3380f68b28a72793ec80dd5b2c24b259a6b3f90b944bcdfdda2930e8bcf588","1f349d4b6289d635555c20c1652161b798eaacaf822bdde41827c8d5c5a37398"
"signal-000481","src-da0bad5e22f1e659","group-35a766dbde3b8266","calibration","frequency","clean","257","0","0","0.5997603551950306","1.5835787031799555","18.781254599570417","0.8057732498043642","signals/calibration/signal-000481.csv","39f957e6fd8895d7e0c9f2464aef917b5a56fcc97dca5855c7466eef68395674","5caccf0e1e0d3349fd2f647fc95598ce96841080633bdffcda816ad1fa5f10b9"
"signal-000482","src-da0bad5e22f1e659","group-35a766dbde3b8266","calibration","frequency","noisy","129","0.01","0","0.6811609019059688","2.899815604835749","17.237103482769175","2.9560389596858965","signals/calibration/signal-000482.csv","a6fd915d8ba41a2a5cc9501d394f26fff9c1ec688f79146ff426aebbaa56b802","5caccf0e1e0d3349fd2f647fc95598ce96841080633bdffcda816ad1fa5f10b9"
"signal-000483","src-da0bad5e22f1e659","group-35a766dbde3b8266","calibration","frequency","sparse-jittered","65","0.03","0.25","0.6464543140027672","0.8051769852638245","17.448835135157438","1.261119402553632","signals/calibration/signal-000483.csv","0a08407d23029b40a555c92b5f9795c86b1e7f99df3887bc9b92701736a1d265","5caccf0e1e0d3349fd2f647fc95598ce96841080633bdffcda816ad1fa5f10b9"
"signal-000484","src-da0bad5e22f1e659","group-35a766dbde3b8266","calibration","pri","clean","257","0","0","0.5841079731471837","3.056576144509018","13.223082894841777","1.0781363583530243","signals/calibration/signal-000484.csv","6cbb3cfb259400cc7dd7c19440bda39a78187a1eaa53f49cfccd073745f3113f","5caccf0e1e0d3349fd2f647fc95598ce96841080633bdffcda816ad1fa5f10b9"
"signal-000485","src-da0bad5e22f1e659","group-35a766dbde3b8266","calibration","pri","noisy","129","0.01","0","0.9504756063688546","1.0038061253726482","13.995704372869891","1.4780113148561576","signals/calibration/signal-000485.csv","4d55ae933e04c30315894d2c67ee9c9c24e9029c2999423ec23cd82e27d29c93","5caccf0e1e0d3349fd2f647fc95598ce96841080633bdffcda816ad1fa5f10b9"
"signal-000486","src-da0bad5e22f1e659","group-35a766dbde3b8266","calibration","pri","sparse-jittered","65","0.03","0.25","0.7010984919033945","0.9298749884590507","13.016226298953587","2.38539243996275","signals/calibration/signal-000486.csv","01fb6c0c4349857bbc9244254e2d973451b6e5a30426189f0b28113b31d5c1ad","5caccf0e1e0d3349fd2f647fc95598ce96841080633bdffcda816ad1fa5f10b9"
"signal-000487","src-5e0c48bc70e7c510","group-ae4501bfb7adc328","test","frequency","clean","257","0","0","0.07364440662786365","1.136214846931398","17.436558449391207","0.8935657317865662","signals/test/signal-000487.csv","c29c814f714847058268e64b7c7696c59dff02f14236b371aa1510927216315f","4b3896a0764ce8740aa9a2075dcb8d92a1d8ad5a88b8e32bf7548fba7cd440a8"
"signal-000488","src-5e0c48bc70e7c510","group-ae4501bfb7adc328","test","frequency","noisy","129","0.01","0","0.6699575604870915","1.1573682123795153","17.06391582857578","1.5812107215815452","signals/test/signal-000488.csv","d0776698e7bfd7bae86b9097134626bcde0cf4a1e80d8ea2c7769bf85180a218","4b3896a0764ce8740aa9a2075dcb8d92a1d8ad5a88b8e32bf7548fba7cd440a8"
"signal-000489","src-5e0c48bc70e7c510","group-ae4501bfb7adc328","test","frequency","sparse-jittered","65","0.03","0.25","0.9510125843808055","2.7593018064275383","10.859751482484878","1.632454394498497","signals/test/signal-000489.csv","ab99bd3263f5b6ad3dbfe5357b2be15f6c60f5f52b9d016b374e325e7d3503c6","4b3896a0764ce8740aa9a2075dcb8d92a1d8ad5a88b8e32bf7548fba7cd440a8"
"signal-000490","src-5e0c48bc70e7c510","group-ae4501bfb7adc328","test","pri","clean","257","0","0","0.6169565382879227","1.8070370074361564","18.50618863456075","2.402882245081422","signals/test/signal-000490.csv","ef2412acde24f51bd11331e75dc475b236aec4c4b9c45e2a062a1f166963eb0a","4b3896a0764ce8740aa9a2075dcb8d92a1d8ad5a88b8e32bf7548fba7cd440a8"
"signal-000491","src-5e0c48bc70e7c510","group-ae4501bfb7adc328","test","pri","noisy","129","0.01","0","0.7486886202823371","2.691660327836871","11.9769023119159","1.970750346917999","signals/test/signal-000491.csv","522dd65d4d8043c49332065c4acc923a5b79f0c6b07b6e3e6090d8b3010942a9","4b3896a0764ce8740aa9a2075dcb8d92a1d8ad5a88b8e32bf7548fba7cd440a8"
"signal-000492","src-5e0c48bc70e7c510","group-ae4501bfb7adc328","test","pri","sparse-jittered","65","0.03","0.25","0.47841911972500384","3.0793835639953615","14.60036645736994","2.273069566455092","signals/test/signal-000492.csv","2d9be065744380801d5dc32dd7c9394ac2d8854d3a228e3a72d806a26c5e22c6","4b3896a0764ce8740aa9a2075dcb8d92a1d8ad5a88b8e32bf7548fba7cd440a8"
"signal-000493","src-80ff4455216f8176","group-e126ff2223f48f6d","train","frequency","clean","257","0","0","0.2676755932625383","2.7162575948983427","16.832130446373274","1.6747376162744203","signals/train/signal-000493.csv","f2c13d02c629a3a1e51d963cbd9c1f1e0574832a7640655de31320694f4ef11c","04a07e3fd6ae05ef5b8df313bd2a0635c8a4d3d24af454afd916e40e495ef5b3"
"signal-000494","src-80ff4455216f8176","group-e126ff2223f48f6d","train","frequency","noisy","129","0.01","0","0.4306263402104378","2.3864453228190543","16.947058112213526","1.000384101692731","signals/train/signal-000494.csv","da0c0ce193ea857fe9188183f88145377ff3749e0595f53763026a228d96b765","04a07e3fd6ae05ef5b8df313bd2a0635c8a4d3d24af454afd916e40e495ef5b3"
"signal-000495","src-80ff4455216f8176","group-e126ff2223f48f6d","train","frequency","sparse-jittered","65","0.03","0.25","0.6691743116825819","1.6653830634430051","14.612153350518511","3.197037473747571","signals/train/signal-000495.csv","7c1e2fe189e9aa9ff26d1ab96bd138f1cbcd32c4da21473fb77d507adc628e3f","04a07e3fd6ae05ef5b8df313bd2a0635c8a4d3d24af454afd916e40e495ef5b3"
"signal-000496","src-80ff4455216f8176","group-e126ff2223f48f6d","train","pri","clean","257","0","0","0.5872295959852636","1.535523389838636","10.154309552573618","1.7240729416733735","signals/train/signal-000496.csv","66922d7f1d861537197f84572a4242c663a5988f62a6c90b81f3b7416a41de76","04a07e3fd6ae05ef5b8df313bd2a0635c8a4d3d24af454afd916e40e495ef5b3"
"signal-000497","src-80ff4455216f8176","group-e126ff2223f48f6d","train","pri","noisy","129","0.01","0","0.21909438981674612","2.092085674777627","19.462573554077352","2.9451742603694235","signals/train/signal-000497.csv","793bcab3193e7601c452218498c1ffef0389cfa1833ebaf8b88622da7123a292","04a07e3fd6ae05ef5b8df313bd2a0635c8a4d3d24af454afd916e40e495ef5b3"
"signal-000498","src-80ff4455216f8176","group-e126ff2223f48f6d","train","pri","sparse-jittered","65","0.03","0.25","0.94465730083175","2.3467821575701238","12.244639467821752","3.1543254691312885","signals/train/signal-000498.csv","6784abdc834b47246bb792dd9515644742048eb7957ff176f375a365930176df","04a07e3fd6ae05ef5b8df313bd2a0635c8a4d3d24af454afd916e40e495ef5b3"
"signal-000499","src-ff44b800d790e4d5","group-6986fc344ec6fdf1","train","frequency","clean","257","0","0","0.5342090129852295","3.1048220606520776","13.779459216513022","1.9595190450799809","signals/train/signal-000499.csv","15280591f891ec122dbbc6578fd62bce23a5b08f61e31fa5c571bc2bb53f769e","3e080eb7c55be86c4b85d5083882a3ee71682aa2d6d01dbad2c9d80efa19ea5d"
"signal-000500","src-ff44b800d790e4d5","group-6986fc344ec6fdf1","train","frequency","noisy","129","0.01","0","0.11896261642687023","1.4208087485283614","14.361587603494417","1.609354264828939","signals/train/signal-000500.csv","266c1cb6f4a901d147bd2f64f5dd4ee7a4d2b441f05b9e27016c38ba1f95c364","3e080eb7c55be86c4b85d5083882a3ee71682aa2d6d01dbad2c9d80efa19ea5d"
"signal-000501","src-ff44b800d790e4d5","group-6986fc344ec6fdf1","train","frequency","sparse-jittered","65","0.03","0.25","0.7473630278836936","1.5710845064371823","15.024917725042972","1.1725929739339342","signals/train/signal-000501.csv","d98d8f025be492d338018ccc54852121fc25c0ededaf56a8714cf7b99f3d5efe","3e080eb7c55be86c4b85d5083882a3ee71682aa2d6d01dbad2c9d80efa19ea5d"
"signal-000502","src-ff44b800d790e4d5","group-6986fc344ec6fdf1","train","pri","clean","257","0","0","0.7996821305714548","3.019874425791204","17.68813877379163","0.9502052063429041","signals/train/signal-000502.csv","172c174355e95d404ec6f2aa77b80c896c0e6075953c5878fd95d7aa55fd70fd","3e080eb7c55be86c4b85d5083882a3ee71682aa2d6d01dbad2c9d80efa19ea5d"
"signal-000503","src-ff44b800d790e4d5","group-6986fc344ec6fdf1","train","pri","noisy","129","0.01","0","0.0636715991422534","1.5397756287828088","11.63869534600389","2.8119820169128538","signals/train/signal-000503.csv","b506a7db4617c5a18912554227da2c57e4349f77485e3da64223fb07048480ed","3e080eb7c55be86c4b85d5083882a3ee71682aa2d6d01dbad2c9d80efa19ea5d"
"signal-000504","src-ff44b800d790e4d5","group-6986fc344ec6fdf1","train","pri","sparse-jittered","65","0.03","0.25","0.42534691956825554","2.351423782855272","14.324124673516316","2.9383071526387976","signals/train/signal-000504.csv","a8c68de7b2da62777cb4cf0a939e09fe3c31767bee137d5df408181a6c9d7aa0","3e080eb7c55be86c4b85d5083882a3ee71682aa2d6d01dbad2c9d80efa19ea5d"
"signal-000505","src-4e0f5ce337fc7d9c","group-4c37b922f69f6792","train","frequency","clean","257","0","0","0.6446423504967242","1.7888825215399264","17.69086587761888","2.2837995220685343","signals/train/signal-000505.csv","24c2d976e186725d7d2c1e1a55b0bb266fb5041e73cb1519fbe0a9ff24bef14c","10a23dd4260a89dec07c6bb22c43f14483cfc9ce003d45b89cfd08b1fd8e2a73"
"signal-000506","src-4e0f5ce337fc7d9c","group-4c37b922f69f6792","train","frequency","noisy","129","0.01","0","0.8190383666660637","1.141016835346818","11.721738692433409","1.2902163274398664","signals/train/signal-000506.csv","644131a6d7e1d5bc2ab661e1a9fda7f3943d30b799f583747e67785aa4133d0b","10a23dd4260a89dec07c6bb22c43f14483cfc9ce003d45b89cfd08b1fd8e2a73"
"signal-000507","src-4e0f5ce337fc7d9c","group-4c37b922f69f6792","train","frequency","sparse-jittered","65","0.03","0.25","0.25037705688737333","1.2294254306703807","11.37183719697756","1.293752283222961","signals/train/signal-000507.csv","766d46042b1522bca45b2633c8070a7aebd26d1d306a5e7b463fc3172e0dd8a1","10a23dd4260a89dec07c6bb22c43f14483cfc9ce003d45b89cfd08b1fd8e2a73"
"signal-000508","src-4e0f5ce337fc7d9c","group-4c37b922f69f6792","train","pri","clean","257","0","0","0.6275520178023726","3.1480815127491955","10.613745643383892","1.945094774889764","signals/train/signal-000508.csv","70c8c9932291d1c1e4da97db9091405cf3e9a44f9c0f02c44a1d0a9e915764f7","10a23dd4260a89dec07c6bb22c43f14483cfc9ce003d45b89cfd08b1fd8e2a73"
"signal-000509","src-4e0f5ce337fc7d9c","group-4c37b922f69f6792","train","pri","noisy","129","0.01","0","0.9922062722034752","2.973394772224128","17.08135269289945","2.3709345815181155","signals/train/signal-000509.csv","0204384c1d2e7a3e1ffe63121dd9c630166d9f55962d38508dee11ceb9a97d60","10a23dd4260a89dec07c6bb22c43f14483cfc9ce003d45b89cfd08b1fd8e2a73"
"signal-000510","src-4e0f5ce337fc7d9c","group-4c37b922f69f6792","train","pri","sparse-jittered","65","0.03","0.25","0.5009484563488513","1.027007917314768","10.512194324981955","2.2269379452386424","signals/train/signal-000510.csv","81e7786c0853da8d5cb29f3c07395f633f35c8f1799c7b3642cc9386d20466dd","10a23dd4260a89dec07c6bb22c43f14483cfc9ce003d45b89cfd08b1fd8e2a73"
"signal-000511","src-38d6a492b4531c68","group-57ba873ae9e24a70","calibration","frequency","clean","257","0","0","0.11763357254676521","2.0105752941221","12.533382179681212","0.7766621273942285","signals/calibration/signal-000511.csv","fc31e97bfdfc4901903eec3694927db5a49a344e9e01b8091811276d96023842","4da98cd8eb730f28928da87c9c51cf837a283bf62325f989c9790cd9cc4119e0"
"signal-000512","src-38d6a492b4531c68","group-57ba873ae9e24a70","calibration","frequency","noisy","129","0.01","0","0.9702184447087348","1.0840607030317186","11.28969804234398","1.6753236112709864","signals/calibration/signal-000512.csv","f8276c0972b0914ee3c71d893e458dd21495a21332467759d8866343d111da12","4da98cd8eb730f28928da87c9c51cf837a283bf62325f989c9790cd9cc4119e0"
"signal-000513","src-38d6a492b4531c68","group-57ba873ae9e24a70","calibration","frequency","sparse-jittered","65","0.03","0.25","0.6216942495666444","1.9721448441967369","17.348323915949464","1.0486263954922634","signals/calibration/signal-000513.csv","1fa93e2fa2932df4b2b37a1b621fb70a6a71151606e45eb1f56aef299c97bda6","4da98cd8eb730f28928da87c9c51cf837a283bf62325f989c9790cd9cc4119e0"
"signal-000514","src-38d6a492b4531c68","group-57ba873ae9e24a70","calibration","pri","clean","257","0","0","0.5036313333548605","2.7792583210393786","19.680796694010496","0.8098888363922043","signals/calibration/signal-000514.csv","4e6a2cc664484deb168c9f8da9e851e516f3f753088f4c0628c3cc7431cf9858","4da98cd8eb730f28928da87c9c51cf837a283bf62325f989c9790cd9cc4119e0"
"signal-000515","src-38d6a492b4531c68","group-57ba873ae9e24a70","calibration","pri","noisy","129","0.01","0","0.8548424011096358","2.0965286472812297","13.810714015704045","1.6338207502303028","signals/calibration/signal-000515.csv","41a1c725cab10855afbc9bf7d5d48312918d7e1285bdc4ac221d23ad3a9f55a9","4da98cd8eb730f28928da87c9c51cf837a283bf62325f989c9790cd9cc4119e0"
"signal-000516","src-38d6a492b4531c68","group-57ba873ae9e24a70","calibration","pri","sparse-jittered","65","0.03","0.25","0.062153100268915296","3.142785229533911","18.104942961759356","1.039538030556166","signals/calibration/signal-000516.csv","22eded4459d8b50d280fb072ef1c216b92bfc7def2455622d3db34938638019b","4da98cd8eb730f28928da87c9c51cf837a283bf62325f989c9790cd9cc4119e0"
"signal-000517","src-8797e203c250799f","group-3d102a436847728f","train","frequency","clean","257","0","0","0.367509312229231","1.3987741075456142","12.65802276254366","2.527295851560506","signals/train/signal-000517.csv","ac7d5295a5e580513c306deb076b1e8fd98b6ba1a6ef0dd4db60c652ba18db5c","749b2b8785dc12dfe7085233809aba740c7079fca1dd49288967ebfffb248220"
"signal-000518","src-8797e203c250799f","group-3d102a436847728f","train","frequency","noisy","129","0.01","0","0.610470351530239","2.5457071375101803","10.582852011257163","0.7652333764302668","signals/train/signal-000518.csv","eaf1074598bf903f79c8a3d5ada4a8a3c962e7b2a0d00ef400e3e9c6b97606dc","749b2b8785dc12dfe7085233809aba740c7079fca1dd49288967ebfffb248220"
"signal-000519","src-8797e203c250799f","group-3d102a436847728f","train","frequency","sparse-jittered","65","0.03","0.25","0.773649467388168","0.9020338147878647","10.005032099082857","2.2657210928678797","signals/train/signal-000519.csv","0315da96ce7cd9cd1f2168e51e9e60de578ca2350c06c1cc3ebb743f512d0668","749b2b8785dc12dfe7085233809aba740c7079fca1dd49288967ebfffb248220"
"signal-000520","src-8797e203c250799f","group-3d102a436847728f","train","pri","clean","257","0","0","0.18622099957428873","2.75799247212708","19.942630204830607","1.492844846653913","signals/train/signal-000520.csv","659e0b88d4c9846f1a4925e139b8b5ddcfb1c99e4496c0ff836244c301d982a7","749b2b8785dc12dfe7085233809aba740c7079fca1dd49288967ebfffb248220"
"signal-000521","src-8797e203c250799f","group-3d102a436847728f","train","pri","noisy","129","0.01","0","0.7338556009344757","1.0525560414418578","10.044284178876246","1.5486042352453264","signals/train/signal-000521.csv","53784ec1c45b8fbf2dbec120a3e4e4bab0fb3360aebaa5c5910c2ba7285edb15","749b2b8785dc12dfe7085233809aba740c7079fca1dd49288967ebfffb248220"
"signal-000522","src-8797e203c250799f","group-3d102a436847728f","train","pri","sparse-jittered","65","0.03","0.25","0.5103666135109961","2.3625552279874684","16.67312501105555","3.107006688338407","signals/train/signal-000522.csv","899ba837c90f8dba0f45ed77e1d44ae2b4218545761eb92dc417e833f10fb549","749b2b8785dc12dfe7085233809aba740c7079fca1dd49288967ebfffb248220"
"signal-000523","src-7b8d78aaf0154b50","group-7a264c72a614da56","test","frequency","clean","257","0","0","0.37899244856089354","1.2923598000779748","14.008688685569245","2.550443104357047","signals/test/signal-000523.csv","af0a10ea93b03cf209f0184fc4f7496ad4783e59c448fc462193d86671ff0fa5","57d7d0b9d948d7c459bfb830baa1094c4939e612ffee877ba399e7524dee5db6"
"signal-000524","src-7b8d78aaf0154b50","group-7a264c72a614da56","test","frequency","noisy","129","0.01","0","0.2555572090204805","2.124094830825925","19.6406878592671","2.7171351357345017","signals/test/signal-000524.csv","4f75c735e7e1f4223bf86681d775c5391bac66ba9d9ef3611a571fc33a7ed0b4","57d7d0b9d948d7c459bfb830baa1094c4939e612ffee877ba399e7524dee5db6"
"signal-000525","src-7b8d78aaf0154b50","group-7a264c72a614da56","test","frequency","sparse-jittered","65","0.03","0.25","0.0009655586909502745","2.427690039202571","10.56094371575498","2.6083793598042693","signals/test/signal-000525.csv","f8a9828631a9d08ea0969232862fbeab133cc0418b3c9ef7ba17a38cbaad4b40","57d7d0b9d948d7c459bfb830baa1094c4939e612ffee877ba399e7524dee5db6"
"signal-000526","src-7b8d78aaf0154b50","group-7a264c72a614da56","test","pri","clean","257","0","0","0.44570143753662705","3.0237663669511674","10.324573951984034","2.444199085229396","signals/test/signal-000526.csv","d2dc764d0f4a14c177a135888358b3807ca38f3f0f8050a6192d3421db6bf985","57d7d0b9d948d7c459bfb830baa1094c4939e612ffee877ba399e7524dee5db6"
"signal-000527","src-7b8d78aaf0154b50","group-7a264c72a614da56","test","pri","noisy","129","0.01","0","0.8876721917185932","0.8464476257562638","10.831400879958913","2.777553063806481","signals/test/signal-000527.csv","83a3442d80f2acf34628fcccb3e75a443922c3cdb560a33d0f2282aa4cc7740c","57d7d0b9d948d7c459bfb830baa1094c4939e612ffee877ba399e7524dee5db6"
"signal-000528","src-7b8d78aaf0154b50","group-7a264c72a614da56","test","pri","sparse-jittered","65","0.03","0.25","0.1357262609526515","3.077896202541888","18.93206536017384","1.0352336040415366","signals/test/signal-000528.csv","7725cd855c83e00dd6af5b7d7f99c9665e229b07dea3a07cd7d4cbb118c749f6","57d7d0b9d948d7c459bfb830baa1094c4939e612ffee877ba399e7524dee5db6"
"signal-000529","src-8a0e8363d04105f6","group-2d14ec6326b6fa95","train","frequency","clean","257","0","0","0.10056717391125858","1.5116824101656676","10.539126094879267","2.2715814875495006","signals/train/signal-000529.csv","180f9a3c187dfb84339c27d4ab0bcff68ccffa7fe3dfe1433a75810abee0dc19","d1995c7d9125a6bccaee6fb6b88c5dc1ec6142dead28f70aad39afa21df10df0"
"signal-000530","src-8a0e8363d04105f6","group-2d14ec6326b6fa95","train","frequency","noisy","129","0.01","0","0.26713035022839904","1.4767989715561272","15.720421763166236","1.0419362431031303","signals/train/signal-000530.csv","9b60348351bc8891b5820a86f3d99cfd9de743b6ff7c0c43d7328e2fa37ca9eb","d1995c7d9125a6bccaee6fb6b88c5dc1ec6142dead28f70aad39afa21df10df0"
"signal-000531","src-8a0e8363d04105f6","group-2d14ec6326b6fa95","train","frequency","sparse-jittered","65","0.03","0.25","0.7229088682215661","1.0864718731492757","14.064683900610962","1.2443839041130609","signals/train/signal-000531.csv","f9418476501973c3da7f5afffcbc21de12baf9b1fd08d257ad21decc8107638f","d1995c7d9125a6bccaee6fb6b88c5dc1ec6142dead28f70aad39afa21df10df0"
"signal-000532","src-8a0e8363d04105f6","group-2d14ec6326b6fa95","train","pri","clean","257","0","0","0.9737189160659909","0.8762095326557756","15.163860060120456","2.4380234044071614","signals/train/signal-000532.csv","3ff485b71dddc4226f0a6b56b88872e6786ecbd26ecb514e788036eba686f9b8","d1995c7d9125a6bccaee6fb6b88c5dc1ec6142dead28f70aad39afa21df10df0"
"signal-000533","src-8a0e8363d04105f6","group-2d14ec6326b6fa95","train","pri","noisy","129","0.01","0","0.03756074793636799","2.775053067691624","14.04218433610578","1.482086896425491","signals/train/signal-000533.csv","8717a3df234f8e944999c219e9d479b3a9c8422eb3287491608090f039537fac","d1995c7d9125a6bccaee6fb6b88c5dc1ec6142dead28f70aad39afa21df10df0"
"signal-000534","src-8a0e8363d04105f6","group-2d14ec6326b6fa95","train","pri","sparse-jittered","65","0.03","0.25","0.0848949970677495","3.036075382865965","19.803890693465064","2.8021726411998706","signals/train/signal-000534.csv","d8b5b481e1bf4f459d7e293f6ac9c4479c9941f8664ec6d51ebc676b3c937520","d1995c7d9125a6bccaee6fb6b88c5dc1ec6142dead28f70aad39afa21df10df0"
"signal-000535","src-37d64ebf18acf5fe","group-f62eeb89f1261d09","train","frequency","clean","257","0","0","0.6911317796912044","1.0149351749569178","19.744485513587552","2.0133885314137885","signals/train/signal-000535.csv","40c16f24b1a61a09a1ded1efe552f89d9817d812a0218a89c2dec118fe25279c","313cca369dee9bccb0ae45a6226c5276e283a0d90451e079a734696112e079f4"
"signal-000536","src-37d64ebf18acf5fe","group-f62eeb89f1261d09","train","frequency","noisy","129","0.01","0","0.5933193187229335","1.7824834888800978","17.06119400060947","1.1016342377217931","signals/train/signal-000536.csv","335d2c7e513fc7a6605b8aedd69cd74cdf4a1ec4cde9ff2cc7d9b79064d76854","313cca369dee9bccb0ae45a6226c5276e283a0d90451e079a734696112e079f4"
"signal-000537","src-37d64ebf18acf5fe","group-f62eeb89f1261d09","train","frequency","sparse-jittered","65","0.03","0.25","0.29009684827178717","2.618448809720576","11.862316213527368","3.120712350327409","signals/train/signal-000537.csv","6bf6227077fbba0836bfcd7fa2584a30d67d620ccfd8c108a4587f168422ff39","313cca369dee9bccb0ae45a6226c5276e283a0d90451e079a734696112e079f4"
"signal-000538","src-37d64ebf18acf5fe","group-f62eeb89f1261d09","train","pri","clean","257","0","0","0.5620803902857006","2.7134332841262223","18.765991175073975","1.3733897278213476","signals/train/signal-000538.csv","07b5c8ecdc34ad6eb2c9b918c9b00aadb6cc20459f7a3bcfbc8bf4bbea7b16cb","313cca369dee9bccb0ae45a6226c5276e283a0d90451e079a734696112e079f4"
"signal-000539","src-37d64ebf18acf5fe","group-f62eeb89f1261d09","train","pri","noisy","129","0.01","0","0.7340024195145816","1.0661690931767225","13.631494695636807","2.1032303200597617","signals/train/signal-000539.csv","d9a5c44bea63ec6c0cb96bc2cec1bf3c3f648a3a83ea75214901e4a96f652fc1","313cca369dee9bccb0ae45a6226c5276e283a0d90451e079a734696112e079f4"
"signal-000540","src-37d64ebf18acf5fe","group-f62eeb89f1261d09","train","pri","sparse-jittered","65","0.03","0.25","0.4994507236406207","2.2377997824922202","12.724373325064516","1.7483604614513233","signals/train/signal-000540.csv","de93c1bd482cb72db09a08bf5b8e32c451f8789ae20cac5746587474febcf602","313cca369dee9bccb0ae45a6226c5276e283a0d90451e079a734696112e079f4"
"signal-000541","src-4f3d93a64539140c","group-5b62049ec26328d8","test","frequency","clean","257","0","0","0.5042829681187868","1.7711701111868023","12.898756295743453","2.2093209713639492","signals/test/signal-000541.csv","1756a90c39bfe90e03df09ea571b1f1964c4cecef18bfe3dcc08c9deb2f71772","268dce2d6ef68a306d1c3fd4ddf78a2ff30a392f9dbd7e7a7a06dad31768fce5"
"signal-000542","src-4f3d93a64539140c","group-5b62049ec26328d8","test","frequency","noisy","129","0.01","0","0.04497750336304307","1.2694523258134722","18.732674662985513","1.4160400045842607","signals/test/signal-000542.csv","678c391636ee8871601a72abadb37702f95d2dc2313cb3e3db5325d21fcf96e1","268dce2d6ef68a306d1c3fd4ddf78a2ff30a392f9dbd7e7a7a06dad31768fce5"
"signal-000543","src-4f3d93a64539140c","group-5b62049ec26328d8","test","frequency","sparse-jittered","65","0.03","0.25","0.40332125895656645","1.6398657456040384","18.754284596510217","2.5503224278429215","signals/test/signal-000543.csv","ef90bed30f00502beb1a3ce8649bd611f7fc9b953d490126ed2d45a092742c1d","268dce2d6ef68a306d1c3fd4ddf78a2ff30a392f9dbd7e7a7a06dad31768fce5"
"signal-000544","src-4f3d93a64539140c","group-5b62049ec26328d8","test","pri","clean","257","0","0","0.0183737191837281","2.7878683086484672","14.431644238282779","1.5077262016444184","signals/test/signal-000544.csv","232689821fda0e6568e8ae02378ef2505eb51f6c4e9267338638e444f0473e1a","268dce2d6ef68a306d1c3fd4ddf78a2ff30a392f9dbd7e7a7a06dad31768fce5"
"signal-000545","src-4f3d93a64539140c","group-5b62049ec26328d8","test","pri","noisy","129","0.01","0","0.43950239731930196","3.006609049811959","15.403633687327948","2.6111738520697507","signals/test/signal-000545.csv","e2e2b74633ec255219a8734058c517806e960cc5065a453e57b1fb9ef64de1f6","268dce2d6ef68a306d1c3fd4ddf78a2ff30a392f9dbd7e7a7a06dad31768fce5"
"signal-000546","src-4f3d93a64539140c","group-5b62049ec26328d8","test","pri","sparse-jittered","65","0.03","0.25","0.47683871048502624","2.243669905886054","15.075417819264416","0.738577980260759","signals/test/signal-000546.csv","0ab10af84f87dc2f1fc13e1d10aba1f2588a7b51e9b17c9719cbeca8b25769d1","268dce2d6ef68a306d1c3fd4ddf78a2ff30a392f9dbd7e7a7a06dad31768fce5"
"signal-000547","src-fc16401bb94dca2c","group-ddcfbacf4bf14dbe","test","frequency","clean","257","0","0","0.5489485699217767","2.342240720614791","15.00851825823484","2.26922419411053","signals/test/signal-000547.csv","a44b73e86f3f8d9999fb2b1ad25d59af12c3c25a53afa2f26e5c2c67921db80e","3e7b63a82002c87be7787aac546ba36c46fa515f08b4e7e07b6a249172e929d6"
"signal-000548","src-fc16401bb94dca2c","group-ddcfbacf4bf14dbe","test","frequency","noisy","129","0.01","0","0.4067274716217071","0.83991953805089","15.151483699024194","0.8452924587547006","signals/test/signal-000548.csv","bb7049c0ed8ca8f8cb05d7748ab3066930b4cb7217aed7116f729a552c164200","3e7b63a82002c87be7787aac546ba36c46fa515f08b4e7e07b6a249172e929d6"
"signal-000549","src-fc16401bb94dca2c","group-ddcfbacf4bf14dbe","test","frequency","sparse-jittered","65","0.03","0.25","0.13221617764793336","1.7294106174260377","19.023313670881173","3.392056399183513","signals/test/signal-000549.csv","50d5bdc7fb217870eb91ddfe982a212b0eddedf33b3ec80cd6a224e1ce6fa459","3e7b63a82002c87be7787aac546ba36c46fa515f08b4e7e07b6a249172e929d6"
"signal-000550","src-fc16401bb94dca2c","group-ddcfbacf4bf14dbe","test","pri","clean","257","0","0","0.4228739123791456","0.9921547519043088","15.645736155406867","0.9705088134377498","signals/test/signal-000550.csv","b49d5f4dc4d6fa411b3493501d8c57d00ea637236552805052971e30ac1c9bfe","3e7b63a82002c87be7787aac546ba36c46fa515f08b4e7e07b6a249172e929d6"
"signal-000551","src-fc16401bb94dca2c","group-ddcfbacf4bf14dbe","test","pri","noisy","129","0.01","0","0.9059234824962914","1.4814197985455393","13.5758774446658","0.8830462719968057","signals/test/signal-000551.csv","ebeafe9944ef7730d8a650d6a09b5b163a2951a93529baa9ee9d268e12dd9de8","3e7b63a82002c87be7787aac546ba36c46fa515f08b4e7e07b6a249172e929d6"
"signal-000552","src-fc16401bb94dca2c","group-ddcfbacf4bf14dbe","test","pri","sparse-jittered","65","0.03","0.25","0.7624211385846138","2.611417427845299","15.672794394440828","0.837130397726142","signals/test/signal-000552.csv","e49c1e4ba232cc5123ed4b0d7874da217c77100f79c9ba5ad291845c898c5af4","3e7b63a82002c87be7787aac546ba36c46fa515f08b4e7e07b6a249172e929d6"
"signal-000553","src-69b7db880b60984d","group-4a61d5c5a331706c","test","frequency","clean","257","0","0","0.02849277528002858","1.2932064739987255","16.13623370414429","1.8963183585521808","signals/test/signal-000553.csv","87d66fbd95f1d1bf349daa02a939301d34d406ead2a015500840d08e53caf98d","6b845695d174ea5e9533379df7d7dffa806258eabd2a27ce5dc5c58d7a8d0681"
"signal-000554","src-69b7db880b60984d","group-4a61d5c5a331706c","test","frequency","noisy","129","0.01","0","0.3210085378959775","0.8218210572376847","12.765485783100413","2.5876601298171646","signals/test/signal-000554.csv","6d69b9cfd0fcd82b626d94c21c42df974a3937ac53c01ae8f1f49b2fe8d3c08c","6b845695d174ea5e9533379df7d7dffa806258eabd2a27ce5dc5c58d7a8d0681"
"signal-000555","src-69b7db880b60984d","group-4a61d5c5a331706c","test","frequency","sparse-jittered","65","0.03","0.25","0.39603795926086605","1.726866875216365","16.951815743890986","3.15801184818236","signals/test/signal-000555.csv","e6123d64e5a3660d16850f26c6037ff1a187b45be4f5187bb975a91e4a8a4f49","6b845695d174ea5e9533379df7d7dffa806258eabd2a27ce5dc5c58d7a8d0681"
"signal-000556","src-69b7db880b60984d","group-4a61d5c5a331706c","test","pri","clean","257","0","0","0.8908075946383178","1.142757729254663","15.732711479183475","1.6015707631658174","signals/test/signal-000556.csv","fba19ef4e129f39ae199f04457365143507592f2342852bc2ae09da032cd67d1","6b845695d174ea5e9533379df7d7dffa806258eabd2a27ce5dc5c58d7a8d0681"
"signal-000557","src-69b7db880b60984d","group-4a61d5c5a331706c","test","pri","noisy","129","0.01","0","0.07756752800196409","0.9669923970475793","11.610186407329913","2.593889011948118","signals/test/signal-000557.csv","52674b816d2f7e4f623a394649b4b4439d233f76cad32b18cebb21c36eaf160f","6b845695d174ea5e9533379df7d7dffa806258eabd2a27ce5dc5c58d7a8d0681"
"signal-000558","src-69b7db880b60984d","group-4a61d5c5a331706c","test","pri","sparse-jittered","65","0.03","0.25","0.291930467588827","1.6874244730919599","13.286095669989672","1.2317445250370298","signals/test/signal-000558.csv","f131fd43ae7d07a6c7a3ba0146fa7e897b5269b17d6c578b68c7f36932221bb7","6b845695d174ea5e9533379df7d7dffa806258eabd2a27ce5dc5c58d7a8d0681"
"signal-000559","src-aee53283202e4904","group-a9216f81b2608a86","train","frequency","clean","257","0","0","0.0275771904271096","2.8752825912088156","18.007104502901125","2.53743386410941","signals/train/signal-000559.csv","7d7db1e4f59b3b2dad5de580ad3eb960c7e6497ceb1cbde9d229975fc24fa709","859dbedac6b9b49de0907e5e32030f17c2a1bb54330813871bb6f0ebb58e7773"
"signal-000560","src-aee53283202e4904","group-a9216f81b2608a86","train","frequency","noisy","129","0.01","0","0.37033531931228936","2.88029081299901","12.618604858817001","2.8501652033993548","signals/train/signal-000560.csv","9bc8e2e765a0788bf3aea5aa120b68c7e9cd7c275cf5fddd03caa0af7bb655f5","859dbedac6b9b49de0907e5e32030f17c2a1bb54330813871bb6f0ebb58e7773"
"signal-000561","src-aee53283202e4904","group-a9216f81b2608a86","train","frequency","sparse-jittered","65","0.03","0.25","0.6315795718692243","2.9166617086157203","13.77430500529907","2.0421907397967516","signals/train/signal-000561.csv","66c436ed2c07e2e9271f472181fb9906644f17bd1a1c66a4976ea68bb9324a8b","859dbedac6b9b49de0907e5e32030f17c2a1bb54330813871bb6f0ebb58e7773"
"signal-000562","src-aee53283202e4904","group-a9216f81b2608a86","train","pri","clean","257","0","0","0.10835529328323901","2.9950432181358337","10.330117150670864","2.6356844765221616","signals/train/signal-000562.csv","4bf75cc8597f98e4c9bc92607f02cc872ff14f787f5cfb5f5b85e9e918194470","859dbedac6b9b49de0907e5e32030f17c2a1bb54330813871bb6f0ebb58e7773"
"signal-000563","src-aee53283202e4904","group-a9216f81b2608a86","train","pri","noisy","129","0.01","0","0.7207434994634241","1.7357944179326297","14.036437380105532","0.7128251092266442","signals/train/signal-000563.csv","0a97fcbbeb39677aec976186a75695d92bb6c9b6affb760ff82794796770783f","859dbedac6b9b49de0907e5e32030f17c2a1bb54330813871bb6f0ebb58e7773"
"signal-000564","src-aee53283202e4904","group-a9216f81b2608a86","train","pri","sparse-jittered","65","0.03","0.25","0.21601445670239627","1.4043511342257262","12.203041106940521","2.4878165019069893","signals/train/signal-000564.csv","45ec49c0a3270458dbfb834e53e159dc40a53eda64f54fc54478cf583762e146","859dbedac6b9b49de0907e5e32030f17c2a1bb54330813871bb6f0ebb58e7773"
"signal-000565","src-ae486ec545b63019","group-16a4346736c33fc1","train","frequency","clean","257","0","0","0.2553258703555912","0.9202155206352473","19.608597408443885","2.9795189632686174","signals/train/signal-000565.csv","1b3eea81023404fe67e25d0f57f3e357b7475b66421bc12c14e899066ed2eff6","9ee5a1e2a5ccd85a190ca1f0ddb801ca22eeb2c46f4aa871a7ab474653289e5d"
"signal-000566","src-ae486ec545b63019","group-16a4346736c33fc1","train","frequency","noisy","129","0.01","0","0.5441946773789823","1.749918489716947","11.832874799478091","1.583313479186721","signals/train/signal-000566.csv","929390b021a30e8586e93d0337608f1b2cb8a80f5f754fdeab5dd378000ef9ea","9ee5a1e2a5ccd85a190ca1f0ddb801ca22eeb2c46f4aa871a7ab474653289e5d"
"signal-000567","src-ae486ec545b63019","group-16a4346736c33fc1","train","frequency","sparse-jittered","65","0.03","0.25","0.21539451251737773","2.7939086120575665","17.1008952729054","2.4062845998910802","signals/train/signal-000567.csv","4cf2a627c73d5a9a69c450a5953bf6a7e29b126c6076b79dffa7517114a5400e","9ee5a1e2a5ccd85a190ca1f0ddb801ca22eeb2c46f4aa871a7ab474653289e5d"
"signal-000568","src-ae486ec545b63019","group-16a4346736c33fc1","train","pri","clean","257","0","0","0.7802526042796671","1.1212805820629002","10.530933505044125","2.084798390312576","signals/train/signal-000568.csv","18f0eb584d8b24d5776f7f17c8c51c92f51ea59095f10c74b068cb586f6800a1","9ee5a1e2a5ccd85a190ca1f0ddb801ca22eeb2c46f4aa871a7ab474653289e5d"
"signal-000569","src-ae486ec545b63019","group-16a4346736c33fc1","train","pri","noisy","129","0.01","0","0.2562863570638001","2.8962784914299844","15.510445529806987","1.2722563065627241","signals/train/signal-000569.csv","4c9c787d501b47a4b65e3d25e123b14f8ecbbc4ddba394faf7ca851a8ba8ddf5","9ee5a1e2a5ccd85a190ca1f0ddb801ca22eeb2c46f4aa871a7ab474653289e5d"
"signal-000570","src-ae486ec545b63019","group-16a4346736c33fc1","train","pri","sparse-jittered","65","0.03","0.25","0.11113940388895571","1.5552058279514314","18.156084050809827","2.6349650590743394","signals/train/signal-000570.csv","8111f9b4ac28b670e346a80ad29989c252ac759c520d1231b5a3dc8ddf77869c","9ee5a1e2a5ccd85a190ca1f0ddb801ca22eeb2c46f4aa871a7ab474653289e5d"
"signal-000571","src-53506477d0617e16","group-54712af7b615e1c3","train","frequency","clean","257","0","0","0.35004506004042923","1.3099666096270086","16.406050589150414","2.176451357799598","signals/train/signal-000571.csv","264819c4f5e3de1a5f2585b9f001261d6a7bf64255f9558a568bebb2219b4ad8","621d2b48222b4d2534581221e92a7c23d916ec52025f9d402af269923e0a860e"
"signal-000572","src-53506477d0617e16","group-54712af7b615e1c3","train","frequency","noisy","129","0.01","0","0.7893782404717058","1.8930002439767122","18.325874207664107","1.5720351066014508","signals/train/signal-000572.csv","a7b6a8a854659cd3783488b614527438f8c0bd179c098ac810f290840bfae602","621d2b48222b4d2534581221e92a7c23d916ec52025f9d402af269923e0a860e"
"signal-000573","src-53506477d0617e16","group-54712af7b615e1c3","train","frequency","sparse-jittered","65","0.03","0.25","0.7565564303658903","2.3402955820783973","14.404402068636848","1.752257842614748","signals/train/signal-000573.csv","1f2992cb7355dcdc0d40d0d6d9b34a9fa79e67eec7417f36a3b4d2dcb3c2e68c","621d2b48222b4d2534581221e92a7c23d916ec52025f9d402af269923e0a860e"
"signal-000574","src-53506477d0617e16","group-54712af7b615e1c3","train","pri","clean","257","0","0","0.458301923237741","0.9479846814647317","13.202107134044617","2.780590982678662","signals/train/signal-000574.csv","f9234e0eced19b7004894817e1482b17dc625f34071923e5e5994c60f44f62fb","621d2b48222b4d2534581221e92a7c23d916ec52025f9d402af269923e0a860e"
"signal-000575","src-53506477d0617e16","group-54712af7b615e1c3","train","pri","noisy","129","0.01","0","0.2967589183244854","0.9089436501264573","13.29488972569715","2.9867558809404233","signals/train/signal-000575.csv","91a6d7637f1a4a43be4f03b078d0823cdc0840cffc284b41468183433e1318b5","621d2b48222b4d2534581221e92a7c23d916ec52025f9d402af269923e0a860e"
"signal-000576","src-53506477d0617e16","group-54712af7b615e1c3","train","pri","sparse-jittered","65","0.03","0.25","0.3541880266275257","0.9974392149597406","16.212021612682854","2.860604357921435","signals/train/signal-000576.csv","97ac89f6f10377d44d8ca104a4206ec9d03904a2f586919545615b94b0e120c6","621d2b48222b4d2534581221e92a7c23d916ec52025f9d402af269923e0a860e"
"signal-000577","src-67a2f98b216be75f","group-f08bd1abf2c78dc7","test","frequency","clean","257","0","0","0.4170030828099698","2.965461614355445","16.49998051374611","2.762418782275809","signals/test/signal-000577.csv","8ddb5a7d900324e4369acd432a659757cded16e78f6e88c1e7b4484d4de7e93f","405c8f21c5d4fa554cf91463950ed6b4f0c4bb68c81449b6a4450cea0a598e25"
"signal-000578","src-67a2f98b216be75f","group-f08bd1abf2c78dc7","test","frequency","noisy","129","0.01","0","0.6776070408523083","3.171932637877762","10.588781678002928","0.9506904776231675","signals/test/signal-000578.csv","f271f9f295dbf037a08c8390c5a53c48398ba99218db1d7a5bb1445f92d501da","405c8f21c5d4fa554cf91463950ed6b4f0c4bb68c81449b6a4450cea0a598e25"
"signal-000579","src-67a2f98b216be75f","group-f08bd1abf2c78dc7","test","frequency","sparse-jittered","65","0.03","0.25","0.723134539090097","1.637387357093394","19.770407335000918","2.9178090076698844","signals/test/signal-000579.csv","fd6e9e3ba132957949e612b754cce32037c7035674c0068cecb4fa703166ee89","405c8f21c5d4fa554cf91463950ed6b4f0c4bb68c81449b6a4450cea0a598e25"
"signal-000580","src-67a2f98b216be75f","group-f08bd1abf2c78dc7","test","pri","clean","257","0","0","0.42886890820227563","1.7777469117194413","16.435889076859453","2.063179611451009","signals/test/signal-000580.csv","727f66c1ac992097b4dd2d71ef8c86161fb6353b65e18119c083f0f0dcad050d","405c8f21c5d4fa554cf91463950ed6b4f0c4bb68c81449b6a4450cea0a598e25"
"signal-000581","src-67a2f98b216be75f","group-f08bd1abf2c78dc7","test","pri","noisy","129","0.01","0","0.2091209809295833","2.062363559566438","11.135255879118336","0.8309350313195623","signals/test/signal-000581.csv","988733faafa405327d39152468082ef7f0ecc18ca32c73a70afd055a0e1bb58c","405c8f21c5d4fa554cf91463950ed6b4f0c4bb68c81449b6a4450cea0a598e25"
"signal-000582","src-67a2f98b216be75f","group-f08bd1abf2c78dc7","test","pri","sparse-jittered","65","0.03","0.25","0.3462467989884317","1.127447863481939","13.860545014725371","0.9096388600185126","signals/test/signal-000582.csv","f39111b0bea4efc555dad1c2c7f70f90d001c6b5adcadd7e00941c5fe44b6ca9","405c8f21c5d4fa554cf91463950ed6b4f0c4bb68c81449b6a4450cea0a598e25"
"signal-000583","src-fa0ba94933ef29bb","group-3170bdfc02804677","train","frequency","clean","257","0","0","0.2526981229893863","2.149585080705583","17.80427268546193","1.4967821628245268","signals/train/signal-000583.csv","ba3b8d12d7e338dc80f7b76be062cec48c14102f3641a59984391dec35ff1b0a","79c0542dd3883dd2d797df92fd36aa8616cc97e6a0b4e40fd361a4c0ecb894ac"
"signal-000584","src-fa0ba94933ef29bb","group-3170bdfc02804677","train","frequency","noisy","129","0.01","0","0.6227859929203987","1.5938137920573354","14.42451066970655","2.9159294011659433","signals/train/signal-000584.csv","2741f97f8badcf14a95570f25fe133b2436f984ee503159a3d0715aeeabba94d","79c0542dd3883dd2d797df92fd36aa8616cc97e6a0b4e40fd361a4c0ecb894ac"
"signal-000585","src-fa0ba94933ef29bb","group-3170bdfc02804677","train","frequency","sparse-jittered","65","0.03","0.25","0.6987449093721807","3.1717015733942393","18.03498694907836","2.1020711614257444","signals/train/signal-000585.csv","1ded21b555446a2cedc3696c239a7c1ecd69a3fd3d5f1343086df5b92193e63d","79c0542dd3883dd2d797df92fd36aa8616cc97e6a0b4e40fd361a4c0ecb894ac"
"signal-000586","src-fa0ba94933ef29bb","group-3170bdfc02804677","train","pri","clean","257","0","0","0.15209187101572752","0.9561953255906701","18.295363116607994","1.8320302798104997","signals/train/signal-000586.csv","85a949f8b16824e9b1c504529c175efcef6d2b79929e4529a7cf197c707361b4","79c0542dd3883dd2d797df92fd36aa8616cc97e6a0b4e40fd361a4c0ecb894ac"
"signal-000587","src-fa0ba94933ef29bb","group-3170bdfc02804677","train","pri","noisy","129","0.01","0","0.4606258124113083","1.1192303271964192","10.943690549862499","2.531852513117167","signals/train/signal-000587.csv","4d72faf01bf2e984aa8c0922f579ba80967a3eac197816a41a387bb8b6005eee","79c0542dd3883dd2d797df92fd36aa8616cc97e6a0b4e40fd361a4c0ecb894ac"
"signal-000588","src-fa0ba94933ef29bb","group-3170bdfc02804677","train","pri","sparse-jittered","65","0.03","0.25","0.9767970705870539","1.672558842599392","12.367012531071339","1.848054531756608","signals/train/signal-000588.csv","56527336501c5d04aaa2b8519894e52d94fad03e930b12455b70d4fcaf24829e","79c0542dd3883dd2d797df92fd36aa8616cc97e6a0b4e40fd361a4c0ecb894ac"
"signal-000589","src-2b672bf3a5e8bd39","group-cf0543bd97b2d8de","train","frequency","clean","257","0","0","0.774218447972089","0.9966445563361049","14.778679291661248","1.5247397400001557","signals/train/signal-000589.csv","189ce9fb7682dbfe8e62e99ed1e2bdee583a7efa7dfe3f7a9d11f746027b7a34","ed38a3185e20d8a96a2458c6f29c05cd7ca3560f377752d8f7136a975e4bd582"
"signal-000590","src-2b672bf3a5e8bd39","group-cf0543bd97b2d8de","train","frequency","noisy","129","0.01","0","0.3912345834542066","0.9879008851945401","12.863627002699383","1.7530405459000065","signals/train/signal-000590.csv","4568c95842b4126b53b022916060925a773dd7ee9cd7163dc31e8024e855d8bc","ed38a3185e20d8a96a2458c6f29c05cd7ca3560f377752d8f7136a975e4bd582"
"signal-000591","src-2b672bf3a5e8bd39","group-cf0543bd97b2d8de","train","frequency","sparse-jittered","65","0.03","0.25","0.7556148108560592","1.6208513803780078","14.263540347417251","1.7882301287150657","signals/train/signal-000591.csv","a195f6580b3d7790f74f6c86c7036f8cfc518ae7f5467d357ade58e222227091","ed38a3185e20d8a96a2458c6f29c05cd7ca3560f377752d8f7136a975e4bd582"
"signal-000592","src-2b672bf3a5e8bd39","group-cf0543bd97b2d8de","train","pri","clean","257","0","0","0.3874183662701398","2.611649926751852","18.171453238518925","1.644911670858889","signals/train/signal-000592.csv","6f83b0c4a3aa872ac6029dba9f37e3d7d24fbdd60fb2f9b582a2b08745fc1133","ed38a3185e20d8a96a2458c6f29c05cd7ca3560f377752d8f7136a975e4bd582"
"signal-000593","src-2b672bf3a5e8bd39","group-cf0543bd97b2d8de","train","pri","noisy","129","0.01","0","0.14672867488116026","0.8387815902009607","12.870431075635505","1.9739230699531038","signals/train/signal-000593.csv","8377237a6a758e8c0b7b0b8a8a83c8522d2bf2600dae24144df4cb11503e5cb7","ed38a3185e20d8a96a2458c6f29c05cd7ca3560f377752d8f7136a975e4bd582"
"signal-000594","src-2b672bf3a5e8bd39","group-cf0543bd97b2d8de","train","pri","sparse-jittered","65","0.03","0.25","0.8038533271756023","1.4197943482547999","19.007216813335233","1.231588340938437","signals/train/signal-000594.csv","db1a434bbbb72b449102dfaf9a0a2d5382a6034de00d763dcd9c1454d4322261","ed38a3185e20d8a96a2458c6f29c05cd7ca3560f377752d8f7136a975e4bd582"
"signal-000595","src-c7a424e48ab12497","group-1cc130eb08fd8c53","validation","frequency","clean","257","0","0","0.37322383816353977","2.433813674375415","11.137132822967015","2.0606685501881348","signals/validation/signal-000595.csv","80b042e677fcdda04a80b57ca904205812e6d0989cab6b899148a52099be3c73","e524bd346cb7f259976e1f4839b23b71e3fa41c91bcd2f2967989d1849858c96"
"signal-000596","src-c7a424e48ab12497","group-1cc130eb08fd8c53","validation","frequency","noisy","129","0.01","0","0.9756619862746447","0.8121966224163771","12.281719767436563","2.3192390339048554","signals/validation/signal-000596.csv","204d597a8a5eaad7ce603988928bf561b59a1cac0fe23ad57d34774f53bee728","e524bd346cb7f259976e1f4839b23b71e3fa41c91bcd2f2967989d1849858c96"
"signal-000597","src-c7a424e48ab12497","group-1cc130eb08fd8c53","validation","frequency","sparse-jittered","65","0.03","0.25","0.9315707935020328","1.2659693310037254","12.390085520578504","1.0399138434520445","signals/validation/signal-000597.csv","113319b1104f7857df6f4b3ecf69ac72ca63c551f6adab8f9be6d9d0ba67e9c1","e524bd346cb7f259976e1f4839b23b71e3fa41c91bcd2f2967989d1849858c96"
"signal-000598","src-c7a424e48ab12497","group-1cc130eb08fd8c53","validation","pri","clean","257","0","0","0.8470488793682307","2.557007149979472","12.053674513432078","0.8619062800761199","signals/validation/signal-000598.csv","b9d93043b94cb07139001b16e5666075854843772b84dd01a3ad3ab91a4dd53c","e524bd346cb7f259976e1f4839b23b71e3fa41c91bcd2f2967989d1849858c96"
"signal-000599","src-c7a424e48ab12497","group-1cc130eb08fd8c53","validation","pri","noisy","129","0.01","0","0.49239659775048494","1.1151051634922624","10.789330739291888","1.3380885078656313","signals/validation/signal-000599.csv","cba0621274a6cc24eae2dd8a20105e9fb6750f5ada0c41edf6e82e643aa6e30d","e524bd346cb7f259976e1f4839b23b71e3fa41c91bcd2f2967989d1849858c96"
"signal-000600","src-c7a424e48ab12497","group-1cc130eb08fd8c53","validation","pri","sparse-jittered","65","0.03","0.25","0.8620258956216276","2.1554637720808385","19.56631377472337","2.4847114065673033","signals/validation/signal-000600.csv","2840002cad81a489d873d48d2841465fedd10b28f783b1c873ca8e37ba4615a0","e524bd346cb7f259976e1f4839b23b71e3fa41c91bcd2f2967989d1849858c96"
"signal-000601","src-9895e2a53422dc53","group-d2c8c20d6b5ee362","train","frequency","clean","257","0","0","0.28524869587272406","1.3700104752555489","11.88928124078971","1.990941777046654","signals/train/signal-000601.csv","014d3320c9a7dd360305a25a9c2d715fcd896de58aca9ffbc1b40090f5d9a323","33a91fdfe272a445da98f557de479e024f8cdc2dad8b2c867a1e20962b80bcf6"
"signal-000602","src-9895e2a53422dc53","group-d2c8c20d6b5ee362","train","frequency","noisy","129","0.01","0","0.22292720200493932","1.0886380223557353","17.391523872736514","0.9883597312804255","signals/train/signal-000602.csv","c413b1997310b353727c87d1d93d638c344de443d12ef7ea5edaca8e8a3966d4","33a91fdfe272a445da98f557de479e024f8cdc2dad8b2c867a1e20962b80bcf6"
"signal-000603","src-9895e2a53422dc53","group-d2c8c20d6b5ee362","train","frequency","sparse-jittered","65","0.03","0.25","0.3162920377217233","2.6533470591530204","19.462576855446507","2.1133658623663045","signals/train/signal-000603.csv","4f99ad4889c90ea33009f2170576ad4021930ee0859c1ff50be843eb5ad7f19e","33a91fdfe272a445da98f557de479e024f8cdc2dad8b2c867a1e20962b80bcf6"
"signal-000604","src-9895e2a53422dc53","group-d2c8c20d6b5ee362","train","pri","clean","257","0","0","0.9058751130942255","3.070132361352444","12.650876951796757","2.7801006313193017","signals/train/signal-000604.csv","53de4ec7421f673936bfabdf8a50be19f09bb1de875a21df5823f87a638685ce","33a91fdfe272a445da98f557de479e024f8cdc2dad8b2c867a1e20962b80bcf6"
"signal-000605","src-9895e2a53422dc53","group-d2c8c20d6b5ee362","train","pri","noisy","129","0.01","0","0.6449980596080422","1.6209558987990023","19.115578484893902","3.038806800643073","signals/train/signal-000605.csv","877d6915949b54322239aa0eba607d730c96217ef9eb4a6d8ed586be1d4e91d3","33a91fdfe272a445da98f557de479e024f8cdc2dad8b2c867a1e20962b80bcf6"
"signal-000606","src-9895e2a53422dc53","group-d2c8c20d6b5ee362","train","pri","sparse-jittered","65","0.03","0.25","0.14695148449391127","1.9587201008573174","19.734213763496438","1.26463268151263","signals/train/signal-000606.csv","601e66f0929424477ce5ab66214c287472d88cb87b1beef97990e51fe47fa7d1","33a91fdfe272a445da98f557de479e024f8cdc2dad8b2c867a1e20962b80bcf6"
"signal-000607","src-6d96e9f16155c565","group-46108abfaed20f90","test","frequency","clean","257","0","0","0.5183207504451275","1.7621517779305578","16.060783239202827","1.610200578365541","signals/test/signal-000607.csv","e6e9c4e640c5a5ddb155c66101b3320679391fe53ba0d08199b5e709d4e3a2a0","7210061cbb4decc12fed7ddaa3eb3cab46e737a20b3e8995b86fc01c0ee58123"
"signal-000608","src-6d96e9f16155c565","group-46108abfaed20f90","test","frequency","noisy","129","0.01","0","0.1984984651207924","1.896073213405907","10.964305873621445","2.906803282476366","signals/test/signal-000608.csv","5da5e908400a969f80809487d2d582eb1cdc576f70697f8b5f7bb6d94188d796","7210061cbb4decc12fed7ddaa3eb3cab46e737a20b3e8995b86fc01c0ee58123"
"signal-000609","src-6d96e9f16155c565","group-46108abfaed20f90","test","frequency","sparse-jittered","65","0.03","0.25","0.1409639127086848","0.9682725232094527","20.060949311754364","2.3432923526733624","signals/test/signal-000609.csv","6f6237aa11b1ffd6966e2568175dd1cebe8f34cb2825a4136b5b7965f179ff93","7210061cbb4decc12fed7ddaa3eb3cab46e737a20b3e8995b86fc01c0ee58123"
"signal-000610","src-6d96e9f16155c565","group-46108abfaed20f90","test","pri","clean","257","0","0","0.3117083350662142","1.428762511909008","17.860667390872006","2.747145077736228","signals/test/signal-000610.csv","7cedaca919938987f9af4301d6dd8779f81d3f73c8718766f3e4a498293f868e","7210061cbb4decc12fed7ddaa3eb3cab46e737a20b3e8995b86fc01c0ee58123"
"signal-000611","src-6d96e9f16155c565","group-46108abfaed20f90","test","pri","noisy","129","0.01","0","0.08297989633865654","1.4046209521591664","13.564412977980794","2.428212007223406","signals/test/signal-000611.csv","76cbcdca0660d7774ecf9707717231e535d6f3ae192c9d273b05403f865665d1","7210061cbb4decc12fed7ddaa3eb3cab46e737a20b3e8995b86fc01c0ee58123"
"signal-000612","src-6d96e9f16155c565","group-46108abfaed20f90","test","pri","sparse-jittered","65","0.03","0.25","0.2658512422349304","1.1845998886972666","12.850626022862482","1.6458779424398173","signals/test/signal-000612.csv","d3e44f82dae80fffa112f13dbe77f4e76d93edd24f0c29b70b2e3ae98175250a","7210061cbb4decc12fed7ddaa3eb3cab46e737a20b3e8995b86fc01c0ee58123"
"signal-000613","src-6be34924895817a0","group-f019fbd2bcead0c2","train","frequency","clean","257","0","0","0.47314870869740844","1.2361990293487906","19.816198762876304","2.092620228601973","signals/train/signal-000613.csv","5951089f24f4bb7aedbf9355e8fc915a86187975efe8ea1c4147ab17439513a0","93cebeedb982b75cf554a311bd290a3d4908a28a1236fe225642990292bca20a"
"signal-000614","src-6be34924895817a0","group-f019fbd2bcead0c2","train","frequency","noisy","129","0.01","0","0.656542147975415","2.1311229979619384","13.633692119216725","2.92296987458238","signals/train/signal-000614.csv","a5e5432bd84ebf39fbbaf553cc3490217457e28136139cba5b6ea9bdc8d078fc","93cebeedb982b75cf554a311bd290a3d4908a28a1236fe225642990292bca20a"
"signal-000615","src-6be34924895817a0","group-f019fbd2bcead0c2","train","frequency","sparse-jittered","65","0.03","0.25","0.6915905005298555","0.8806975623592734","11.935624472570701","3.038645272391671","signals/train/signal-000615.csv","2e87a45507a5877383eaf627921b335111cdd2d0699844ed7ef815c7727146e5","93cebeedb982b75cf554a311bd290a3d4908a28a1236fe225642990292bca20a"
"signal-000616","src-6be34924895817a0","group-f019fbd2bcead0c2","train","pri","clean","257","0","0","0.9754541874863207","1.5126923574134707","15.053284177016359","0.7975943163332282","signals/train/signal-000616.csv","0715b5c7f5161f6f80b9fdbb00b94db8f18bd1a2bc53b9335d64cba8bb5ab335","93cebeedb982b75cf554a311bd290a3d4908a28a1236fe225642990292bca20a"
"signal-000617","src-6be34924895817a0","group-f019fbd2bcead0c2","train","pri","noisy","129","0.01","0","0.3405771949328482","1.8717097265645861","17.50050439770058","1.7668401179645663","signals/train/signal-000617.csv","89a33d7f5546ff0b294d31c04ac9f5b474fb6997c4dd694082666385265b4150","93cebeedb982b75cf554a311bd290a3d4908a28a1236fe225642990292bca20a"
"signal-000618","src-6be34924895817a0","group-f019fbd2bcead0c2","train","pri","sparse-jittered","65","0.03","0.25","0.40327545278705657","3.0701622858643534","10.170348792172806","1.4240232715744945","signals/train/signal-000618.csv","07284620f9f4642ff9dea5366cd25552a5c7cb6cd740d8f96a6a7fc2136f2abe","93cebeedb982b75cf554a311bd290a3d4908a28a1236fe225642990292bca20a"
"signal-000619","src-0829402e28cf1e67","group-1361859c8988c80f","validation","frequency","clean","257","0","0","0.7842086066957563","2.961469890549779","11.817201584742854","1.7506313674954654","signals/validation/signal-000619.csv","5ea1faa052b6426ccb64fd7987088254823a12a0fa5347f3ea760c6ecfba456a","0a64cd2fa0d7bbca6fa39edd1ba7332a5f593bb8165201aa4c0934dc3c547b5e"
"signal-000620","src-0829402e28cf1e67","group-1361859c8988c80f","validation","frequency","noisy","129","0.01","0","0.23717305157333612","1.7023818636313082","10.569689488698288","1.7644938667217236","signals/validation/signal-000620.csv","4af708c01d2db7dbdc8109ce4f6879dd2e51645e20d5f783892dcd8e329f25ef","0a64cd2fa0d7bbca6fa39edd1ba7332a5f593bb8165201aa4c0934dc3c547b5e"
"signal-000621","src-0829402e28cf1e67","group-1361859c8988c80f","validation","frequency","sparse-jittered","65","0.03","0.25","0.45978277642279863","1.2301428014412523","16.734129531695977","1.6507433665337796","signals/validation/signal-000621.csv","0da35d6d738cd5e76a1feded3b768e032d14105b1185a95d6bf2638c183a303d","0a64cd2fa0d7bbca6fa39edd1ba7332a5f593bb8165201aa4c0934dc3c547b5e"
"signal-000622","src-0829402e28cf1e67","group-1361859c8988c80f","validation","pri","clean","257","0","0","0.42259098775684834","2.0867815690115092","12.74050767187869","2.3366359055408417","signals/validation/signal-000622.csv","cd602a1d6ff6467eff8504e59f36a266acf1ddb020d1ac9aa8a1d246f91badac","0a64cd2fa0d7bbca6fa39edd1ba7332a5f593bb8165201aa4c0934dc3c547b5e"
"signal-000623","src-0829402e28cf1e67","group-1361859c8988c80f","validation","pri","noisy","129","0.01","0","0.347001638263464","2.114937257952988","17.10289220268161","1.05317907865442","signals/validation/signal-000623.csv","c88fe5f771de32f93de5335a1c52c2def4fec416366f89ea568145661ce56ed2","0a64cd2fa0d7bbca6fa39edd1ba7332a5f593bb8165201aa4c0934dc3c547b5e"
"signal-000624","src-0829402e28cf1e67","group-1361859c8988c80f","validation","pri","sparse-jittered","65","0.03","0.25","0.6236320585012436","1.5313244910910726","18.597015686904903","1.2455767065317715","signals/validation/signal-000624.csv","36e7640d2b10439cfc6d8c4676e4f842b61cb6d5ba49ec90ea2ff552ad06d093","0a64cd2fa0d7bbca6fa39edd1ba7332a5f593bb8165201aa4c0934dc3c547b5e"
"signal-000625","src-82e8485877eff584","group-06563e9f9c785984","validation","frequency","clean","257","0","0","0.927221356658265","2.859833424910903","19.99145188972502","1.0434431579552417","signals/validation/signal-000625.csv","92f7d97a165f3d1c21a224cbbfb16e0527955ad134977b9c32a2e70edd4278bc","b96d54820e799ac6299b31a148ca82fd1f5f0b935433084acbe53cbff505c6d5"
"signal-000626","src-82e8485877eff584","group-06563e9f9c785984","validation","frequency","noisy","129","0.01","0","0.3190299153793603","2.213683270663023","12.1278397099228","0.908253864444001","signals/validation/signal-000626.csv","5f7030001a9c43d387c343b8997625a0dfa48070ff758dfc17e87fa9d87198cc","b96d54820e799ac6299b31a148ca82fd1f5f0b935433084acbe53cbff505c6d5"
"signal-000627","src-82e8485877eff584","group-06563e9f9c785984","validation","frequency","sparse-jittered","65","0.03","0.25","0.628118600230664","0.9592954909428955","19.45501347960651","2.0589275334879034","signals/validation/signal-000627.csv","0b9a93ea31272737fd06f1cf7eefdf1dd0a024bb8a5403bc2899bb7a58194dc5","b96d54820e799ac6299b31a148ca82fd1f5f0b935433084acbe53cbff505c6d5"
"signal-000628","src-82e8485877eff584","group-06563e9f9c785984","validation","pri","clean","257","0","0","0.22723140171729028","1.498567720130086","13.328831775614923","2.7171286937555745","signals/validation/signal-000628.csv","b3279bda1ca2e1efa2f88f16a4cdf12f1a72f88e3b6a63597fb68c943eb222d2","b96d54820e799ac6299b31a148ca82fd1f5f0b935433084acbe53cbff505c6d5"
"signal-000629","src-82e8485877eff584","group-06563e9f9c785984","validation","pri","noisy","129","0.01","0","0.18397931405343115","3.1078951820731167","17.445839220483432","2.587133663946382","signals/validation/signal-000629.csv","4245b6b85b05c16ff11e620e12f44f50939071fd8c5f7baf879a5dec52e9f258","b96d54820e799ac6299b31a148ca82fd1f5f0b935433084acbe53cbff505c6d5"
"signal-000630","src-82e8485877eff584","group-06563e9f9c785984","validation","pri","sparse-jittered","65","0.03","0.25","0.7767582382075489","2.52121232803911","16.24058577892355","1.0081448636739285","signals/validation/signal-000630.csv","b4b65e62cafe2b53ec80c82f529511d09589621b572740fd19bca38d299fbd86","b96d54820e799ac6299b31a148ca82fd1f5f0b935433084acbe53cbff505c6d5"
"signal-000631","src-1997c59a4bc6e507","group-6b25f57d46785329","test","frequency","clean","257","0","0","0.7999776301439852","2.748002539947629","14.563241968597627","1.719051400013898","signals/test/signal-000631.csv","f13389e52d35b5dd94cd408565ca2cb322d4adf68396ce156bca0b8343ef542a","407c6390615c2a94bc80312a02da22075628c50ecb13b1711b764320e8acca84"
"signal-000632","src-1997c59a4bc6e507","group-6b25f57d46785329","test","frequency","noisy","129","0.01","0","0.44221808621659875","1.5254198683425786","16.991655578419252","2.1239541499952157","signals/test/signal-000632.csv","f301cd5bad38e5f1f800db663c4195f89219d77f3db2740b51214036ba285cdd","407c6390615c2a94bc80312a02da22075628c50ecb13b1711b764320e8acca84"
"signal-000633","src-1997c59a4bc6e507","group-6b25f57d46785329","test","frequency","sparse-jittered","65","0.03","0.25","0.4995987175498158","3.047081461548805","12.676813374662462","1.6741430021281047","signals/test/signal-000633.csv","e0440596d28bd4dd1d59f140fa6724904ba0ca030aa432d0cf9199fbc7ea1baa","407c6390615c2a94bc80312a02da22075628c50ecb13b1711b764320e8acca84"
"signal-000634","src-1997c59a4bc6e507","group-6b25f57d46785329","test","pri","clean","257","0","0","0.11575008695945144","0.9320250293239951","14.694688791548323","2.556764959016757","signals/test/signal-000634.csv","a155260a883aaf5496481d37f61ef7cb65036a482f33f39d0dbfcd3728f540c1","407c6390615c2a94bc80312a02da22075628c50ecb13b1711b764320e8acca84"
"signal-000635","src-1997c59a4bc6e507","group-6b25f57d46785329","test","pri","noisy","129","0.01","0","0.556867509149015","1.9305033961310982","12.251987361957555","2.1731456614587614","signals/test/signal-000635.csv","7ea143cdb3512700ad651eda5cea5339f869f36fad6eb2e4901b51ff8143158d","407c6390615c2a94bc80312a02da22075628c50ecb13b1711b764320e8acca84"
"signal-000636","src-1997c59a4bc6e507","group-6b25f57d46785329","test","pri","sparse-jittered","65","0.03","0.25","0.35165788047015667","1.35618963111192","17.160244216037448","1.4298828298163464","signals/test/signal-000636.csv","5221de32f47acf7c653051e10fe1b68dbc0ec797403022d8669ec97f7f67c353","407c6390615c2a94bc80312a02da22075628c50ecb13b1711b764320e8acca84"
"signal-000637","src-e74334cfe212890b","group-a21e24af8fe8db25","train","frequency","clean","257","0","0","0.20404483936727047","0.9314581321552396","12.971772567355035","2.2547550521730138","signals/train/signal-000637.csv","fcb2a2a5c6f32398f6986766b9953ed33a9e7953e327670ddceb091f6709538a","812a9c50dbea2069d8bfe170ae081689660612af1367e4d9fc59f22826617534"
"signal-000638","src-e74334cfe212890b","group-a21e24af8fe8db25","train","frequency","noisy","129","0.01","0","0.9540693378075957","1.1907792428508401","19.921991974841752","2.0175187335158675","signals/train/signal-000638.csv","ea42dc43954bd0178d266cb308db2ab17dd3080e7b1d79f2fadbcee0a9fded74","812a9c50dbea2069d8bfe170ae081689660612af1367e4d9fc59f22826617534"
"signal-000639","src-e74334cfe212890b","group-a21e24af8fe8db25","train","frequency","sparse-jittered","65","0.03","0.25","0.652010450605303","1.9884204370900989","17.019193513023954","2.865011715136726","signals/train/signal-000639.csv","c164193fc400f0dfa189e1be3446d2cb8c9157f1467485bc97c6f7c93c47459a","812a9c50dbea2069d8bfe170ae081689660612af1367e4d9fc59f22826617534"
"signal-000640","src-e74334cfe212890b","group-a21e24af8fe8db25","train","pri","clean","257","0","0","0.9358079822268337","2.8952754888683554","19.166856838776337","1.038484721480451","signals/train/signal-000640.csv","72c0831258fa9a4098835b2bd1360b0667ebdc84dc5ed0f6670caad48062fe46","812a9c50dbea2069d8bfe170ae081689660612af1367e4d9fc59f22826617534"
"signal-000641","src-e74334cfe212890b","group-a21e24af8fe8db25","train","pri","noisy","129","0.01","0","0.7061429417226464","1.6152900815010072","13.713112599289296","1.8620208607466804","signals/train/signal-000641.csv","7c9dc321ffbeb84b285f121d7f50755517e4b54aaa9fd74d7140ac3f6613e259","812a9c50dbea2069d8bfe170ae081689660612af1367e4d9fc59f22826617534"
"signal-000642","src-e74334cfe212890b","group-a21e24af8fe8db25","train","pri","sparse-jittered","65","0.03","0.25","0.30194978369399905","1.5238786106929183","17.55835254838725","2.181787919049043","signals/train/signal-000642.csv","0ebbddbd10c4bc8712e04e5770d79674221a9b87c443b76e34aebc5bb9376d03","812a9c50dbea2069d8bfe170ae081689660612af1367e4d9fc59f22826617534"
"signal-000643","src-d27c4d2f0b4bbd13","group-f44b1d7df40c31ca","train","frequency","clean","257","0","0","0.21501289284788072","1.244960593059659","15.82385728065461","2.6582936394445973","signals/train/signal-000643.csv","e2937952ac1e92f68db54357d1211e07497792542ae43e22baec7d263b299ad5","e44a69f7cfbd2ff545518bb1b2f5d4d3c15a7281849bca7d99d3e214ca9bc309"
"signal-000644","src-d27c4d2f0b4bbd13","group-f44b1d7df40c31ca","train","frequency","noisy","129","0.01","0","0.5399325161706656","2.4719129871577024","19.71638943198263","0.9889688624293527","signals/train/signal-000644.csv","0070cc274deb4ed937a2b5e1337db0edfff0f1a61edf654aac17d40aea4bc1f7","e44a69f7cfbd2ff545518bb1b2f5d4d3c15a7281849bca7d99d3e214ca9bc309"
"signal-000645","src-d27c4d2f0b4bbd13","group-f44b1d7df40c31ca","train","frequency","sparse-jittered","65","0.03","0.25","0.14656152040697634","1.839572411775589","18.471585077642644","2.5328081148251336","signals/train/signal-000645.csv","8bc4d59b15320bec8fe5efaa5c2fbfd457ba53b1f01fcc7e4cecbc713a698a94","e44a69f7cfbd2ff545518bb1b2f5d4d3c15a7281849bca7d99d3e214ca9bc309"
"signal-000646","src-d27c4d2f0b4bbd13","group-f44b1d7df40c31ca","train","pri","clean","257","0","0","0.3193079822231084","2.291950621455908","16.97809179730936","0.8377174197748722","signals/train/signal-000646.csv","d45ed68e6c9ecdad241041a43e763710b7b07074765873ecdc3751c9c9f313fc","e44a69f7cfbd2ff545518bb1b2f5d4d3c15a7281849bca7d99d3e214ca9bc309"
"signal-000647","src-d27c4d2f0b4bbd13","group-f44b1d7df40c31ca","train","pri","noisy","129","0.01","0","0.41239891084842384","1.6584667321294546","16.268240355294047","0.98537536177348","signals/train/signal-000647.csv","ec9411997c30a4642bf0859ae9c394c13aa2476fd773d1c8f960557a7ceb9b5e","e44a69f7cfbd2ff545518bb1b2f5d4d3c15a7281849bca7d99d3e214ca9bc309"
"signal-000648","src-d27c4d2f0b4bbd13","group-f44b1d7df40c31ca","train","pri","sparse-jittered","65","0.03","0.25","0.9389430251903832","3.0762718645855784","13.303843403082512","1.9159915896801927","signals/train/signal-000648.csv","44124c9f139f259ba786f8f4bfbb7873178efa9c1adfc8c56a26958e48a5fe56","e44a69f7cfbd2ff545518bb1b2f5d4d3c15a7281849bca7d99d3e214ca9bc309"
"signal-000649","src-e88a4512109b3a72","group-1e037c89ec819665","test","frequency","clean","257","0","0","0.8097557355649769","0.8819343803450466","19.960849780201556","0.9351848693816542","signals/test/signal-000649.csv","e5970ebc3daca59ccde9ce061fd938d860bd8713d6a74442c56a052ad5d4633c","e58103d755d094e790283ea96eaac46e45d2b9c3d5a8dbb31050fec0d8546073"
"signal-000650","src-e88a4512109b3a72","group-1e037c89ec819665","test","frequency","noisy","129","0.01","0","0.973945697536692","2.503222352638841","16.438043916073795","1.9647367068155255","signals/test/signal-000650.csv","4185f83695ac80280917a0a05c27b2b9b4f3fbb43b4dfe86ffeae99e6ab893fe","e58103d755d094e790283ea96eaac46e45d2b9c3d5a8dbb31050fec0d8546073"
"signal-000651","src-e88a4512109b3a72","group-1e037c89ec819665","test","frequency","sparse-jittered","65","0.03","0.25","0.6400090239476413","1.803909395262599","16.987057159513462","1.592393687932315","signals/test/signal-000651.csv","32e1acbbc4b4a0d37eba9f990b9328d4868522b9a0278e3e32843a8ff1cbea5e","e58103d755d094e790283ea96eaac46e45d2b9c3d5a8dbb31050fec0d8546073"
"signal-000652","src-e88a4512109b3a72","group-1e037c89ec819665","test","pri","clean","257","0","0","0.19247143040411174","1.253908721730113","15.753965437705014","1.7388860478303592","signals/test/signal-000652.csv","0f623cb11a9b1799c9300370efc868c38c9abd1eff43cb6e523868f04fb45e62","e58103d755d094e790283ea96eaac46e45d2b9c3d5a8dbb31050fec0d8546073"
"signal-000653","src-e88a4512109b3a72","group-1e037c89ec819665","test","pri","noisy","129","0.01","0","0.525992224458605","2.7283108694478866","12.57547944434561","1.8598107260187788","signals/test/signal-000653.csv","4c1188f85223b16ddb11cd68485c909ab53fd5b9df082fc3f34a47e26937d925","e58103d755d094e790283ea96eaac46e45d2b9c3d5a8dbb31050fec0d8546073"
"signal-000654","src-e88a4512109b3a72","group-1e037c89ec819665","test","pri","sparse-jittered","65","0.03","0.25","0.8928042717743665","1.920809944719076","13.091998172842464","2.37790929414367","signals/test/signal-000654.csv","35033b7c23dcd58924bf9735307d71a4c5ee5b81f99473552e9bf9fd76a99d48","e58103d755d094e790283ea96eaac46e45d2b9c3d5a8dbb31050fec0d8546073"
"signal-000655","src-e05dcd07e5d23209","group-45290b9865a9cd5f","validation","frequency","clean","257","0","0","0.5146064716391265","1.9921666180714965","18.776428320562257","2.2107408732606686","signals/validation/signal-000655.csv","4cc264b5cd619def91329590dc35e357e792f176ad6102c6e97d47b409ecc379","77014dda870c7812927d72abe20454576738a2f1775988983e5e71eaa622b355"
"signal-000656","src-e05dcd07e5d23209","group-45290b9865a9cd5f","validation","frequency","noisy","129","0.01","0","0.5756754176691175","1.0219696754589678","17.679760164092126","2.2670491565299002","signals/validation/signal-000656.csv","27b70cbf0b521671475c7bdb11abee07be4e36ca95a14538230b3a40a2d2ea74","77014dda870c7812927d72abe20454576738a2f1775988983e5e71eaa622b355"
"signal-000657","src-e05dcd07e5d23209","group-45290b9865a9cd5f","validation","frequency","sparse-jittered","65","0.03","0.25","0.8679856425151229","2.7127951363101603","12.910814456239839","2.194265209812137","signals/validation/signal-000657.csv","e59a56348367ad2d14927e65a8909a6c31bae3f9ac2a60cce88c59ec976adccd","77014dda870c7812927d72abe20454576738a2f1775988983e5e71eaa622b355"
"signal-000658","src-e05dcd07e5d23209","group-45290b9865a9cd5f","validation","pri","clean","257","0","0","0.38575096568092704","1.0017502775415779","15.612727785646594","2.2035475614310105","signals/validation/signal-000658.csv","bb197e61bb4ca4d98a733384138de31a846e52a94da95ae0097d80ec0b251dab","77014dda870c7812927d72abe20454576738a2f1775988983e5e71eaa622b355"
"signal-000659","src-e05dcd07e5d23209","group-45290b9865a9cd5f","validation","pri","noisy","129","0.01","0","0.1656383832450956","2.9180067677050827","12.442034721156892","1.781922494449919","signals/validation/signal-000659.csv","341d5d401ad1cebb7ed5d8068b8e1c7f9c2856bb55cebd24a44611452b9749c0","77014dda870c7812927d72abe20454576738a2f1775988983e5e71eaa622b355"
"signal-000660","src-e05dcd07e5d23209","group-45290b9865a9cd5f","validation","pri","sparse-jittered","65","0.03","0.25","0.7832131027244031","1.497338335774839","16.98118101932672","1.4553561129822299","signals/validation/signal-000660.csv","084eedfccf5e0f82ad968a861b197d3f707ad48f703022afd92d94918e684bdd","77014dda870c7812927d72abe20454576738a2f1775988983e5e71eaa622b355"
"signal-000661","src-3a174ac65a715f87","group-fdad555d2049e71e","train","frequency","clean","257","0","0","0.8297976325266063","1.5355212396010756","15.241292022068482","1.6594389791183008","signals/train/signal-000661.csv","126f3326101c7b7bfdf693df7c1a6e1f7d390e77a9e1def37f4c25117c455b89","335694c4387a820e2bd20ed317555af73eb7fdbc0852e4397fd42b2507260066"
"signal-000662","src-3a174ac65a715f87","group-fdad555d2049e71e","train","frequency","noisy","129","0.01","0","0.45908520789816976","2.891818675212562","14.35959319979111","2.343255302934967","signals/train/signal-000662.csv","064ee9d0d2fd0319ce86e8ac213c9dae6e994683d0899ed94b5eaf1fd1efd047","335694c4387a820e2bd20ed317555af73eb7fdbc0852e4397fd42b2507260066"
"signal-000663","src-3a174ac65a715f87","group-fdad555d2049e71e","train","frequency","sparse-jittered","65","0.03","0.25","0.1234651617705822","2.5463794114068152","13.158945041918201","3.1658556937446996","signals/train/signal-000663.csv","d927e7d1ee5db071392bfe8cd6b24d0f1f0190baf72050688de09840b73d41ab","335694c4387a820e2bd20ed317555af73eb7fdbc0852e4397fd42b2507260066"
"signal-000664","src-3a174ac65a715f87","group-fdad555d2049e71e","train","pri","clean","257","0","0","0.9689649872016162","1.1664300303906203","15.47041568947461","0.9980100776299583","signals/train/signal-000664.csv","f4b489c3c5f0386232f981427c011bdcc0b8dec6587ff58f72ba9c240fecef18","335694c4387a820e2bd20ed317555af73eb7fdbc0852e4397fd42b2507260066"
"signal-000665","src-3a174ac65a715f87","group-fdad555d2049e71e","train","pri","noisy","129","0.01","0","0.5402584837283939","3.026586446538568","19.049511769046553","0.9228154645876359","signals/train/signal-000665.csv","ad1d0f6143c01f8a92205883777b6215322676838baa3b3c1bfe6d710de7a17e","335694c4387a820e2bd20ed317555af73eb7fdbc0852e4397fd42b2507260066"
"signal-000666","src-3a174ac65a715f87","group-fdad555d2049e71e","train","pri","sparse-jittered","65","0.03","0.25","0.894221997121349","1.9310135751962663","10.573169022892444","1.477133161956953","signals/train/signal-000666.csv","5910c72c81db5bed5d5d56ba852d33db98af192e9e5fa7364462aec819abc789","335694c4387a820e2bd20ed317555af73eb7fdbc0852e4397fd42b2507260066"
"signal-000667","src-9533f1b8f44163f1","group-6f6b74877a57d1de","validation","frequency","clean","257","0","0","0.8345078092534095","1.874366820603609","15.826908286913842","2.6467727366771268","signals/validation/signal-000667.csv","33e26f3232a27498fb6b6f96dbf570a42580241e616956c024b0e9fa47f974b5","32ca582bb066f2ee49720234a178a1a242a6a6310c4101d76a171b0364f611ba"
"signal-000668","src-9533f1b8f44163f1","group-6f6b74877a57d1de","validation","frequency","noisy","129","0.01","0","0.5066338961478323","2.828507943823934","11.454279911411014","2.661701898135382","signals/validation/signal-000668.csv","1f0e5642d00eef4f663469213052368968a6d22003c7bf755523d630c69c4f0b","32ca582bb066f2ee49720234a178a1a242a6a6310c4101d76a171b0364f611ba"
"signal-000669","src-9533f1b8f44163f1","group-6f6b74877a57d1de","validation","frequency","sparse-jittered","65","0.03","0.25","0.09664410911500454","0.9523286866024137","11.0266575580134","2.9367539859748213","signals/validation/signal-000669.csv","3ab9c7657c79ec018ac436a19ba9705b5c9c02c949bb07527624582acc762d83","32ca582bb066f2ee49720234a178a1a242a6a6310c4101d76a171b0364f611ba"
"signal-000670","src-9533f1b8f44163f1","group-6f6b74877a57d1de","validation","pri","clean","257","0","0","0.49616578919813037","2.493183512054384","11.880010872072233","2.5819916149250606","signals/validation/signal-000670.csv","d1111f4d56ce7d49e1a79c1729a2368ae39a5735311a05249074a38389bd0e81","32ca582bb066f2ee49720234a178a1a242a6a6310c4101d76a171b0364f611ba"
"signal-000671","src-9533f1b8f44163f1","group-6f6b74877a57d1de","validation","pri","noisy","129","0.01","0","0.6814587644767016","1.05790427736938","12.794488753143927","2.5856145453228105","signals/validation/signal-000671.csv","8cd34739e9dbb76e47771e350faf031b2a3f6bfdc28d8622988f741ec694a74e","32ca582bb066f2ee49720234a178a1a242a6a6310c4101d76a171b0364f611ba"
"signal-000672","src-9533f1b8f44163f1","group-6f6b74877a57d1de","validation","pri","sparse-jittered","65","0.03","0.25","0.4702833737246692","2.7294091111049053","19.26797140431178","2.7151498366238798","signals/validation/signal-000672.csv","85edc239785a39f1698ecb4f11814e0a68ed36ad02f14cca2a1d4fa690b665c5","32ca582bb066f2ee49720234a178a1a242a6a6310c4101d76a171b0364f611ba"
"signal-000673","src-d694e94e166a346e","group-fc5d09deab89f855","train","frequency","clean","257","0","0","0.7823532575275749","1.208073205128312","12.575654396385797","2.6239161792629044","signals/train/signal-000673.csv","e06a32ab500fa11ce036687ac221097d840cf5256401f9672bcb3f49d357eab9","9d54bf33f917aeaa5e02450ef87c5860c7f739c5505062fbc72cc53fe6f27b76"
"signal-000674","src-d694e94e166a346e","group-fc5d09deab89f855","train","frequency","noisy","129","0.01","0","0.4578948433045298","1.3255105003714562","11.390939232950759","0.7646868095698984","signals/train/signal-000674.csv","18175d2d6ef4b6c49b0477c5907eaa3369b405ae229142cfbbc2ba560b21a1b9","9d54bf33f917aeaa5e02450ef87c5860c7f739c5505062fbc72cc53fe6f27b76"
"signal-000675","src-d694e94e166a346e","group-fc5d09deab89f855","train","frequency","sparse-jittered","65","0.03","0.25","0.4525939738377929","1.1007533648982644","13.584953725380423","1.0736874349144276","signals/train/signal-000675.csv","a03dbaff142aa9e93044af9184375d1d7c26cc3a3e6d532444365ca96117f253","9d54bf33f917aeaa5e02450ef87c5860c7f739c5505062fbc72cc53fe6f27b76"
"signal-000676","src-d694e94e166a346e","group-fc5d09deab89f855","train","pri","clean","257","0","0","0.6528012009803206","1.699353189766407","15.146333762139243","2.889904011974272","signals/train/signal-000676.csv","01c5bbc3751b689e75339c572709bd3c050cf9dc9e31b63b380770b8b9d68092","9d54bf33f917aeaa5e02450ef87c5860c7f739c5505062fbc72cc53fe6f27b76"
"signal-000677","src-d694e94e166a346e","group-fc5d09deab89f855","train","pri","noisy","129","0.01","0","0.0900213869754225","2.7082694008946415","14.552816660721419","0.9284416846740555","signals/train/signal-000677.csv","26e3ddcc7966d25321b378158946fd09536bf64e8b4a7a748e9df5b7523429cf","9d54bf33f917aeaa5e02450ef87c5860c7f739c5505062fbc72cc53fe6f27b76"
"signal-000678","src-d694e94e166a346e","group-fc5d09deab89f855","train","pri","sparse-jittered","65","0.03","0.25","0.5554728051647544","2.6696918407455086","19.071976284903286","1.0243045332783645","signals/train/signal-000678.csv","b602d9dad6de8be796adace503b9b9763d54944333a3c7853ec7e89c6d3b1eb1","9d54bf33f917aeaa5e02450ef87c5860c7f739c5505062fbc72cc53fe6f27b76"
"signal-000679","src-4661ffa2cb393ca2","group-a41962f1820bc3cb","calibration","frequency","clean","257","0","0","0.2806768224108964","2.196285729855299","11.128850230116033","2.753611880787851","signals/calibration/signal-000679.csv","fffb04571a152b3d0d42b2a72e1740e35a914cb68a7c42fcfaff4fcd43884633","678245e0a8002dc247609f21100f4d9ab01befe36f673c52933cbc0222ffb6fd"
"signal-000680","src-4661ffa2cb393ca2","group-a41962f1820bc3cb","calibration","frequency","noisy","129","0.01","0","0.7908943849615753","1.3737859761342408","16.93123256151916","1.9946798972707818","signals/calibration/signal-000680.csv","ce63dbe83dfde428d38adaf5bd9f761543e320bba5dd501a673da552e26b2db9","678245e0a8002dc247609f21100f4d9ab01befe36f673c52933cbc0222ffb6fd"
"signal-000681","src-4661ffa2cb393ca2","group-a41962f1820bc3cb","calibration","frequency","sparse-jittered","65","0.03","0.25","0.23955622198991477","2.287174433097243","11.507812967223233","2.555460973617844","signals/calibration/signal-000681.csv","e55415efcbb5e425ff66a1864cd79ed65f46c08f1e71f6100a4ad8b7abe71666","678245e0a8002dc247609f21100f4d9ab01befe36f673c52933cbc0222ffb6fd"
"signal-000682","src-4661ffa2cb393ca2","group-a41962f1820bc3cb","calibration","pri","clean","257","0","0","0.1868948070332408","1.4279389390721917","15.954053290067352","2.922976268003918","signals/calibration/signal-000682.csv","84852701928ef796b2158d18e75b591cf2ca0703c3e2959338d5f6a0e6a6fce7","678245e0a8002dc247609f21100f4d9ab01befe36f673c52933cbc0222ffb6fd"
"signal-000683","src-4661ffa2cb393ca2","group-a41962f1820bc3cb","calibration","pri","noisy","129","0.01","0","0.23120534932240844","1.8906912168487906","13.982649268029174","1.7213484245447273","signals/calibration/signal-000683.csv","d4b1ff96a3ec1abd400233a5bf0d1595f70293c96eda8ac645b9756ccde3c95f","678245e0a8002dc247609f21100f4d9ab01befe36f673c52933cbc0222ffb6fd"
"signal-000684","src-4661ffa2cb393ca2","group-a41962f1820bc3cb","calibration","pri","sparse-jittered","65","0.03","0.25","0.26728583546355367","1.4616428701207043","10.181394477798854","3.275333415477398","signals/calibration/signal-000684.csv","59a061caf3f18071265080e25db1f2c1f165f0023d2367bc076ad502aef7158f","678245e0a8002dc247609f21100f4d9ab01befe36f673c52933cbc0222ffb6fd"
"signal-000685","src-897859d45ffcd875","group-24c61d572be7b628","test","frequency","clean","257","0","0","0.772328318329528","2.2170641906559467","10.577107961434741","1.6471346124855621","signals/test/signal-000685.csv","0a02954d385230732a2208f48fbfe461e3529e0008aa41eb7e830089df12b0fe","d9243702bed4bacb71b0206bbd64f73f9fba9ee5e3d1fda383dce8579571a92f"
"signal-000686","src-897859d45ffcd875","group-24c61d572be7b628","test","frequency","noisy","129","0.01","0","0.39040795830078423","1.6709820456802844","16.47471520668338","2.2527214245661025","signals/test/signal-000686.csv","ede94d801c90cd82ef9731c693b46febbb9e90c53035052cfbde19bcc692f0ea","d9243702bed4bacb71b0206bbd64f73f9fba9ee5e3d1fda383dce8579571a92f"
"signal-000687","src-897859d45ffcd875","group-24c61d572be7b628","test","frequency","sparse-jittered","65","0.03","0.25","0.955809120554477","2.2416985420510174","12.527703576759418","2.509373466566986","signals/test/signal-000687.csv","1f6ae4f1fc75bbfeb4299a7b6b8c775bc412c430179bca316da532350320d4c3","d9243702bed4bacb71b0206bbd64f73f9fba9ee5e3d1fda383dce8579571a92f"
"signal-000688","src-897859d45ffcd875","group-24c61d572be7b628","test","pri","clean","257","0","0","0.7692466238513589","3.065456202067435","11.046808876077705","1.6534319042879755","signals/test/signal-000688.csv","f8ee79e75d836408fb60fbe1e4b11f4944913099ddb98ebc3eb5eb51ac314ef4","d9243702bed4bacb71b0206bbd64f73f9fba9ee5e3d1fda383dce8579571a92f"
"signal-000689","src-897859d45ffcd875","group-24c61d572be7b628","test","pri","noisy","129","0.01","0","0.7380221751518548","1.090429755859077","13.985431024750941","2.0114782641282325","signals/test/signal-000689.csv","e08105ad5ec627356f7658a908ca9e134cfcebd92511fcc968bb9e82dafcf97e","d9243702bed4bacb71b0206bbd64f73f9fba9ee5e3d1fda383dce8579571a92f"
"signal-000690","src-897859d45ffcd875","group-24c61d572be7b628","test","pri","sparse-jittered","65","0.03","0.25","0.5591336272191256","2.6563294392079113","13.80288483981277","2.053384772020017","signals/test/signal-000690.csv","3e39b8ab45bdfcb71499f9086bdca93e677d79ff5e114283f2d9c16fd5034bff","d9243702bed4bacb71b0206bbd64f73f9fba9ee5e3d1fda383dce8579571a92f"
"signal-000691","src-0623a120f2918c7f","group-d695258fb4c43afb","train","frequency","clean","257","0","0","0.014510074397549033","2.5933726225048304","15.545990100892627","1.632296365960066","signals/train/signal-000691.csv","b7c9ed2f92d62a9604f1e5382e7fb24884351fdcf65f5dcc2afe223e09a990c9","78359959cc118af765c825d7376881eff64316cce602f346a2827e04f9f005c3"
"signal-000692","src-0623a120f2918c7f","group-d695258fb4c43afb","train","frequency","noisy","129","0.01","0","0.13569785584695637","2.896680500358343","13.64624441281877","2.1644715497438636","signals/train/signal-000692.csv","e95b970d728e702dbdb600c80c8c8e0f04611dd0c8de599cbfa05cba807a272a","78359959cc118af765c825d7376881eff64316cce602f346a2827e04f9f005c3"
"signal-000693","src-0623a120f2918c7f","group-d695258fb4c43afb","train","frequency","sparse-jittered","65","0.03","0.25","0.5630311511922628","1.1918992064893246","17.50134137553841","3.241366838289375","signals/train/signal-000693.csv","4b2cced446f70cfad89b3460f82e550fc1146d9f436113caf5b0e9cfc2b96c65","78359959cc118af765c825d7376881eff64316cce602f346a2827e04f9f005c3"
"signal-000694","src-0623a120f2918c7f","group-d695258fb4c43afb","train","pri","clean","257","0","0","0.783830746775493","2.7349578846246003","13.081114432056207","2.395435575468726","signals/train/signal-000694.csv","b35c21b38b6661767a86fb3fc29bbc0833169624310ff42936d9311eccf2b974","78359959cc118af765c825d7376881eff64316cce602f346a2827e04f9f005c3"
"signal-000695","src-0623a120f2918c7f","group-d695258fb4c43afb","train","pri","noisy","129","0.01","0","0.8620761753991246","2.4253211552277207","11.112840123149503","2.7033522586719414","signals/train/signal-000695.csv","b3e8cad08205b18998f6f89f68c98ae885578f569bc6b3489a9b40c9dd9ab0e8","78359959cc118af765c825d7376881eff64316cce602f346a2827e04f9f005c3"
"signal-000696","src-0623a120f2918c7f","group-d695258fb4c43afb","train","pri","sparse-jittered","65","0.03","0.25","0.8509154017083347","3.0787747388705613","12.039260397669473","2.5677907029005507","signals/train/signal-000696.csv","8661c6bc6816f1c2bed83861b1e602c9aba8a33dc468dbf7b2003fc801668054","78359959cc118af765c825d7376881eff64316cce602f346a2827e04f9f005c3"
"signal-000697","src-416ae63c33a8c0c6","group-b83e809993c316ba","train","frequency","clean","257","0","0","0.7897262896876782","2.399260988458991","10.264074241064392","0.8538487909900638","signals/train/signal-000697.csv","748d332b60527f596bf5d8561b69143ded8b101b1547bdb298f3e013258b2daa","656372c27a1b4dc4ba76facdd838a2af34c40cf50a8b77dce4fa1a165a67e4aa"
"signal-000698","src-416ae63c33a8c0c6","group-b83e809993c316ba","train","frequency","noisy","129","0.01","0","0.35783041385002434","0.9448821015655995","15.186085501173737","2.923746539911175","signals/train/signal-000698.csv","edae9c28f2ab8d046ca0248d257b1ca953fde248f123a1e259c0b8aa9f70fa6c","656372c27a1b4dc4ba76facdd838a2af34c40cf50a8b77dce4fa1a165a67e4aa"
"signal-000699","src-416ae63c33a8c0c6","group-b83e809993c316ba","train","frequency","sparse-jittered","65","0.03","0.25","0.566906379070133","2.863201259635389","17.64947679137888","1.9154854997327995","signals/train/signal-000699.csv","bde36f0dc0154045ce9848a8a37b5fd35515e858a961d590e175a7dd808d86f1","656372c27a1b4dc4ba76facdd838a2af34c40cf50a8b77dce4fa1a165a67e4aa"
"signal-000700","src-416ae63c33a8c0c6","group-b83e809993c316ba","train","pri","clean","257","0","0","0.8071747194044292","2.1121467536315324","13.506882893580762","1.8476057919135833","signals/train/signal-000700.csv","f4b3f993be3f754cf7729ace6bc82a7f7a4b4b544d3b61a2e45d4c871ba9b74d","656372c27a1b4dc4ba76facdd838a2af34c40cf50a8b77dce4fa1a165a67e4aa"
"signal-000701","src-416ae63c33a8c0c6","group-b83e809993c316ba","train","pri","noisy","129","0.01","0","0.1544927847571671","1.9516691712662577","17.90029557005201","1.4910789380107055","signals/train/signal-000701.csv","65a2e6e9e37c3f7955ddfe9e80a1d5d6a9f694b7200da0974cb0780f3bdfa687","656372c27a1b4dc4ba76facdd838a2af34c40cf50a8b77dce4fa1a165a67e4aa"
"signal-000702","src-416ae63c33a8c0c6","group-b83e809993c316ba","train","pri","sparse-jittered","65","0.03","0.25","0.11607287335209548","3.182732471451163","13.098374161342884","2.659290664091934","signals/train/signal-000702.csv","f17fb7c77d453a566fd05238121e429908bbd62296daa5290053cc3986163451","656372c27a1b4dc4ba76facdd838a2af34c40cf50a8b77dce4fa1a165a67e4aa"
"signal-000703","src-e41911e2ef6f20ba","group-7461f3f001823b28","train","frequency","clean","257","0","0","0.13684383523650467","0.9973988510668278","16.204729923448287","0.7440864584613447","signals/train/signal-000703.csv","6b9d25ca79138b081d9a8b9e9f011ee7e06cc74c78a5d212dad434c24f59e54a","12bbdb9bcfbcf3231a348233c680c8c924361ce6c4b889c14a38cc3bd17e5f99"
"signal-000704","src-e41911e2ef6f20ba","group-7461f3f001823b28","train","frequency","noisy","129","0.01","0","0.3130880568642169","1.4040580548346044","19.606777261536745","2.780837828824694","signals/train/signal-000704.csv","9dbb8e760f4f21bf7da712b4cb7c4e059214db306f4ef7366e1ff323893503b9","12bbdb9bcfbcf3231a348233c680c8c924361ce6c4b889c14a38cc3bd17e5f99"
"signal-000705","src-e41911e2ef6f20ba","group-7461f3f001823b28","train","frequency","sparse-jittered","65","0.03","0.25","0.6976537385489792","1.9155930761247872","11.420208033891619","2.9775351624930675","signals/train/signal-000705.csv","ad5979655dba37a62812132a052c23d03b0fbaa1dde67888cb966af1f3bc30d2","12bbdb9bcfbcf3231a348233c680c8c924361ce6c4b889c14a38cc3bd17e5f99"
"signal-000706","src-e41911e2ef6f20ba","group-7461f3f001823b28","train","pri","clean","257","0","0","0.10270947031676769","1.62884508240968","14.697337960341281","2.7255335526903757","signals/train/signal-000706.csv","e0442f7982765451447cd07d6f3d8126b13ff90ef13cd682140dd051b8ffb3e2","12bbdb9bcfbcf3231a348233c680c8c924361ce6c4b889c14a38cc3bd17e5f99"
"signal-000707","src-e41911e2ef6f20ba","group-7461f3f001823b28","train","pri","noisy","129","0.01","0","0.771302450215444","2.7570664126425983","17.248239505475286","2.3957177572744257","signals/train/signal-000707.csv","02cc82d7cc569d7c2006f39c83fa508b95cf33a2a3ff663cb6834a0c93bdceec","12bbdb9bcfbcf3231a348233c680c8c924361ce6c4b889c14a38cc3bd17e5f99"
"signal-000708","src-e41911e2ef6f20ba","group-7461f3f001823b28","train","pri","sparse-jittered","65","0.03","0.25","0.06220275233499706","2.972483615204692","17.729123132893655","0.9560244644517972","signals/train/signal-000708.csv","47ca115ca35cd379ee59e490f84d60e04d72d24092fd98339f3a70ae8e324ac2","12bbdb9bcfbcf3231a348233c680c8c924361ce6c4b889c14a38cc3bd17e5f99"
"signal-000709","src-89e4712e5652acf7","group-90002ff6a5f9368e","train","frequency","clean","257","0","0","0.8326298121828586","1.1895361579954624","18.499793869326112","1.1079492632578472","signals/train/signal-000709.csv","0e1ebcaa5d213188347557f68856baf657120f4a6c24a813567e91dada7e8fc3","233da78e2104c619f030860d3d3c8161f772704230e4b7999bd50c710bbfee68"
"signal-000710","src-89e4712e5652acf7","group-90002ff6a5f9368e","train","frequency","noisy","129","0.01","0","0.2542581600137055","2.482245340757072","19.969215005905333","0.9122562801685383","signals/train/signal-000710.csv","f472764c58c37a9736c88f73d89c5c93fe3680750ea19aebf8086008991d0481","233da78e2104c619f030860d3d3c8161f772704230e4b7999bd50c710bbfee68"
"signal-000711","src-89e4712e5652acf7","group-90002ff6a5f9368e","train","frequency","sparse-jittered","65","0.03","0.25","0.5316319314297289","2.7934346187859775","19.633671491544543","2.703441210548185","signals/train/signal-000711.csv","6664cba03bd4d21e63805308bc1bcd2a5b683b8c02dec942e5a1680a36f485c8","233da78e2104c619f030860d3d3c8161f772704230e4b7999bd50c710bbfee68"
"signal-000712","src-89e4712e5652acf7","group-90002ff6a5f9368e","train","pri","clean","257","0","0","0.13962994725443423","1.142578798532486","14.754960581664031","1.229109581290622","signals/train/signal-000712.csv","43634d99934fbe98b704336485bad8d3a01d0e283dbbb97ffc459171f96a6978","233da78e2104c619f030860d3d3c8161f772704230e4b7999bd50c710bbfee68"
"signal-000713","src-89e4712e5652acf7","group-90002ff6a5f9368e","train","pri","noisy","129","0.01","0","0.4237842042930424","2.571898186020553","19.15425478488752","2.1803180574086447","signals/train/signal-000713.csv","dc6d4c14bfcbeafc95616e5ffce5ee85c3d692af765acb00f568cc2ff9c273b5","233da78e2104c619f030860d3d3c8161f772704230e4b7999bd50c710bbfee68"
"signal-000714","src-89e4712e5652acf7","group-90002ff6a5f9368e","train","pri","sparse-jittered","65","0.03","0.25","0.0012126713991165161","2.784214720316231","14.904867634389294","1.509014844401614","signals/train/signal-000714.csv","d3be27e2aefefcedb9d41d0adba9b7dff276fcece06fbc354e7a954fa6dcc5c8","233da78e2104c619f030860d3d3c8161f772704230e4b7999bd50c710bbfee68"
"signal-000715","src-c827822c9619b8b5","group-db0f9677ecf6ad31","validation","frequency","clean","257","0","0","0.6995653796475381","2.4092424090951683","16.61484780196399","1.5176751567830404","signals/validation/signal-000715.csv","491f908b41433ea81c13198a33520e5fc752d2af51bb32662fe7c3eef6d3e278","eeed868f8f5bfaa07c909faf8f7fcfcb7bed7b9b6f386cc5f7edaf84a927bab9"
"signal-000716","src-c827822c9619b8b5","group-db0f9677ecf6ad31","validation","frequency","noisy","129","0.01","0","0.7356552476994693","1.9259680991992354","17.577957831924966","0.8391114773887551","signals/validation/signal-000716.csv","0f25998d7668435d54c63bc6d8748560654f75785634ceff1d3262524a96b327","eeed868f8f5bfaa07c909faf8f7fcfcb7bed7b9b6f386cc5f7edaf84a927bab9"
"signal-000717","src-c827822c9619b8b5","group-db0f9677ecf6ad31","validation","frequency","sparse-jittered","65","0.03","0.25","0.5652954254765064","0.8411603011190891","10.472042487850288","2.2253472813999426","signals/validation/signal-000717.csv","eaecfbc89475c4ab2845c5570cf1127a7ceb6e2fca4092fae51c5ba566e67247","eeed868f8f5bfaa07c909faf8f7fcfcb7bed7b9b6f386cc5f7edaf84a927bab9"
"signal-000718","src-c827822c9619b8b5","group-db0f9677ecf6ad31","validation","pri","clean","257","0","0","0.9690787016879767","2.7441950034350153","17.31107126609139","1.6767176986394539","signals/validation/signal-000718.csv","d099ceed463e4cc9ca41a23699e13430e815400bb4f8656920a5c7fea1ed7eb5","eeed868f8f5bfaa07c909faf8f7fcfcb7bed7b9b6f386cc5f7edaf84a927bab9"
"signal-000719","src-c827822c9619b8b5","group-db0f9677ecf6ad31","validation","pri","noisy","129","0.01","0","0.10639336588792503","0.9130185302346945","14.728616670815601","1.636461015542201","signals/validation/signal-000719.csv","f7e1a1ed7270342c54feb5e74576ee67da0847699395fb3aee72982e2d8220d6","eeed868f8f5bfaa07c909faf8f7fcfcb7bed7b9b6f386cc5f7edaf84a927bab9"
"signal-000720","src-c827822c9619b8b5","group-db0f9677ecf6ad31","validation","pri","sparse-jittered","65","0.03","0.25","0.07692436221987009","2.595534380711615","18.481648023400385","1.9712825421991766","signals/validation/signal-000720.csv","af5c1be47929ae56d85a960bd77614c887612e571bd42b3409bf8f1f35122378","eeed868f8f5bfaa07c909faf8f7fcfcb7bed7b9b6f386cc5f7edaf84a927bab9"
"signal-000721","src-7cfda80474468613","group-1693c5ab9c87e669","calibration","frequency","clean","257","0","0","0.5557651503477246","3.166338464617729","12.080894527890813","2.8653551010906586","signals/calibration/signal-000721.csv","eefe6c19d7596c1d417be175f48a3a29942a9358248dee48eaa112372d665257","bc5a3759e14139d2602595b2139ce153ccaf3ce2a873584d59d8c4cd285eef14"
"signal-000722","src-7cfda80474468613","group-1693c5ab9c87e669","calibration","frequency","noisy","129","0.01","0","0.836429325863719","3.0587223397567866","18.203733710240822","0.9702496879023386","signals/calibration/signal-000722.csv","71c57db6419adf7c79fe1d1c4d01f710df3e1f072b2f275d69bde9fd86616e30","bc5a3759e14139d2602595b2139ce153ccaf3ce2a873584d59d8c4cd285eef14"
"signal-000723","src-7cfda80474468613","group-1693c5ab9c87e669","calibration","frequency","sparse-jittered","65","0.03","0.25","0.4192018711473793","1.3016961399465798","16.391286815433343","1.002632040730374","signals/calibration/signal-000723.csv","d7e5d25b13c93ceb169dacb859a1a3431e215afe10ad8eaca353124b95a22d26","bc5a3759e14139d2602595b2139ce153ccaf3ce2a873584d59d8c4cd285eef14"
"signal-000724","src-7cfda80474468613","group-1693c5ab9c87e669","calibration","pri","clean","257","0","0","0.5515594524331391","1.97248658221215","17.478434958041618","1.2915881979398343","signals/calibration/signal-000724.csv","3c7ceed753e018b2289531bfebcb565c2a203381357449c758a2f164d0dff4a8","bc5a3759e14139d2602595b2139ce153ccaf3ce2a873584d59d8c4cd285eef14"
"signal-000725","src-7cfda80474468613","group-1693c5ab9c87e669","calibration","pri","noisy","129","0.01","0","0.0298782701138407","1.9489702448248862","19.408237070688926","2.280353389818128","signals/calibration/signal-000725.csv","1198d2a5561b1fc16d55a53b0d0af3732baf5a08c6ce153ffc7e9843c438becf","bc5a3759e14139d2602595b2139ce153ccaf3ce2a873584d59d8c4cd285eef14"
"signal-000726","src-7cfda80474468613","group-1693c5ab9c87e669","calibration","pri","sparse-jittered","65","0.03","0.25","0.9735147741157562","2.9996790118515495","11.986595676100517","1.120422592440745","signals/calibration/signal-000726.csv","8d07c8522f1743448b4b01c374bbf667e59aa6f5634b3a15f32ac7c022547430","bc5a3759e14139d2602595b2139ce153ccaf3ce2a873584d59d8c4cd285eef14"
"signal-000727","src-c2fd5d8bd9f7573f","group-98ca0931dc6726c0","train","frequency","clean","257","0","0","0.5884872565511614","1.23481215685606","11.133141533937305","1.7976650459226207","signals/train/signal-000727.csv","e15de05de8490227555743e327bc4ce5dbb3fc4da0c03c994ab1c42cc4747294","a94d162c8e976da99faa063ac8c1014f01a8a063694e81d6e976e4e243c8b499"
"signal-000728","src-c2fd5d8bd9f7573f","group-98ca0931dc6726c0","train","frequency","noisy","129","0.01","0","0.21144839143380523","1.9645308217033743","10.144830763807324","2.0727514797052677","signals/train/signal-000728.csv","656c6e6fa4b0d6ba2c50cebb295b33647920b19a0cac5be3df7a5c3ba176004f","a94d162c8e976da99faa063ac8c1014f01a8a063694e81d6e976e4e243c8b499"
"signal-000729","src-c2fd5d8bd9f7573f","group-98ca0931dc6726c0","train","frequency","sparse-jittered","65","0.03","0.25","0.9110107223968953","2.3907595481723547","18.361933482776713","1.3408611178355656","signals/train/signal-000729.csv","89acbc234ff8302fd347cd70012511846dc77c9648305cc018c71607dbadae3b","a94d162c8e976da99faa063ac8c1014f01a8a063694e81d6e976e4e243c8b499"
"signal-000730","src-c2fd5d8bd9f7573f","group-98ca0931dc6726c0","train","pri","clean","257","0","0","0.5707586985081434","2.7951546775177123","19.192326269112527","2.8260680793551742","signals/train/signal-000730.csv","eb4cf4f23c029f85511a63570ea0c28b793c2a96768e7869e0f43eb2ba364db6","a94d162c8e976da99faa063ac8c1014f01a8a063694e81d6e976e4e243c8b499"
"signal-000731","src-c2fd5d8bd9f7573f","group-98ca0931dc6726c0","train","pri","noisy","129","0.01","0","0.6551101182121783","1.228468207269907","12.545561216515365","0.9087037391436859","signals/train/signal-000731.csv","8445a6170f882a81696a185ac157e355fe1cb74a58349f7df84b9de88f439dbd","a94d162c8e976da99faa063ac8c1014f01a8a063694e81d6e976e4e243c8b499"
"signal-000732","src-c2fd5d8bd9f7573f","group-98ca0931dc6726c0","train","pri","sparse-jittered","65","0.03","0.25","0.6582072577439249","2.080368204973638","12.769873261735748","3.25186430234049","signals/train/signal-000732.csv","32b533ca2c33c3048a1748f85c0211bd8d57b2e7787a7c276baec3d2d83e9aa9","a94d162c8e976da99faa063ac8c1014f01a8a063694e81d6e976e4e243c8b499"
"signal-000733","src-4eacada20a0cfe8c","group-1a23556b719bb7ce","validation","frequency","clean","257","0","0","0.06903896993026137","0.8367334386333823","17.889605150089075","1.007233776437321","signals/validation/signal-000733.csv","b23cf3af19d22f1231bfbffebdf6ec6af83479716a7a7e4eb3bb528b81564b74","ec1076c76a42c091877b1fa10d3c02a3c2ce5650604950c9a153a76d2d2da174"
"signal-000734","src-4eacada20a0cfe8c","group-1a23556b719bb7ce","validation","frequency","noisy","129","0.01","0","0.7690752297639847","0.8343274446204305","11.07031990826474","1.8410246928263732","signals/validation/signal-000734.csv","4596fa013c96de2a70be2e43620a80fdb9c0bf904d68059744fed09400b6c3e1","ec1076c76a42c091877b1fa10d3c02a3c2ce5650604950c9a153a76d2d2da174"
"signal-000735","src-4eacada20a0cfe8c","group-1a23556b719bb7ce","validation","frequency","sparse-jittered","65","0.03","0.25","0.8698988268151879","2.632770075835287","17.41040284872574","0.7699150806400397","signals/validation/signal-000735.csv","0299cd9e7a6266358464b3667ac0cccef944a81c7f561508c55c7a6bcb50cab4","ec1076c76a42c091877b1fa10d3c02a3c2ce5650604950c9a153a76d2d2da174"
"signal-000736","src-4eacada20a0cfe8c","group-1a23556b719bb7ce","validation","pri","clean","257","0","0","0.07073363335803151","2.690378448180854","11.470932203135611","2.8703252070230647","signals/validation/signal-000736.csv","6b5bc8b3905bdfebd5134b28e946963308aca8273eb1716c6aca71c510624765","ec1076c76a42c091877b1fa10d3c02a3c2ce5650604950c9a153a76d2d2da174"
"signal-000737","src-4eacada20a0cfe8c","group-1a23556b719bb7ce","validation","pri","noisy","129","0.01","0","0.911765189608559","1.157116124406457","18.680289333837862","1.4096624646838372","signals/validation/signal-000737.csv","83a9c4896cb4a85151fecd1089b8a3a6fbc5aa4d9a67041bc9f82e617266d051","ec1076c76a42c091877b1fa10d3c02a3c2ce5650604950c9a153a76d2d2da174"
"signal-000738","src-4eacada20a0cfe8c","group-1a23556b719bb7ce","validation","pri","sparse-jittered","65","0.03","0.25","0.721047600498423","2.6499736610800024","13.227233276395198","1.266488364638736","signals/validation/signal-000738.csv","986f239297aa1f9b1099ef12267ef5b50df051a493728b08cd043a995687df3b","ec1076c76a42c091877b1fa10d3c02a3c2ce5650604950c9a153a76d2d2da174"
"signal-000739","src-4c8dc9b82238c5a8","group-edd9644a8d47e557","test","frequency","clean","257","0","0","0.962626633932814","3.0122788909822704","18.69822803109934","1.855869330621534","signals/test/signal-000739.csv","ef5216bb1ea57d943865de75b59ae061eed2cb86732beefa31df012d2a5f387b","a804e405323fe814012435e0e3a4da5c9aebdc81bc51ad56c7dd0b90f71440cf"
"signal-000740","src-4c8dc9b82238c5a8","group-edd9644a8d47e557","test","frequency","noisy","129","0.01","0","0.39091620803810656","1.313013994693756","11.603010426199784","1.525089088518767","signals/test/signal-000740.csv","566b726e7675c7e0912d57d62d8f16c4b59a6f778ef0cd7702a0638b4121420f","a804e405323fe814012435e0e3a4da5c9aebdc81bc51ad56c7dd0b90f71440cf"
"signal-000741","src-4c8dc9b82238c5a8","group-edd9644a8d47e557","test","frequency","sparse-jittered","65","0.03","0.25","0.18885333184152842","3.1091907823458316","13.164779959890566","2.0805622866339757","signals/test/signal-000741.csv","ddd502197b121c66fe5831de5d6d1f921f7b83e43e654181e58f77b3d031501f","a804e405323fe814012435e0e3a4da5c9aebdc81bc51ad56c7dd0b90f71440cf"
"signal-000742","src-4c8dc9b82238c5a8","group-edd9644a8d47e557","test","pri","clean","257","0","0","0.651131039718166","2.829896703362465","13.236341798292614","1.2538009832848953","signals/test/signal-000742.csv","498681d496a5e66469a230e9e30f891c78c9d1da4e1aeb7a91ac59ad4d60b9c4","a804e405323fe814012435e0e3a4da5c9aebdc81bc51ad56c7dd0b90f71440cf"
"signal-000743","src-4c8dc9b82238c5a8","group-edd9644a8d47e557","test","pri","noisy","129","0.01","0","0.5920276464894414","3.176523285545409","19.115426481323524","1.4229952286379337","signals/test/signal-000743.csv","70a7d72f5aeb5aa8bda062c2296e521dbb51f6dc9dbc67a6f0454f21e18f216c","a804e405323fe814012435e0e3a4da5c9aebdc81bc51ad56c7dd0b90f71440cf"
"signal-000744","src-4c8dc9b82238c5a8","group-edd9644a8d47e557","test","pri","sparse-jittered","65","0.03","0.25","0.8458402624819428","1.870007473230362","11.486778396801736","1.8752035735854804","signals/test/signal-000744.csv","ab2a4ca11bc76178dec99a5373aa941536f41f47d9c658fe3c6966afb381a883","a804e405323fe814012435e0e3a4da5c9aebdc81bc51ad56c7dd0b90f71440cf"
"signal-000745","src-cb9181367af85883","group-771e571628412b76","train","frequency","clean","257","0","0","0.3685034764930606","3.1074624607339505","16.32923462630589","1.0787904311102103","signals/train/signal-000745.csv","0d02a60c8bfa3d07659419e1f9cb16c8c384fb1c45ce8484536245b0aaae4537","8e648d4d8971f1ad750feb5427952472e78db51c64257b880f7748b834269e75"
"signal-000746","src-cb9181367af85883","group-771e571628412b76","train","frequency","noisy","129","0.01","0","0.015713153639808297","3.064963695406914","15.258461636176904","1.6529357075991147","signals/train/signal-000746.csv","4b72674954a4826f73f5e4b3e13a45b81037dc47b9d5f33b5ad159d3b1a3b289","8e648d4d8971f1ad750feb5427952472e78db51c64257b880f7748b834269e75"
"signal-000747","src-cb9181367af85883","group-771e571628412b76","train","frequency","sparse-jittered","65","0.03","0.25","0.20481240819208324","2.123700074478984","11.736031797170654","2.831114537879655","signals/train/signal-000747.csv","5ccdde66f2c656ff6c46f8f1859873f31a77b6e2b832d5034eec8b0ced918b29","8e648d4d8971f1ad750feb5427952472e78db51c64257b880f7748b834269e75"
"signal-000748","src-cb9181367af85883","group-771e571628412b76","train","pri","clean","257","0","0","0.7854853805620223","2.091430861502886","18.00544265913357","1.094962394575358","signals/train/signal-000748.csv","d7268b6ec4f3c2cb1c43b5d38e1b170804bc60921f748dbb5a012ab52f3c54c8","8e648d4d8971f1ad750feb5427952472e78db51c64257b880f7748b834269e75"
"signal-000749","src-cb9181367af85883","group-771e571628412b76","train","pri","noisy","129","0.01","0","0.8283222806639969","2.3513144521042704","16.059749370526742","1.2577785815791263","signals/train/signal-000749.csv","dfd4efb35031a91d92cd15f5372e87032a1f23ce2f18b9fbadf770b41ebd771c","8e648d4d8971f1ad750feb5427952472e78db51c64257b880f7748b834269e75"
"signal-000750","src-cb9181367af85883","group-771e571628412b76","train","pri","sparse-jittered","65","0.03","0.25","0.954834935022518","0.9969431471079588","15.660464009668098","2.9619287471266382","signals/train/signal-000750.csv","587d97a7bf8991126a5c05b2f20acfd1f44b9439d8b66395d301c6ddf354896f","8e648d4d8971f1ad750feb5427952472e78db51c64257b880f7748b834269e75"
"signal-000751","src-a0c00d234d86e3a6","group-d3949734c58d7430","test","frequency","clean","257","0","0","0.3417944689281285","2.4849675057455896","19.600267779393537","2.632436385638215","signals/test/signal-000751.csv","339f1c421a6dbc618ad86b6fec1dcbb7ac0344af4ac88be07a843a00624b9047","c05d3327018e7c34dbefc0c5772b3e744d4b23186355d9089eeae3370ccf707b"
"signal-000752","src-a0c00d234d86e3a6","group-d3949734c58d7430","test","frequency","noisy","129","0.01","0","0.20489568868651986","1.8643348408862948","18.818958632660035","2.5778894892081006","signals/test/signal-000752.csv","3fde25bb486e3d910b163ba5d47963e4bc7837bb0a6df9dab4959e1b701aae9b","c05d3327018e7c34dbefc0c5772b3e744d4b23186355d9089eeae3370ccf707b"
"signal-000753","src-a0c00d234d86e3a6","group-d3949734c58d7430","test","frequency","sparse-jittered","65","0.03","0.25","0.3248412306420505","1.8898119932040571","16.185379736598676","1.4562913292908224","signals/test/signal-000753.csv","016879fec11b5b79b2c07c7c26553348ba4cee93a1e78aca220a5e687b5f69fc","c05d3327018e7c34dbefc0c5772b3e744d4b23186355d9089eeae3370ccf707b"
"signal-000754","src-a0c00d234d86e3a6","group-d3949734c58d7430","test","pri","clean","257","0","0","0.09826522786170244","0.8735171491280198","12.080064473738108","1.0515204884241722","signals/test/signal-000754.csv","5856d5092e6209f02ba1fad9a4edeccb751c50b458fa72e62495df1330955f8b","c05d3327018e7c34dbefc0c5772b3e744d4b23186355d9089eeae3370ccf707b"
"signal-000755","src-a0c00d234d86e3a6","group-d3949734c58d7430","test","pri","noisy","129","0.01","0","0.22605487680993974","2.147501002624631","13.637342330298978","1.4631291668738697","signals/test/signal-000755.csv","ad661f67e98213c20453a0ee879b6bc619519932aec295be2aea731a49d07157","c05d3327018e7c34dbefc0c5772b3e744d4b23186355d9089eeae3370ccf707b"
"signal-000756","src-a0c00d234d86e3a6","group-d3949734c58d7430","test","pri","sparse-jittered","65","0.03","0.25","0.9648843863978982","2.082721855677664","16.499426565545207","1.1774160674515048","signals/test/signal-000756.csv","ca1e080c91bc6134de0940f68a9f4ab9268502ab0c7d2aa15266b71daeeac9ad","c05d3327018e7c34dbefc0c5772b3e744d4b23186355d9089eeae3370ccf707b"
"signal-000757","src-b84177dbab83d909","group-54dc4830fda4dd43","validation","frequency","clean","257","0","0","0.012824516044929624","1.78129206225276","13.896909809156217","2.874025691807061","signals/validation/signal-000757.csv","e42db5c6f049fccf49af66ec7dfb9c2aa60a47a6b2e9c11cdbacb06f1d9a3346","99971e0cb776e1314388556df7f800b9d45724a69ce330e3a456f34f9c30e415"
"signal-000758","src-b84177dbab83d909","group-54dc4830fda4dd43","validation","frequency","noisy","129","0.01","0","0.5611727563664317","2.826588631607592","9.992561452921052","2.301980913229478","signals/validation/signal-000758.csv","ff8fcf6ea616d31c41b961c0d442d66641e5b336cbb000d0a8753266758eb3df","99971e0cb776e1314388556df7f800b9d45724a69ce330e3a456f34f9c30e415"
"signal-000759","src-b84177dbab83d909","group-54dc4830fda4dd43","validation","frequency","sparse-jittered","65","0.03","0.25","0.8688649241812527","1.9649805007502437","18.803096549830094","2.61169337170897","signals/validation/signal-000759.csv","2769d305bf638278f71932d17ee1897bdeb9af811ed931a6a49e2e53860979f3","99971e0cb776e1314388556df7f800b9d45724a69ce330e3a456f34f9c30e415"
"signal-000760","src-b84177dbab83d909","group-54dc4830fda4dd43","validation","pri","clean","257","0","0","0.7627711142413318","1.5397388344630598","16.455177440680693","1.6399447671373188","signals/validation/signal-000760.csv","aac033c1e08e9b3ac0b05b195b6f060a83f76ea9305751deb138a692b266d8e0","99971e0cb776e1314388556df7f800b9d45724a69ce330e3a456f34f9c30e415"
"signal-000761","src-b84177dbab83d909","group-54dc4830fda4dd43","validation","pri","noisy","129","0.01","0","0.09238390484824777","1.2937357855960727","17.116507622214048","2.4213249564137485","signals/validation/signal-000761.csv","bb1f415c28e18959e2bf5226953386344210119f898c36c266b4def123c62926","99971e0cb776e1314388556df7f800b9d45724a69ce330e3a456f34f9c30e415"
"signal-000762","src-b84177dbab83d909","group-54dc4830fda4dd43","validation","pri","sparse-jittered","65","0.03","0.25","0.14218495110981166","3.160050581023097","12.274375297594716","1.280952166028273","signals/validation/signal-000762.csv","07bd931f45da98ab3c7308c21bbde3bd2acc663747b826915bbd6b4ad740b3cd","99971e0cb776e1314388556df7f800b9d45724a69ce330e3a456f34f9c30e415"
"signal-000763","src-c0e895e8d8513e31","group-55ae7ea9ba1fd10c","train","frequency","clean","257","0","0","0.593169950414449","1.2299308298155665","16.5877847890507","0.7096890325614318","signals/train/signal-000763.csv","0601bd215af85a2ac5219eada46ebb7b28f50941d464f86a2a58af9ab3adcc21","8cb4cd5a113786360155f96b10a9d33e4488049e23ab48473b403780d4a79b67"
"signal-000764","src-c0e895e8d8513e31","group-55ae7ea9ba1fd10c","train","frequency","noisy","129","0.01","0","0.23403109819628298","3.0923353970050815","12.249979652603518","1.700513315001313","signals/train/signal-000764.csv","d350caff5021a0abed21c011960df8073b43efd98bcddbc16a74637025742d26","8cb4cd5a113786360155f96b10a9d33e4488049e23ab48473b403780d4a79b67"
"signal-000765","src-c0e895e8d8513e31","group-55ae7ea9ba1fd10c","train","frequency","sparse-jittered","65","0.03","0.25","0.6365792392753065","2.772499125264585","11.146703828383087","2.0725160639538167","signals/train/signal-000765.csv","0600c05dc4800cc12b0787bf3354fc0beae8c548edcc54f4b29ae611a0c70c61","8cb4cd5a113786360155f96b10a9d33e4488049e23ab48473b403780d4a79b67"
"signal-000766","src-c0e895e8d8513e31","group-55ae7ea9ba1fd10c","train","pri","clean","257","0","0","0.1647468418814242","1.4599712504073978","16.716997744748518","1.8472459093533065","signals/train/signal-000766.csv","9b953643c0186f0e7ecb3d0ceea7cac53bc6d3989552003258b218e0a01de6ed","8cb4cd5a113786360155f96b10a9d33e4488049e23ab48473b403780d4a79b67"
"signal-000767","src-c0e895e8d8513e31","group-55ae7ea9ba1fd10c","train","pri","noisy","129","0.01","0","0.9813424916937947","1.4940046483650804","16.08703153979091","2.674336737392645","signals/train/signal-000767.csv","9a015da1062a30ad12940de3e507a9729250ec08e622f22f770b815884bad0ef","8cb4cd5a113786360155f96b10a9d33e4488049e23ab48473b403780d4a79b67"
"signal-000768","src-c0e895e8d8513e31","group-55ae7ea9ba1fd10c","train","pri","sparse-jittered","65","0.03","0.25","0.6496571432799101","1.6048271166160704","17.628855531596415","2.126004934749151","signals/train/signal-000768.csv","755d49f2a7962b3781413815909bd6e5b144e9188ea8e4fc102541809d203eea","8cb4cd5a113786360155f96b10a9d33e4488049e23ab48473b403780d4a79b67"
"signal-000769","src-457753bea11c3df9","group-d2528ebe43375f89","validation","frequency","clean","257","0","0","0.19371413020417094","1.8856690978631376","13.002749364186","1.8900732473999575","signals/validation/signal-000769.csv","29fbc6923bc491e5fff86b28b27002e96907c34e8657973b3cb3a9202a4fa063","93fd76d8c9a29cef3b140f65ce63894a0b641edb04e54ba1bf20c41fbd061717"
"signal-000770","src-457753bea11c3df9","group-d2528ebe43375f89","validation","frequency","noisy","129","0.01","0","0.5190812484361231","2.4232406808063387","11.88554586035897","2.5260807421765037","signals/validation/signal-000770.csv","84524a7e4c809689b3c78cc8bee28ca1d0a2a9cbd5139388917a828320e8f7b7","93fd76d8c9a29cef3b140f65ce63894a0b641edb04e54ba1bf20c41fbd061717"
"signal-000771","src-457753bea11c3df9","group-d2528ebe43375f89","validation","frequency","sparse-jittered","65","0.03","0.25","0.9777247654274106","2.7032237404957415","10.111440446790317","2.9188585200645925","signals/validation/signal-000771.csv","f76d587a1f7edb28e398250360bf4370f83a42965395a79fa2f1351f92d3c600","93fd76d8c9a29cef3b140f65ce63894a0b641edb04e54ba1bf20c41fbd061717"
"signal-000772","src-457753bea11c3df9","group-d2528ebe43375f89","validation","pri","clean","257","0","0","0.8234861032105982","1.089173431508243","10.718998458403888","0.9628971617525028","signals/validation/signal-000772.csv","d273c763936cde131ba0aa13f6e21d839cdf6df02adf5f9b419480325ce57fd3","93fd76d8c9a29cef3b140f65ce63894a0b641edb04e54ba1bf20c41fbd061717"
"signal-000773","src-457753bea11c3df9","group-d2528ebe43375f89","validation","pri","noisy","129","0.01","0","0.5684382163453847","1.3479619286954403","13.666992786675157","2.6059115829969173","signals/validation/signal-000773.csv","7f8be8ffb4695528de49f2dd94aea428335d3985a0583fb4bb82ded239821c73","93fd76d8c9a29cef3b140f65ce63894a0b641edb04e54ba1bf20c41fbd061717"
"signal-000774","src-457753bea11c3df9","group-d2528ebe43375f89","validation","pri","sparse-jittered","65","0.03","0.25","0.953081225277856","2.529202411323786","11.620570928075708","0.9884460889260733","signals/validation/signal-000774.csv","69f30e4652227a1b1de520f269cda16277af2f41ca799dd0b76cb6b70898cc92","93fd76d8c9a29cef3b140f65ce63894a0b641edb04e54ba1bf20c41fbd061717"
"signal-000775","src-ef38843ecbd59657","group-93e2162a716220c4","train","frequency","clean","257","0","0","0.5984279406256974","2.5667496232315896","11.179936843025924","1.2744571954922197","signals/train/signal-000775.csv","25fbac6c2914599dfc5e534f11a69afaf7d13a382981eb0df8d2aa681746a975","2cd9ad2473325d0ddc9cdd62906fdd6e949a260c0d74aafdee1fcfadeb2ebe69"
"signal-000776","src-ef38843ecbd59657","group-93e2162a716220c4","train","frequency","noisy","129","0.01","0","0.5773851368576288","0.9272620933130384","11.250357678812296","2.305896180371695","signals/train/signal-000776.csv","c0d507609284142b50c3c2d98545145c4e202c9d322999e9e1246dcb9fb8a2d2","2cd9ad2473325d0ddc9cdd62906fdd6e949a260c0d74aafdee1fcfadeb2ebe69"
"signal-000777","src-ef38843ecbd59657","group-93e2162a716220c4","train","frequency","sparse-jittered","65","0.03","0.25","0.7282630240079015","2.2818924505263567","18.317221673414732","2.1523887711771366","signals/train/signal-000777.csv","7784d5c3778b1e372aa88e9a0464a97d98d860b20f44ac4b14872884736edf7a","2cd9ad2473325d0ddc9cdd62906fdd6e949a260c0d74aafdee1fcfadeb2ebe69"
"signal-000778","src-ef38843ecbd59657","group-93e2162a716220c4","train","pri","clean","257","0","0","0.8115287339314818","2.181919918395579","16.74471597504388","1.0943836564464853","signals/train/signal-000778.csv","004680bdb9b0a09021a50b0619d99a32c6fe192c1e2fd85abd92c74bd1eb8832","2cd9ad2473325d0ddc9cdd62906fdd6e949a260c0d74aafdee1fcfadeb2ebe69"
"signal-000779","src-ef38843ecbd59657","group-93e2162a716220c4","train","pri","noisy","129","0.01","0","0.5507725644856691","1.5506478982046246","16.50344520703699","1.612111728298684","signals/train/signal-000779.csv","0b8935627472ae5cea8abf72cd1edf5ee2398abf9aa6622490433c3e85b0dc4a","2cd9ad2473325d0ddc9cdd62906fdd6e949a260c0d74aafdee1fcfadeb2ebe69"
"signal-000780","src-ef38843ecbd59657","group-93e2162a716220c4","train","pri","sparse-jittered","65","0.03","0.25","0.9121203327085823","1.542147022858262","18.50920968678411","1.3790364130609092","signals/train/signal-000780.csv","287e85fdb225c2cdde10da4a0b63e10c22428310701c2ed051a164b59e9327f3","2cd9ad2473325d0ddc9cdd62906fdd6e949a260c0d74aafdee1fcfadeb2ebe69"
"signal-000781","src-29d7b918cf668eb8","group-a4123ddd32712d82","train","frequency","clean","257","0","0","0.10580869182012975","0.8160202119499446","10.87456826770092","1.7652968647734557","signals/train/signal-000781.csv","48f213b1f56b5a567651a6f7792f3585f201fdb84ee8342c9f3827fb54e1ca53","4a55235aaf59ae626d8232a820b21208de5aa97fa916bbe7eb10afe75f2799c5"
"signal-000782","src-29d7b918cf668eb8","group-a4123ddd32712d82","train","frequency","noisy","129","0.01","0","0.24409265373833477","1.6707497887313365","15.680162906943245","2.0337129307993056","signals/train/signal-000782.csv","a2eb15fafad047b0c142b4fc1224200526febc6956c91da46d4712a77dc6e409","4a55235aaf59ae626d8232a820b21208de5aa97fa916bbe7eb10afe75f2799c5"
"signal-000783","src-29d7b918cf668eb8","group-a4123ddd32712d82","train","frequency","sparse-jittered","65","0.03","0.25","0.414029149338603","1.9878850804641843","14.082530497802715","1.689774205216736","signals/train/signal-000783.csv","ebc28e3342b346fa99fb44fc76bdfb6c3d185ec1619672fdc199c1a1bab2727f","4a55235aaf59ae626d8232a820b21208de5aa97fa916bbe7eb10afe75f2799c5"
"signal-000784","src-29d7b918cf668eb8","group-a4123ddd32712d82","train","pri","clean","257","0","0","0.9309396110475063","2.8617603065446016","13.920193818623682","2.874947463479483","signals/train/signal-000784.csv","327fe9f00a7fd03e26799d982471815366ae771acb926905161f06b934b87580","4a55235aaf59ae626d8232a820b21208de5aa97fa916bbe7eb10afe75f2799c5"
"signal-000785","src-29d7b918cf668eb8","group-a4123ddd32712d82","train","pri","noisy","129","0.01","0","0.3187122163362801","1.3350359527394176","15.356674792238731","1.226861393659826","signals/train/signal-000785.csv","e1166f42de17c206a9e2e016eee736c793952b5ca0b5021cd771cde6416fdaf3","4a55235aaf59ae626d8232a820b21208de5aa97fa916bbe7eb10afe75f2799c5"
"signal-000786","src-29d7b918cf668eb8","group-a4123ddd32712d82","train","pri","sparse-jittered","65","0.03","0.25","0.7600557445548475","0.8955044200643898","15.216297264419095","2.1568897136314256","signals/train/signal-000786.csv","10728f5f8038a99df019683246dfb1484ba8604a3e9103ab3bee7d127def80b2","4a55235aaf59ae626d8232a820b21208de5aa97fa916bbe7eb10afe75f2799c5"
"signal-000787","src-80893f1d41d976a5","group-017fa6f730eeb237","train","frequency","clean","257","0","0","0.4654950895346701","2.4939393742009996","14.180821880421053","2.77365711078612","signals/train/signal-000787.csv","7c2d34f03904c3ab0c30681cb3395eaffe5d7ccc53c113a27fd98137a0f8cecf","d512e16b430a1bdfb47d00e34435d0eacba4cf354387b188268ef1fe2a6f66cf"
"signal-000788","src-80893f1d41d976a5","group-017fa6f730eeb237","train","frequency","noisy","129","0.01","0","0.26116876886226237","2.7550711899995806","19.327181871069016","2.5074526525591168","signals/train/signal-000788.csv","224301fb7e521a526de7af32d27e166004da93f2c4a4547ed8689879998f6112","d512e16b430a1bdfb47d00e34435d0eacba4cf354387b188268ef1fe2a6f66cf"
"signal-000789","src-80893f1d41d976a5","group-017fa6f730eeb237","train","frequency","sparse-jittered","65","0.03","0.25","0.9048599384259433","2.2420420151203873","14.866497278645351","2.3141288715034136","signals/train/signal-000789.csv","216ed1012259eb399fc1b22055c27eecf45362f8a508f1c81e0009aa5a1aafc8","d512e16b430a1bdfb47d00e34435d0eacba4cf354387b188268ef1fe2a6f66cf"
"signal-000790","src-80893f1d41d976a5","group-017fa6f730eeb237","train","pri","clean","257","0","0","0.7386088960338384","2.869267001003027","16.755800835303305","2.823089182291861","signals/train/signal-000790.csv","e46ba1d9f0c9669d20ce8639ae332953158a9276a4aec70e07b99555c7b41a69","d512e16b430a1bdfb47d00e34435d0eacba4cf354387b188268ef1fe2a6f66cf"
"signal-000791","src-80893f1d41d976a5","group-017fa6f730eeb237","train","pri","noisy","129","0.01","0","0.6531584425829351","0.8487583627924323","17.015220567501828","1.571967221607057","signals/train/signal-000791.csv","ef770a5adc3ed774c9c1a4299eabdef863c85626c13c3d4515e6b22477f9d221","d512e16b430a1bdfb47d00e34435d0eacba4cf354387b188268ef1fe2a6f66cf"
"signal-000792","src-80893f1d41d976a5","group-017fa6f730eeb237","train","pri","sparse-jittered","65","0.03","0.25","0.805332844844088","3.1369851056486366","11.291664097303578","2.7830677141969424","signals/train/signal-000792.csv","a1dda994c3d82ca252759c0ed88c821a1d1c3ee2e25b10ca14a168116e5b3df3","d512e16b430a1bdfb47d00e34435d0eacba4cf354387b188268ef1fe2a6f66cf"
"signal-000793","src-22086daa6eeafc95","group-9e010832a4a4a8b2","calibration","frequency","clean","257","0","0","0.5974709405563772","2.7337804904207585","17.239090025092814","1.3291266276593277","signals/calibration/signal-000793.csv","7dc0a0a4f721129e548fa8a1040f06c8c8a3a970c8f4293481bdfb5184a13320","f37429b3163caf8a070a7bc729cac5a85dfa54f0c7e6660efb6453750bcfee62"
"signal-000794","src-22086daa6eeafc95","group-9e010832a4a4a8b2","calibration","frequency","noisy","129","0.01","0","0.8343201868701726","2.389572586864233","16.133709821773344","2.7361884682466755","signals/calibration/signal-000794.csv","00c7eadf30350f2c19da86ae19ff7e3065e082a5cf3812e2820f9752c6ce7b99","f37429b3163caf8a070a7bc729cac5a85dfa54f0c7e6660efb6453750bcfee62"
"signal-000795","src-22086daa6eeafc95","group-9e010832a4a4a8b2","calibration","frequency","sparse-jittered","65","0.03","0.25","0.13785668718628585","1.7706575360149146","17.916795514821303","0.9924229341585367","signals/calibration/signal-000795.csv","007cd08afe2d244fc8557d27967073590fcfb8eccad6b4b52bc399d3682316e3","f37429b3163caf8a070a7bc729cac5a85dfa54f0c7e6660efb6453750bcfee62"
"signal-000796","src-22086daa6eeafc95","group-9e010832a4a4a8b2","calibration","pri","clean","257","0","0","0.05948189669288695","1.5953759446740152","18.795314463166612","2.232635144663373","signals/calibration/signal-000796.csv","3a6a590a25e83e311b400df9507e359e464be423ed8353142372cdde91b9c810","f37429b3163caf8a070a7bc729cac5a85dfa54f0c7e6660efb6453750bcfee62"
"signal-000797","src-22086daa6eeafc95","group-9e010832a4a4a8b2","calibration","pri","noisy","129","0.01","0","0.4529037920292467","2.0223896492272617","11.239160881094657","2.0061236406396183","signals/calibration/signal-000797.csv","af9e86eaa68104989f5e81d4b82fa7130a671af6d10946df308d1d311aa02b60","f37429b3163caf8a070a7bc729cac5a85dfa54f0c7e6660efb6453750bcfee62"
"signal-000798","src-22086daa6eeafc95","group-9e010832a4a4a8b2","calibration","pri","sparse-jittered","65","0.03","0.25","0.7379618457052857","1.5923146545886993","17.163521550233327","2.9588777162077413","signals/calibration/signal-000798.csv","d90f04eed268acc9db7fd08b831bbf5c860c4b14646f58b3d036012636c5a164","f37429b3163caf8a070a7bc729cac5a85dfa54f0c7e6660efb6453750bcfee62"
"signal-000799","src-c0bf9c3d6fb7f9c8","group-58c280ec33c69605","train","frequency","clean","257","0","0","0.6597777151037008","1.865593721717596","19.817521318327636","1.1676058782730223","signals/train/signal-000799.csv","638202c61ac87ba8d8416cdd6f67e37b6ce907661007ab25c942fad985400ab4","1234dd6b5146396ead5695be16105db9793691f2a3703760ee8c993b50a91540"
"signal-000800","src-c0bf9c3d6fb7f9c8","group-58c280ec33c69605","train","frequency","noisy","129","0.01","0","0.036597019294276834","2.033124414086342","12.419801319020085","1.2094988247217202","signals/train/signal-000800.csv","9b9963b0b5a160a9eb1d4099b9726a7b8459549cc4faa1e98b5cb6bafd6d27ac","1234dd6b5146396ead5695be16105db9793691f2a3703760ee8c993b50a91540"
"signal-000801","src-c0bf9c3d6fb7f9c8","group-58c280ec33c69605","train","frequency","sparse-jittered","65","0.03","0.25","0.582085830392316","2.950500861555338","15.870179039980279","2.8996704445818793","signals/train/signal-000801.csv","b9898278eb518848bc0cfc968542000533450ec01ab045e5d4c402933f934d55","1234dd6b5146396ead5695be16105db9793691f2a3703760ee8c993b50a91540"
"signal-000802","src-c0bf9c3d6fb7f9c8","group-58c280ec33c69605","train","pri","clean","257","0","0","0.7544854688458145","3.1108012354001406","12.470489805564284","1.7129859223263324","signals/train/signal-000802.csv","33c7651a9a2419c415bd65e504473f307b06813f06ccbf4983df7ef4dd344256","1234dd6b5146396ead5695be16105db9793691f2a3703760ee8c993b50a91540"
"signal-000803","src-c0bf9c3d6fb7f9c8","group-58c280ec33c69605","train","pri","noisy","129","0.01","0","0.9931381745263934","2.1089978167787193","14.001897822282853","2.719864758843821","signals/train/signal-000803.csv","d673f2111842d1befb0b6abf7f37ce745de389c81e5d378d9c745e267750661b","1234dd6b5146396ead5695be16105db9793691f2a3703760ee8c993b50a91540"
"signal-000804","src-c0bf9c3d6fb7f9c8","group-58c280ec33c69605","train","pri","sparse-jittered","65","0.03","0.25","0.7559784904588014","1.5395579032599926","11.614042891109591","1.9507005989049606","signals/train/signal-000804.csv","1b4a84cf9ca126e2e661eeeecc075029be435b003353612175bc665a9f13324c","1234dd6b5146396ead5695be16105db9793691f2a3703760ee8c993b50a91540"
"signal-000805","src-d3791113d946de33","group-3d6a65740d7f7d10","test","frequency","clean","257","0","0","0.44973642914555967","1.8901355151087045","19.936325874440346","1.9400202798182988","signals/test/signal-000805.csv","007fb289fef2fa816c4bfd87fcab0162358137bebb2ed96abf6556d20ec4c9a1","60da51c4dbdb04673f10c0b820b4ce552e972a5fd6de62e079ccad71effb66ef"
"signal-000806","src-d3791113d946de33","group-3d6a65740d7f7d10","test","frequency","noisy","129","0.01","0","0.08693917049095035","2.2096152430400253","18.298692565089297","2.8844633642163906","signals/test/signal-000806.csv","7db5700b7bb0370db4d49269f32e585f96a0c0ffdfc187408c4e32c71c74d99f","60da51c4dbdb04673f10c0b820b4ce552e972a5fd6de62e079ccad71effb66ef"
"signal-000807","src-d3791113d946de33","group-3d6a65740d7f7d10","test","frequency","sparse-jittered","65","0.03","0.25","0.38666003616526723","3.0905908552929757","13.017743096628017","1.160240422620591","signals/test/signal-000807.csv","d71397efdfa2d664ec05fe2bb418f7a9e42d290b36d24eb16253ce404ddfceb5","60da51c4dbdb04673f10c0b820b4ce552e972a5fd6de62e079ccad71effb66ef"
"signal-000808","src-d3791113d946de33","group-3d6a65740d7f7d10","test","pri","clean","257","0","0","0.3308970043435693","2.354434027709067","11.958852333360012","2.8578500559807587","signals/test/signal-000808.csv","98b9cc2b15445330207d7ce4583e5bdaa34a83090d83ab2237fa7cb823a64166","60da51c4dbdb04673f10c0b820b4ce552e972a5fd6de62e079ccad71effb66ef"
"signal-000809","src-d3791113d946de33","group-3d6a65740d7f7d10","test","pri","noisy","129","0.01","0","0.35445173224434257","1.379027365706861","18.713397626967136","2.160431724723818","signals/test/signal-000809.csv","934dcd2a0ee4cfdd870e0669fe40fe7f8f06301df0c03ee4f824342dccd32668","60da51c4dbdb04673f10c0b820b4ce552e972a5fd6de62e079ccad71effb66ef"
"signal-000810","src-d3791113d946de33","group-3d6a65740d7f7d10","test","pri","sparse-jittered","65","0.03","0.25","0.19750368897803128","1.5779123656451701","19.78185027244676","0.9598764479951463","signals/test/signal-000810.csv","2c74965de363dcef44aaa68205ba9576df1b0a2ecedec23a6c67633254026b2e","60da51c4dbdb04673f10c0b820b4ce552e972a5fd6de62e079ccad71effb66ef"
"signal-000811","src-5478bfc6f8f916c2","group-d792bba840d33e4c","test","frequency","clean","257","0","0","0.12179010198451579","2.6090797692537304","12.789500837679952","2.1357793587725595","signals/test/signal-000811.csv","3c2d1982fb2737a10a8772ec018c6f5ac6d7ff614d41b44dde0df6bf62c29e84","9d0dbb14f7c8f615a2b1fb89a18bd3011e580899cf991d6dce66c194ead8fc04"
"signal-000812","src-5478bfc6f8f916c2","group-d792bba840d33e4c","test","frequency","noisy","129","0.01","0","0.19838263699784875","3.1216601027175788","14.367697392637925","1.923108093419387","signals/test/signal-000812.csv","075d37d5a0c44948294069aa10a59e7917f39a6bc4b8bf673e1198986643ae3f","9d0dbb14f7c8f615a2b1fb89a18bd3011e580899cf991d6dce66c194ead8fc04"
"signal-000813","src-5478bfc6f8f916c2","group-d792bba840d33e4c","test","frequency","sparse-jittered","65","0.03","0.25","0.33068497315980494","2.1399407953023912","19.654229035699764","0.9955258694150686","signals/test/signal-000813.csv","0d948b3869d65ac3c1cddda831c554ad3b238dc92d006c801b37b7e4a8e66111","9d0dbb14f7c8f615a2b1fb89a18bd3011e580899cf991d6dce66c194ead8fc04"
"signal-000814","src-5478bfc6f8f916c2","group-d792bba840d33e4c","test","pri","clean","257","0","0","0.65399588085711","1.0589502589777111","17.27661670651287","1.3403402539668576","signals/test/signal-000814.csv","b5caf56c0fecb5d14dd5eff3371b9f7035feb0ba990a6e25238faa645114187a","9d0dbb14f7c8f615a2b1fb89a18bd3011e580899cf991d6dce66c194ead8fc04"
"signal-000815","src-5478bfc6f8f916c2","group-d792bba840d33e4c","test","pri","noisy","129","0.01","0","0.42767449538223445","1.7445824723690748","13.778696746070604","1.3008076077943063","signals/test/signal-000815.csv","e9d0c94df17eecce3337448890d10e687f5b29cbcab044e1a22e816b6d5d60b9","9d0dbb14f7c8f615a2b1fb89a18bd3011e580899cf991d6dce66c194ead8fc04"
"signal-000816","src-5478bfc6f8f916c2","group-d792bba840d33e4c","test","pri","sparse-jittered","65","0.03","0.25","0.5703130811452866","1.6177113624289632","16.57747654880389","2.1685021278065033","signals/test/signal-000816.csv","235c7ae775e16f40f0c400b81eb9d759e77e68b1b0452c50d4b52dd7af4890ab","9d0dbb14f7c8f615a2b1fb89a18bd3011e580899cf991d6dce66c194ead8fc04"
"signal-000817","src-68e68a1bf6ee60d7","group-2a15ca0142c1faac","train","frequency","clean","257","0","0","0.5176764072384685","1.999787214770913","11.584276207517705","1.4566959624258224","signals/train/signal-000817.csv","76f20edc2ec9817d6bf5e004c46b75e63a0c1a6348d607a3fb17f57c3dceea54","aea2984213e1530f9f7bff1a3b80900e0b540467fa010296d3fffe51c8b1b8af"
"signal-000818","src-68e68a1bf6ee60d7","group-2a15ca0142c1faac","train","frequency","noisy","129","0.01","0","0.7316818563267589","1.4031101236119867","15.185787090799945","0.7146690862807947","signals/train/signal-000818.csv","80d2b2bad0f1b93973587a9a5973ee4286671060a67819c6ba341f671d464120","aea2984213e1530f9f7bff1a3b80900e0b540467fa010296d3fffe51c8b1b8af"
"signal-000819","src-68e68a1bf6ee60d7","group-2a15ca0142c1faac","train","frequency","sparse-jittered","65","0.03","0.25","0.3165900041349232","1.2421148536726832","19.098354280343063","1.6339815429419033","signals/train/signal-000819.csv","85b067f092c306f9ec5e84db5154106a9dd817297ad439dfe037556f4d9fc3b1","aea2984213e1530f9f7bff1a3b80900e0b540467fa010296d3fffe51c8b1b8af"
"signal-000820","src-68e68a1bf6ee60d7","group-2a15ca0142c1faac","train","pri","clean","257","0","0","0.822281667497009","0.9002358010038733","19.846777408009117","2.325376156822184","signals/train/signal-000820.csv","e0a419b3130fbf0c910386102d6e56317743ad24930900dc12873ebf85a2fa27","aea2984213e1530f9f7bff1a3b80900e0b540467fa010296d3fffe51c8b1b8af"
"signal-000821","src-68e68a1bf6ee60d7","group-2a15ca0142c1faac","train","pri","noisy","129","0.01","0","0.5984683209098876","2.2670668525621296","15.073560722024922","0.7573394600924566","signals/train/signal-000821.csv","ec7ab583a8ae4bcf45fab69c751b840070ba2a32c466b40818f2bd4e1bbc313c","aea2984213e1530f9f7bff1a3b80900e0b540467fa010296d3fffe51c8b1b8af"
"signal-000822","src-68e68a1bf6ee60d7","group-2a15ca0142c1faac","train","pri","sparse-jittered","65","0.03","0.25","0.20068662473931909","1.3199715984985234","16.179213114386172","2.0480047690649297","signals/train/signal-000822.csv","57e0dae065dc34040f5ec5e74de5f7a3c75b41061ce5123874c0b544a41468c3","aea2984213e1530f9f7bff1a3b80900e0b540467fa010296d3fffe51c8b1b8af"
"signal-000823","src-4479cbe4a0bd4726","group-5f1452034317e81a","test","frequency","clean","257","0","0","0.5652583425398916","1.5141115147620439","17.649677058578646","2.2422144545691367","signals/test/signal-000823.csv","f7116b3cff539d0191863b0099ddca4f78c2e2f78a9d9f0b6c897598439527de","26e90e6472d5993d7a22577c44bdb879d65a5cde074357542053f430d6823b7f"
"signal-000824","src-4479cbe4a0bd4726","group-5f1452034317e81a","test","frequency","noisy","129","0.01","0","0.27780849440023303","2.2913341229781508","11.258598410019689","2.0881370135141353","signals/test/signal-000824.csv","28affea8b585c8ced63cc7d673cf883665796595b61740c157157d2b70b46715","26e90e6472d5993d7a22577c44bdb879d65a5cde074357542053f430d6823b7f"
"signal-000825","src-4479cbe4a0bd4726","group-5f1452034317e81a","test","frequency","sparse-jittered","65","0.03","0.25","0.9169567471835762","2.3989771604537964","11.828921850569511","2.8977824248080832","signals/test/signal-000825.csv","e6256f48e4043e9a8c14de4dc8286228cf3fad1203fe17b879610d69c8420ae5","26e90e6472d5993d7a22577c44bdb879d65a5cde074357542053f430d6823b7f"
"signal-000826","src-4479cbe4a0bd4726","group-5f1452034317e81a","test","pri","clean","257","0","0","0.2996514269616455","0.9954652432352304","15.628093214130779","1.6696561812405744","signals/test/signal-000826.csv","1555890bf64c13703d2d9a41ea32be15eea57a6c409d7a536b6e55e4d39e4ec7","26e90e6472d5993d7a22577c44bdb879d65a5cde074357542053f430d6823b7f"
"signal-000827","src-4479cbe4a0bd4726","group-5f1452034317e81a","test","pri","noisy","129","0.01","0","0.3776533177588135","3.0051945030689238","14.796776522050036","2.1442702249691656","signals/test/signal-000827.csv","9012c4a38cf993ee1b9dc1dfe81ae56fc3a358c41062db6b564c14ba218bf8f4","26e90e6472d5993d7a22577c44bdb879d65a5cde074357542053f430d6823b7f"
"signal-000828","src-4479cbe4a0bd4726","group-5f1452034317e81a","test","pri","sparse-jittered","65","0.03","0.25","0.8995181480422616","2.345584418810904","15.298325052258111","1.1806732657054297","signals/test/signal-000828.csv","f3d1e069f901143200671899bfdd7bfd6e0e293685c9ff9218a090225925582a","26e90e6472d5993d7a22577c44bdb879d65a5cde074357542053f430d6823b7f"
"signal-000829","src-59d7af20720f60ef","group-0651e67613883352","calibration","frequency","clean","257","0","0","0.23392290179617703","2.5744251124560833","14.695308924100427","0.9613072009777319","signals/calibration/signal-000829.csv","491190a161795322c5a8157ede6f44b999aa26c286f6d6223b76fc3a4aad08cb","38b1942f7b4d4b17066dcce9c55d69dff015937d816ff5b8cb49573fa10dc85a"
"signal-000830","src-59d7af20720f60ef","group-0651e67613883352","calibration","frequency","noisy","129","0.01","0","0.7677973187528551","1.0885888239368797","16.164806096094093","1.1931631724851837","signals/calibration/signal-000830.csv","552188be803c5e0740521f4f32e6ccf0b34b9314376e408d649c1fbd0db52a74","38b1942f7b4d4b17066dcce9c55d69dff015937d816ff5b8cb49573fa10dc85a"
"signal-000831","src-59d7af20720f60ef","group-0651e67613883352","calibration","frequency","sparse-jittered","65","0.03","0.25","0.9863915520254523","2.7684510722756386","15.769088175632152","2.6149599628409117","signals/calibration/signal-000831.csv","b7ce679d526564db2e7b985e1689b6403a98f9db1987fc47f6a7d5ab3f52ba2a","38b1942f7b4d4b17066dcce9c55d69dff015937d816ff5b8cb49573fa10dc85a"
"signal-000832","src-59d7af20720f60ef","group-0651e67613883352","calibration","pri","clean","257","0","0","0.7902613198384643","3.114708385802805","10.593505996668984","2.699835354492736","signals/calibration/signal-000832.csv","a9c5a0070dd8bb5a5df093a96602501cca91cbae533005263d5a87d468e2fd53","38b1942f7b4d4b17066dcce9c55d69dff015937d816ff5b8cb49573fa10dc85a"
"signal-000833","src-59d7af20720f60ef","group-0651e67613883352","calibration","pri","noisy","129","0.01","0","0.5298296972177923","2.666800402663648","15.44342250277775","2.7183420656488284","signals/calibration/signal-000833.csv","78cd13e6b5125b12e4aeec9e6dd5aee58f037f68719889f6ec1f823cdcd86acc","38b1942f7b4d4b17066dcce9c55d69dff015937d816ff5b8cb49573fa10dc85a"
"signal-000834","src-59d7af20720f60ef","group-0651e67613883352","calibration","pri","sparse-jittered","65","0.03","0.25","0.9875154683832079","1.9419192001223564","16.75725538022052","0.9571719629768047","signals/calibration/signal-000834.csv","586e452847d59cd53868beefcdf784ab82fc48a2421f897db628990ab936795e","38b1942f7b4d4b17066dcce9c55d69dff015937d816ff5b8cb49573fa10dc85a"
"signal-000835","src-74b24b16953a78d3","group-36319dc6a3da3e16","calibration","frequency","clean","257","0","0","0.16791076608933508","1.6067994818091393","16.972094125597955","1.4521464807805238","signals/calibration/signal-000835.csv","bb1b48a2603e4d2cf5340ccd7724575a309cc8a89c703ad630c42483c2d228b8","b949e1c9339e90cba266d5f2da89da67eb40641355c1f6f8bea21ac8a00fb98b"
"signal-000836","src-74b24b16953a78d3","group-36319dc6a3da3e16","calibration","frequency","noisy","129","0.01","0","0.38495690119452775","0.955645725876093","16.523922263024826","0.8994976652472033","signals/calibration/signal-000836.csv","ccf9765cf09ab355f375421cf280f169503c2989cba80f1f7472a79a48e00d50","b949e1c9339e90cba266d5f2da89da67eb40641355c1f6f8bea21ac8a00fb98b"
"signal-000837","src-74b24b16953a78d3","group-36319dc6a3da3e16","calibration","frequency","sparse-jittered","65","0.03","0.25","0.7443831018172204","1.278666623495519","14.636590722081916","2.4364552728176534","signals/calibration/signal-000837.csv","e77bf184fb7274ee9b9b0f52895413599fc1569ddd2bf1d7d10f72953ee22f1b","b949e1c9339e90cba266d5f2da89da67eb40641355c1f6f8bea21ac8a00fb98b"
"signal-000838","src-74b24b16953a78d3","group-36319dc6a3da3e16","calibration","pri","clean","257","0","0","0.6335560868028551","1.781060902774334","10.68916077371151","2.948541914986908","signals/calibration/signal-000838.csv","94ca491ccb04233005f2d2fc308ae748e8f5b03b7c0856f5cf4caff8e176cedd","b949e1c9339e90cba266d5f2da89da67eb40641355c1f6f8bea21ac8a00fb98b"
"signal-000839","src-74b24b16953a78d3","group-36319dc6a3da3e16","calibration","pri","noisy","129","0.01","0","0.43006208911538124","1.7438188971951605","17.968423092285114","1.1200178286260503","signals/calibration/signal-000839.csv","c65d49927db8f130a99ac66c961f4dd54985f604e401d35a73ffd83e43a4f518","b949e1c9339e90cba266d5f2da89da67eb40641355c1f6f8bea21ac8a00fb98b"
"signal-000840","src-74b24b16953a78d3","group-36319dc6a3da3e16","calibration","pri","sparse-jittered","65","0.03","0.25","0.9701666177716106","2.130206087604165","14.289032668238622","1.6659091195259048","signals/calibration/signal-000840.csv","c1b3bbf2af5150d51fd6530d4f9f609ddd7fa2b9481513569b089276a6d6b922","b949e1c9339e90cba266d5f2da89da67eb40641355c1f6f8bea21ac8a00fb98b"
"signal-000841","src-1861be58a194509f","group-fda9da2b04b50001","train","frequency","clean","257","0","0","0.08480277308262885","2.02000018209219","19.041701743058248","1.9331058924492517","signals/train/signal-000841.csv","c861b5e507a24ddb2f5bf7bcdf906046601b32677a3920eca2dfacaf62ebaaae","85aa7ad85adda5855fe69922fb0c6b1330e26cf6bcd930dd1028974bd326068f"
"signal-000842","src-1861be58a194509f","group-fda9da2b04b50001","train","frequency","noisy","129","0.01","0","0.10638377140276134","2.7169977705925703","10.339213303577402","1.3258143853512028","signals/train/signal-000842.csv","e00140e443f97bfdc5fa79888d03effb10a7da6ce17d881184e9537cc2e0383d","85aa7ad85adda5855fe69922fb0c6b1330e26cf6bcd930dd1028974bd326068f"
"signal-000843","src-1861be58a194509f","group-fda9da2b04b50001","train","frequency","sparse-jittered","65","0.03","0.25","0.5215056645683944","1.3416112339124084","18.37339676443913","1.9940397769786955","signals/train/signal-000843.csv","0b2dcbfec326e8bfc736c9aa725865ffa21bce51b693e914163b9e200b216322","85aa7ad85adda5855fe69922fb0c6b1330e26cf6bcd930dd1028974bd326068f"
"signal-000844","src-1861be58a194509f","group-fda9da2b04b50001","train","pri","clean","257","0","0","0.6423362710047513","0.8775189362466336","16.55720723987397","0.88341562616651","signals/train/signal-000844.csv","4cb828d2195a0be1ddfd2538ad7b2cd1e0ca04a23627e3435d84d3a1525ad3c6","85aa7ad85adda5855fe69922fb0c6b1330e26cf6bcd930dd1028974bd326068f"
"signal-000845","src-1861be58a194509f","group-fda9da2b04b50001","train","pri","noisy","129","0.01","0","0.48757223528809845","1.6027669347822666","19.153613391953133","1.6452760133014976","signals/train/signal-000845.csv","ef59cb87054f15eea7ed94b60b805d887b6c950b8832ccc0ff92cb0a0b4e8842","85aa7ad85adda5855fe69922fb0c6b1330e26cf6bcd930dd1028974bd326068f"
"signal-000846","src-1861be58a194509f","group-fda9da2b04b50001","train","pri","sparse-jittered","65","0.03","0.25","0.4661132881883532","2.071194951236248","11.473174483351624","2.6080853608584977","signals/train/signal-000846.csv","cb5a763667c6ea88b5993e7cff161971d028abca3cf21d4374bcc69ec52196ce","85aa7ad85adda5855fe69922fb0c6b1330e26cf6bcd930dd1028974bd326068f"
"signal-000847","src-fbe245cb8e8918f8","group-2e334fd00435a1cb","train","frequency","clean","257","0","0","0.13387385616078973","1.9665806306526066","16.62881026541536","0.7076105640730326","signals/train/signal-000847.csv","b94f592ac8b6c52e643931735a0f6d33932981c786967ec2c2743939a524c983","a93cb376b8b4d50bb25e23362d3d5324309409bfd568df2db07d084d6af2281c"
"signal-000848","src-fbe245cb8e8918f8","group-2e334fd00435a1cb","train","frequency","noisy","129","0.01","0","0.03867047722451389","3.1893935274332765","10.941602947355218","0.9747403050593473","signals/train/signal-000848.csv","afcecba6ba898a9996d6cf2c7aa9e923cad0d15cdd6b352843a74c5280584103","a93cb376b8b4d50bb25e23362d3d5324309409bfd568df2db07d084d6af2281c"
"signal-000849","src-fbe245cb8e8918f8","group-2e334fd00435a1cb","train","frequency","sparse-jittered","65","0.03","0.25","0.9465332471299917","2.0921022675931455","14.538534274245135","1.4547286238005235","signals/train/signal-000849.csv","f6368666ec8b2487eb420f7d69c7dc9c8a91ec6634065191143393a672a10d4e","a93cb376b8b4d50bb25e23362d3d5324309409bfd568df2db07d084d6af2281c"
"signal-000850","src-fbe245cb8e8918f8","group-2e334fd00435a1cb","train","pri","clean","257","0","0","0.706815306795761","2.5631352912634613","13.905445842799104","1.4280420639483768","signals/train/signal-000850.csv","76995818bdb262a8195c623f2298ceccd246082650c8f8f76ebd757258cec894","a93cb376b8b4d50bb25e23362d3d5324309409bfd568df2db07d084d6af2281c"
"signal-000851","src-fbe245cb8e8918f8","group-2e334fd00435a1cb","train","pri","noisy","129","0.01","0","0.13665594742633402","1.3158014804124831","14.272234085881335","0.7311906039935856","signals/train/signal-000851.csv","f473fcc4db19d000c353ab37643afc8743be3645e33a907822faef7eb319f8bd","a93cb376b8b4d50bb25e23362d3d5324309409bfd568df2db07d084d6af2281c"
"signal-000852","src-fbe245cb8e8918f8","group-2e334fd00435a1cb","train","pri","sparse-jittered","65","0.03","0.25","0.22951826988719404","2.8686853114515545","12.43260166305886","2.29480689088318","signals/train/signal-000852.csv","56d020282ba1a7110484f31b83ea6e14db336b13c0ee087057cb343f9d6483a0","a93cb376b8b4d50bb25e23362d3d5324309409bfd568df2db07d084d6af2281c"
"signal-000853","src-c6680a58b0f48473","group-736ad8865ebe35a8","validation","frequency","clean","257","0","0","0.08214869536459446","1.4864985601976515","17.425960204532792","1.318576444882428","signals/validation/signal-000853.csv","6949c583d5320f0976c0e2514a22d8d86e981d04fadbd0e8690246276281db05","dbbc8fa66f2fe67701b4e2720195e49f13d678972a9f7f6a45837bbadf2ce8f3"
"signal-000854","src-c6680a58b0f48473","group-736ad8865ebe35a8","validation","frequency","noisy","129","0.01","0","0.17958610644564033","1.9064882924780249","14.944468772690048","2.9632154916029236","signals/validation/signal-000854.csv","1eb082fb4975920577d83c73fc6f5665da53c5947910b70d5fef6336f3e9e6be","dbbc8fa66f2fe67701b4e2720195e49f13d678972a9f7f6a45837bbadf2ce8f3"
"signal-000855","src-c6680a58b0f48473","group-736ad8865ebe35a8","validation","frequency","sparse-jittered","65","0.03","0.25","0.27211479539982975","1.325976486131549","13.241711608945291","1.0280470080191666","signals/validation/signal-000855.csv","d464c16eaac1aa0d04f513356d81d2778e7bd36663b6fbca58ea484fe31c1fa1","dbbc8fa66f2fe67701b4e2720195e49f13d678972a9f7f6a45837bbadf2ce8f3"
"signal-000856","src-c6680a58b0f48473","group-736ad8865ebe35a8","validation","pri","clean","257","0","0","0.0007383076008409262","2.334579037502408","17.245539805613515","2.6223675923984455","signals/validation/signal-000856.csv","d09d340eac8dedbc02b7491f252d6e354fed8b56b63d3b210198a7840ff32a31","dbbc8fa66f2fe67701b4e2720195e49f13d678972a9f7f6a45837bbadf2ce8f3"
"signal-000857","src-c6680a58b0f48473","group-736ad8865ebe35a8","validation","pri","noisy","129","0.01","0","0.8343659432139248","2.5391744051128624","12.690761225777248","1.2839747328974234","signals/validation/signal-000857.csv","dc548d40cd79c47b8f8f8d470c05fb0e9de69626d97a01aa599840437e7c3873","dbbc8fa66f2fe67701b4e2720195e49f13d678972a9f7f6a45837bbadf2ce8f3"
"signal-000858","src-c6680a58b0f48473","group-736ad8865ebe35a8","validation","pri","sparse-jittered","65","0.03","0.25","0.7185917308088392","2.9448229569941757","16.62431644058208","1.5626642556347665","signals/validation/signal-000858.csv","e40190d951186e1d48e4c17bdd81abf74c29310022d5b7c9944d7032a0fae1e9","dbbc8fa66f2fe67701b4e2720195e49f13d678972a9f7f6a45837bbadf2ce8f3"
"signal-000859","src-8d4aedc9b87d3b0c","group-c3cd817a29011937","test","frequency","clean","257","0","0","0.9142792311031371","2.663737482577562","12.498960183424241","1.805670480345702","signals/test/signal-000859.csv","3885fecc2a43a543a81ff13499b40781b192e3958bdce8d78bbf4dbd9938e9ee","beed935c01d41f51527babbd4cac60238d116fffd25fb3083ef779f074242799"
"signal-000860","src-8d4aedc9b87d3b0c","group-c3cd817a29011937","test","frequency","noisy","129","0.01","0","0.9694070869591087","2.3378191415220497","19.067837001113254","2.6950360673872282","signals/test/signal-000860.csv","a50a86866cf8f058707fafdca62583f5e811414d98c047029fcecf2a7f887310","beed935c01d41f51527babbd4cac60238d116fffd25fb3083ef779f074242799"
"signal-000861","src-8d4aedc9b87d3b0c","group-c3cd817a29011937","test","frequency","sparse-jittered","65","0.03","0.25","0.2550880182534456","1.5184697585180402","14.35423771381501","2.9254244964189873","signals/test/signal-000861.csv","b2c3e8c12fc6fe047c17123afd8b93e03d0bce6b52d575c7c9f3aa355d9aaa9c","beed935c01d41f51527babbd4cac60238d116fffd25fb3083ef779f074242799"
"signal-000862","src-8d4aedc9b87d3b0c","group-c3cd817a29011937","test","pri","clean","257","0","0","0.5423997826874256","3.0104994358494874","17.250085345743567","0.8869821183816882","signals/test/signal-000862.csv","59221d7c971143036d817b1fa1625d22711b522d40244fb9b68beed1272fa729","beed935c01d41f51527babbd4cac60238d116fffd25fb3083ef779f074242799"
"signal-000863","src-8d4aedc9b87d3b0c","group-c3cd817a29011937","test","pri","noisy","129","0.01","0","0.7735021591652185","1.8011602394282817","10.050412326019615","2.1100988647869148","signals/test/signal-000863.csv","1d8ed8a335bc613462c97a8ae4adb5bcdd3abfc9c8aec2adb0676e3b80191b05","beed935c01d41f51527babbd4cac60238d116fffd25fb3083ef779f074242799"
"signal-000864","src-8d4aedc9b87d3b0c","group-c3cd817a29011937","test","pri","sparse-jittered","65","0.03","0.25","0.9427224919199944","2.1698905976489185","17.120394908845757","1.4251247440431527","signals/test/signal-000864.csv","9419306c3aa8dbf88e1befe7046c45df24fae927108d10bcfb0dd974249011c2","beed935c01d41f51527babbd4cac60238d116fffd25fb3083ef779f074242799"
"signal-000865","src-920ad88c26b667f6","group-24c358abee9beed4","test","frequency","clean","257","0","0","0.04211062006652355","1.6146441088989376","13.550197003909492","2.474154479906465","signals/test/signal-000865.csv","eb1b0f5fca9a2c95d08b69eabc2fa2f6e9b01bb1cb71d2fa6188d510130f4300","4b6812f47d7d994cfa4705004c5180ac8f4bc722d75228c2e12a899bf8983c47"
"signal-000866","src-920ad88c26b667f6","group-24c358abee9beed4","test","frequency","noisy","129","0.01","0","0.1813207536470145","2.294875318929553","11.283238323432382","0.7694365501178169","signals/test/signal-000866.csv","7c2a72b870c536af951e63afa4f48ef5d5fca214aecbb8034cccac66cf521e08","4b6812f47d7d994cfa4705004c5180ac8f4bc722d75228c2e12a899bf8983c47"
"signal-000867","src-920ad88c26b667f6","group-24c358abee9beed4","test","frequency","sparse-jittered","65","0.03","0.25","0.8940515141002834","2.7627713745459914","14.11101169712473","1.147561603116225","signals/test/signal-000867.csv","fc1140daeaef9db3a0d82e10ca8dafbdfbd335d9bc8da83a90f011b3fd8fd0a1","4b6812f47d7d994cfa4705004c5180ac8f4bc722d75228c2e12a899bf8983c47"
"signal-000868","src-920ad88c26b667f6","group-24c358abee9beed4","test","pri","clean","257","0","0","0.46768096718005836","1.7037434216588736","13.689835697004494","1.8876982973455672","signals/test/signal-000868.csv","f8bad8c1da1507b095b2e163059dd82be493bc07a01edc70ec2e1b6c8a82000a","4b6812f47d7d994cfa4705004c5180ac8f4bc722d75228c2e12a899bf8983c47"
"signal-000869","src-920ad88c26b667f6","group-24c358abee9beed4","test","pri","noisy","129","0.01","0","0.779309845296666","2.0580165978521108","12.682821756756642","1.0850733797955545","signals/test/signal-000869.csv","87d4ac8de2ab8078c4ddb89037b820d00f4b4c018da6c3ec29350cad096faa1c","4b6812f47d7d994cfa4705004c5180ac8f4bc722d75228c2e12a899bf8983c47"
"signal-000870","src-920ad88c26b667f6","group-24c358abee9beed4","test","pri","sparse-jittered","65","0.03","0.25","0.651790598873049","0.8132074100896717","12.659317823378451","1.8486655464622732","signals/test/signal-000870.csv","a926190acdd5ad6581741dfadf8677e87f5acab763e3255d4f6a0768bd3a0160","4b6812f47d7d994cfa4705004c5180ac8f4bc722d75228c2e12a899bf8983c47"
"signal-000871","src-90ba0ccf0aa92ae0","group-ebf0bf13309ffc7d","test","frequency","clean","257","0","0","0.4887683680281043","1.66065485868603","12.063985576418151","1.535346669252153","signals/test/signal-000871.csv","4681bebc2d2a86c86fbe83264d3246c429bb91fc04210acd18f84b2300f29f79","c65056b7bc86eb9d68d5eda47b754c3949982b44b5e4d0a8336f8ee00d1f6016"
"signal-000872","src-90ba0ccf0aa92ae0","group-ebf0bf13309ffc7d","test","frequency","noisy","129","0.01","0","0.11213030852377415","1.6049082892015578","10.542765203166786","2.0728360557694394","signals/test/signal-000872.csv","0e4734e56caacf436962b6da6b1d8ea11951fbc0f3c547894f14dc22df64f38e","c65056b7bc86eb9d68d5eda47b754c3949982b44b5e4d0a8336f8ee00d1f6016"
"signal-000873","src-90ba0ccf0aa92ae0","group-ebf0bf13309ffc7d","test","frequency","sparse-jittered","65","0.03","0.25","0.10265202331356704","2.246890362724662","10.67589453066038","2.480765251559397","signals/test/signal-000873.csv","81c67ff0fa0a8114194c95a9e1bc14d6e80afc6ae9140c16fa9f74cd119ad035","c65056b7bc86eb9d68d5eda47b754c3949982b44b5e4d0a8336f8ee00d1f6016"
"signal-000874","src-90ba0ccf0aa92ae0","group-ebf0bf13309ffc7d","test","pri","clean","257","0","0","0.0898935766890645","1.6306283647194504","12.68925882047585","1.9231197590014428","signals/test/signal-000874.csv","3115a7906e0acbb11171f7d6bbdee05d1d15c598c13e8fd30d6c1f45c2acbb89","c65056b7bc86eb9d68d5eda47b754c3949982b44b5e4d0a8336f8ee00d1f6016"
"signal-000875","src-90ba0ccf0aa92ae0","group-ebf0bf13309ffc7d","test","pri","noisy","129","0.01","0","0.513032810529694","1.2209663961082697","13.568396314951244","2.3847825709931776","signals/test/signal-000875.csv","258ff0b9f4924b92a30f49a159452ecf777a57f74333847372413ba0186ba224","c65056b7bc86eb9d68d5eda47b754c3949982b44b5e4d0a8336f8ee00d1f6016"
"signal-000876","src-90ba0ccf0aa92ae0","group-ebf0bf13309ffc7d","test","pri","sparse-jittered","65","0.03","0.25","0.9014839646406472","2.7891877023503184","15.105637141493549","1.345440614216466","signals/test/signal-000876.csv","2caa9b91b51c525a25cdb3b29b36804ab5ae9d54dcc5fdd7512101654dc346b2","c65056b7bc86eb9d68d5eda47b754c3949982b44b5e4d0a8336f8ee00d1f6016"
"signal-000877","src-2f4212ab6e7c2773","group-d6dfd7088b8f6354","train","frequency","clean","257","0","0","0.0863364222459495","3.1871485805138944","11.073095938190818","2.3967552638845504","signals/train/signal-000877.csv","70e4d5d96650c6e33d13a29b0b23b4a4a61476c8c17c2cb0de2d6ebec6d46c49","7a3d033cb32787749b41fb23aefa8797faf984c284c86d425b6ceb1a91260fa6"
"signal-000878","src-2f4212ab6e7c2773","group-d6dfd7088b8f6354","train","frequency","noisy","129","0.01","0","0.20069793378934264","3.0862189373001456","11.434713686878462","1.5634244887565174","signals/train/signal-000878.csv","bf118a253a8531be75302df9852e4e4a829f5fee2e813e06f17ffe03508be4e9","7a3d033cb32787749b41fb23aefa8797faf984c284c86d425b6ceb1a91260fa6"
"signal-000879","src-2f4212ab6e7c2773","group-d6dfd7088b8f6354","train","frequency","sparse-jittered","65","0.03","0.25","0.7568123356904835","1.9151304934173823","13.145332863359153","1.255983649126783","signals/train/signal-000879.csv","de48c9414a76a94306b23f860e5bcbd6e69460fa1186b9bc0cdd25292555dd88","7a3d033cb32787749b41fb23aefa8797faf984c284c86d425b6ceb1a91260fa6"
"signal-000880","src-2f4212ab6e7c2773","group-d6dfd7088b8f6354","train","pri","clean","257","0","0","0.5298959107603878","3.1929934654384855","18.3942588721402","2.10526064541191","signals/train/signal-000880.csv","07c084b3d2682f14ac947618110dc79fbd9ff2d6b8772c1770421aed9e19f189","7a3d033cb32787749b41fb23aefa8797faf984c284c86d425b6ceb1a91260fa6"
"signal-000881","src-2f4212ab6e7c2773","group-d6dfd7088b8f6354","train","pri","noisy","129","0.01","0","0.5160255588125437","2.9742137115448717","16.85563248516615","1.994020588658735","signals/train/signal-000881.csv","04852371dd41f12fcb99c097cac4433fbf7dc191c7521d6af2e6ae439ac34659","7a3d033cb32787749b41fb23aefa8797faf984c284c86d425b6ceb1a91260fa6"
"signal-000882","src-2f4212ab6e7c2773","group-d6dfd7088b8f6354","train","pri","sparse-jittered","65","0.03","0.25","0.13756003440357745","2.46326105594635","14.041078225586457","2.032699051193198","signals/train/signal-000882.csv","c93514a3e67eb7e3cc205a15b85a6dc9ea3fda469be584379b2ce284a6b0b3a5","7a3d033cb32787749b41fb23aefa8797faf984c284c86d425b6ceb1a91260fa6"
"signal-000883","src-bccf3a2a6ee1eb4e","group-0046b3227603c53d","train","frequency","clean","257","0","0","0.027776986360549927","2.2283680649474262","18.832925860654413","1.4205607884316613","signals/train/signal-000883.csv","aa5523a359e7e28753b312a9b68376fa16a4bba3478487ae7b8448bddc5e1849","9ace6c95412371d6773c4ad46e99d9fbb2a90dadd98740fcf703d32ed37e7f11"
"signal-000884","src-bccf3a2a6ee1eb4e","group-0046b3227603c53d","train","frequency","noisy","129","0.01","0","0.9272447433322668","2.5790361331775786","14.52218518696841","1.3354544282353675","signals/train/signal-000884.csv","88179c7002f8aba6b4dde8a74bde8e6116a3db65ee7a4adf01bb36d1d843ff82","9ace6c95412371d6773c4ad46e99d9fbb2a90dadd98740fcf703d32ed37e7f11"
"signal-000885","src-bccf3a2a6ee1eb4e","group-0046b3227603c53d","train","frequency","sparse-jittered","65","0.03","0.25","0.25804485380649567","3.018644222803414","15.623504573421414","2.1990614750299002","signals/train/signal-000885.csv","1195fec3b35b708258b80e930b6a2dac8c3a1622d9056de9b269c3aa4e5bbb33","9ace6c95412371d6773c4ad46e99d9fbb2a90dadd98740fcf703d32ed37e7f11"
"signal-000886","src-bccf3a2a6ee1eb4e","group-0046b3227603c53d","train","pri","clean","257","0","0","0.30000122217461467","2.0005213594064117","13.259559055113428","1.1755529609272308","signals/train/signal-000886.csv","94b876c40d7162d13ed787c6ef45339ca19e43414484d23fb64334148d841290","9ace6c95412371d6773c4ad46e99d9fbb2a90dadd98740fcf703d32ed37e7f11"
"signal-000887","src-bccf3a2a6ee1eb4e","group-0046b3227603c53d","train","pri","noisy","129","0.01","0","0.273973902920261","2.4049839049577715","11.666560906168833","2.8697395748474204","signals/train/signal-000887.csv","7ff0ecd13e44a46972347d3002b1182cb4872d19425f671f15b0ed62fedf759b","9ace6c95412371d6773c4ad46e99d9fbb2a90dadd98740fcf703d32ed37e7f11"
"signal-000888","src-bccf3a2a6ee1eb4e","group-0046b3227603c53d","train","pri","sparse-jittered","65","0.03","0.25","0.46277069253847003","3.164747745357454","19.58034387365965","1.4063031037062501","signals/train/signal-000888.csv","b64c17a928b0f41ebaae120a47c3084779b8d18dcff6ecb2db1a3d22255d89f9","9ace6c95412371d6773c4ad46e99d9fbb2a90dadd98740fcf703d32ed37e7f11"
"signal-000889","src-4011ec4766037968","group-9eac0bfd3be5bb01","validation","frequency","clean","257","0","0","0.33641160535626113","1.2628539647907018","15.676526818818346","2.223055498696768","signals/validation/signal-000889.csv","fd2b90b0df88ad1fa3475ce38277115c8857bbdc1ccd13efbd39861ee50353a1","d83ddc8987f84acfb37d062c28f44860277c1c3fc4f73b4bb85e64f73d8d4c94"
"signal-000890","src-4011ec4766037968","group-9eac0bfd3be5bb01","validation","frequency","noisy","129","0.01","0","0.16907356260344386","1.0230386888608336","11.823692698234911","2.312287355302514","signals/validation/signal-000890.csv","0beba710a0f41e6c9e7ea1cbebea7b68c4d3a981075f0f54fc48a2b7f46c4cf6","d83ddc8987f84acfb37d062c28f44860277c1c3fc4f73b4bb85e64f73d8d4c94"
"signal-000891","src-4011ec4766037968","group-9eac0bfd3be5bb01","validation","frequency","sparse-jittered","65","0.03","0.25","0.6638331664726138","3.1694004604592916","18.650079203053977","1.392739547792928","signals/validation/signal-000891.csv","5075c7d6fd8380ccb1165a9d18a3904f78f4393a04eb838f8862cf2eff159342","d83ddc8987f84acfb37d062c28f44860277c1c3fc4f73b4bb85e64f73d8d4c94"
"signal-000892","src-4011ec4766037968","group-9eac0bfd3be5bb01","validation","pri","clean","257","0","0","0.20998432487249374","1.8005416186526417","19.601228593099222","2.124821153464392","signals/validation/signal-000892.csv","eb5b23a840fdd2f49fe8200600511fb6b895b3d5176aa6d298cb185ab7bf2898","d83ddc8987f84acfb37d062c28f44860277c1c3fc4f73b4bb85e64f73d8d4c94"
"signal-000893","src-4011ec4766037968","group-9eac0bfd3be5bb01","validation","pri","noisy","129","0.01","0","0.4512760741636157","3.03138424847275","14.301676464179597","2.311218346875247","signals/validation/signal-000893.csv","b41fe6de053ffdb1531735648657eb4655e82a91a79650d19c98f71739e0827f","d83ddc8987f84acfb37d062c28f44860277c1c3fc4f73b4bb85e64f73d8d4c94"
"signal-000894","src-4011ec4766037968","group-9eac0bfd3be5bb01","validation","pri","sparse-jittered","65","0.03","0.25","0.9674275750294328","2.8175866330042485","16.484853220098703","2.679240516172717","signals/validation/signal-000894.csv","af9a8cbb8a16c651a2099b741fbe7db920ed86bb71df8ea6995b33b63b57067a","d83ddc8987f84acfb37d062c28f44860277c1c3fc4f73b4bb85e64f73d8d4c94"
"signal-000895","src-d09345e51a3c6206","group-87db8cb3e078493c","test","frequency","clean","257","0","0","0.9080400869715959","2.784864097088575","18.65479803959507","2.0332247746076746","signals/test/signal-000895.csv","46254385eac242b0b13b4ea0b5f5c05838ef6f106c757d84aa96a0ef22b9aeca","9c99ab396ca960021678aafa088c6a3cdf4af561010695c4fd5daf63c41dc2af"
"signal-000896","src-d09345e51a3c6206","group-87db8cb3e078493c","test","frequency","noisy","129","0.01","0","0.05741207767277956","1.8361561531201005","14.936590059046445","1.0650718466266493","signals/test/signal-000896.csv","153ed97e4d990ead74e85a0b4afb274027503e472a2706d7cd2c3579f9a5cfb3","9c99ab396ca960021678aafa088c6a3cdf4af561010695c4fd5daf63c41dc2af"
"signal-000897","src-d09345e51a3c6206","group-87db8cb3e078493c","test","frequency","sparse-jittered","65","0.03","0.25","0.33417682140134275","0.9952466610819102","19.617329650153223","0.6851945714971599","signals/test/signal-000897.csv","57c460f7a4227ad63af84768c8a4610e9f0a52431507a98018cd15c1c7d1baa1","9c99ab396ca960021678aafa088c6a3cdf4af561010695c4fd5daf63c41dc2af"
"signal-000898","src-d09345e51a3c6206","group-87db8cb3e078493c","test","pri","clean","257","0","0","0.4264319553039968","2.2165124049410223","13.655947620868282","1.0615879817658076","signals/test/signal-000898.csv","ba9d1b04113e8eb80de3259abc17eb7fa6fb7f97df70c4f744dddef0e2823023","9c99ab396ca960021678aafa088c6a3cdf4af561010695c4fd5daf63c41dc2af"
"signal-000899","src-d09345e51a3c6206","group-87db8cb3e078493c","test","pri","noisy","129","0.01","0","0.16460806014947593","2.7821921285241844","17.16683577272898","2.2565675403783025","signals/test/signal-000899.csv","f4f65553683eb1252c7bac45e47a41642d62e8f78b1906cae6e60ae358f18e17","9c99ab396ca960021678aafa088c6a3cdf4af561010695c4fd5daf63c41dc2af"
"signal-000900","src-d09345e51a3c6206","group-87db8cb3e078493c","test","pri","sparse-jittered","65","0.03","0.25","0.11305370251648128","2.276145515963435","10.373839587279784","0.8684073086277309","signals/test/signal-000900.csv","0f2c6ffdad28005d12271ff35cd5e5f3a80a63c70a35a100cb2b23dbb5f71442","9c99ab396ca960021678aafa088c6a3cdf4af561010695c4fd5daf63c41dc2af"
"signal-000901","src-985929faa4773dbc","group-fffd02a7fc281cf5","test","frequency","clean","257","0","0","0.7319662319496274","2.3443404549732803","17.7596728083171","0.8260724688397083","signals/test/signal-000901.csv","876edea7a247e7aa7323858cf026d3b40c7aedac4eea45c66a2af0e46cd54d9b","119c8fba01d2b190a6bb696c492c6732cef719a69ac116b042c1d1cfe1c15e4e"
"signal-000902","src-985929faa4773dbc","group-fffd02a7fc281cf5","test","frequency","noisy","129","0.01","0","0.0800469140522182","1.7632926052436233","18.290816460682883","1.3617933660879622","signals/test/signal-000902.csv","eb9bfc0e3327239fd04c541f1af3cb96c6031c0fdf27a3ed6bdcd2c4eb15e73f","119c8fba01d2b190a6bb696c492c6732cef719a69ac116b042c1d1cfe1c15e4e"
"signal-000903","src-985929faa4773dbc","group-fffd02a7fc281cf5","test","frequency","sparse-jittered","65","0.03","0.25","0.28227285179309547","1.4010597821325064","14.967158647403995","1.019370822385559","signals/test/signal-000903.csv","7cbf21d231912812d70fc44daa3341e95f1050d847344362d20e1f1e6d8173ff","119c8fba01d2b190a6bb696c492c6732cef719a69ac116b042c1d1cfe1c15e4e"
"signal-000904","src-985929faa4773dbc","group-fffd02a7fc281cf5","test","pri","clean","257","0","0","0.16320267925038934","2.9185722840949895","14.573262240115142","1.84750088338971","signals/test/signal-000904.csv","55bc70cfb702cdf3a0c5c0fcdb3a85b37034742d999fd5ddfd2b86056cb66fb0","119c8fba01d2b190a6bb696c492c6732cef719a69ac116b042c1d1cfe1c15e4e"
"signal-000905","src-985929faa4773dbc","group-fffd02a7fc281cf5","test","pri","noisy","129","0.01","0","0.07936327159404755","2.7105730624869464","11.63248107724646","0.8807972194446219","signals/test/signal-000905.csv","27358617a23f83dc46cdc478ae4a57767e16a346f1ca2780da79b04e6a7ed645","119c8fba01d2b190a6bb696c492c6732cef719a69ac116b042c1d1cfe1c15e4e"
"signal-000906","src-985929faa4773dbc","group-fffd02a7fc281cf5","test","pri","sparse-jittered","65","0.03","0.25","0.9056549596134573","2.5806589260697366","19.444538037437887","1.0433429001835215","signals/test/signal-000906.csv","0aeb651c16ae91df0d41f0183b400613fd1b803336abd755a8fc7c0000bd063b","119c8fba01d2b190a6bb696c492c6732cef719a69ac116b042c1d1cfe1c15e4e"
"signal-000907","src-b764a6426031cb07","group-afd55e0b28977b8c","train","frequency","clean","257","0","0","0.40595988603308797","2.0857742397114634","16.387169469212235","1.3991412563268728","signals/train/signal-000907.csv","08e784e0d6483ecd1121f24379dc08f47b3da62211d066e1958964b7e8a47728","0f4920b5f0e66e7bbc07b81b65f48a8d6e688a6d810af1831e29885a112f957d"
"signal-000908","src-b764a6426031cb07","group-afd55e0b28977b8c","train","frequency","noisy","129","0.01","0","0.4488069324288517","2.087664058804512","13.269586363846463","0.9074109816071108","signals/train/signal-000908.csv","02306b21f7ad4d5cdf3ce45dbad0bad05e21e0cd69f000864904701f2f6544c7","0f4920b5f0e66e7bbc07b81b65f48a8d6e688a6d810af1831e29885a112f957d"
"signal-000909","src-b764a6426031cb07","group-afd55e0b28977b8c","train","frequency","sparse-jittered","65","0.03","0.25","0.20090446388348937","1.7355650505051017","13.325627381227497","3.0641159079380778","signals/train/signal-000909.csv","4ddad64d3a0b6d46b6d2a3fc1b464e9a9c988ab7e235ce003b1209b095162d4e","0f4920b5f0e66e7bbc07b81b65f48a8d6e688a6d810af1831e29885a112f957d"
"signal-000910","src-b764a6426031cb07","group-afd55e0b28977b8c","train","pri","clean","257","0","0","0.30336995562538505","2.6407553663477303","19.553048583240496","0.8090585415856353","signals/train/signal-000910.csv","2778403c4831e5f882efc77090c4643586a6092b71780b2f46822a0712d8bb8a","0f4920b5f0e66e7bbc07b81b65f48a8d6e688a6d810af1831e29885a112f957d"
"signal-000911","src-b764a6426031cb07","group-afd55e0b28977b8c","train","pri","noisy","129","0.01","0","0.9178358821664006","3.1845081597566605","18.365835581280535","2.5551903217695617","signals/train/signal-000911.csv","8a17e7c6e45cb6184be1cd670cf24e84cf7f13c4f0087788a1db5e210f16ab7b","0f4920b5f0e66e7bbc07b81b65f48a8d6e688a6d810af1831e29885a112f957d"
"signal-000912","src-b764a6426031cb07","group-afd55e0b28977b8c","train","pri","sparse-jittered","65","0.03","0.25","0.8954376438632607","1.3756247544661164","19.806587999644137","1.5557128241497047","signals/train/signal-000912.csv","7d4c919d14b99146e2797f4e02f48a53bd595c508c98bbc62680a614029ec37a","0f4920b5f0e66e7bbc07b81b65f48a8d6e688a6d810af1831e29885a112f957d"
"signal-000913","src-99f0cb7ab5c1b2e3","group-65b28ec0010f80e9","train","frequency","clean","257","0","0","0.3271254689898342","2.6363406095653774","10.915416434872895","2.057445403002202","signals/train/signal-000913.csv","e5b341671ce64dfe3577c1686d94f9dc2b858ff077a1f79dd1437a82c15faa19","902eced2e9c814809d89beb62d4e81d4bd1331151a3ab885e57b682b6013bb94"
"signal-000914","src-99f0cb7ab5c1b2e3","group-65b28ec0010f80e9","train","frequency","noisy","129","0.01","0","0.3510230965912342","3.136409622617066","19.975780810384204","0.8431180968685723","signals/train/signal-000914.csv","0d59bb52818292dccf0029a962db560addf2386713902dbe5fb5f515c212fefc","902eced2e9c814809d89beb62d4e81d4bd1331151a3ab885e57b682b6013bb94"
"signal-000915","src-99f0cb7ab5c1b2e3","group-65b28ec0010f80e9","train","frequency","sparse-jittered","65","0.03","0.25","0.3844293968286365","2.2707841131836175","16.207555936344665","1.8240819448847443","signals/train/signal-000915.csv","4c5afc30f88b400dab4d5d3ba7fe843b8c10ee3b22f71453fb284c514ca0901a","902eced2e9c814809d89beb62d4e81d4bd1331151a3ab885e57b682b6013bb94"
"signal-000916","src-99f0cb7ab5c1b2e3","group-65b28ec0010f80e9","train","pri","clean","257","0","0","0.31387536134570837","1.2126342931762337","16.097551272250712","2.745188254280947","signals/train/signal-000916.csv","a4f1ba2c8cd4b7af0d6262d1f8e21d86998d99a8e00680a5b61f1dc212e26826","902eced2e9c814809d89beb62d4e81d4bd1331151a3ab885e57b682b6013bb94"
"signal-000917","src-99f0cb7ab5c1b2e3","group-65b28ec0010f80e9","train","pri","noisy","129","0.01","0","0.42677115416154265","1.7690180262550712","17.05783426089614","2.4224437045384875","signals/train/signal-000917.csv","17361e8296b7088d44f610a6622d4d1d3f81355c07d118eea49941b3b105cb43","902eced2e9c814809d89beb62d4e81d4bd1331151a3ab885e57b682b6013bb94"
"signal-000918","src-99f0cb7ab5c1b2e3","group-65b28ec0010f80e9","train","pri","sparse-jittered","65","0.03","0.25","0.9402053896337748","0.8190814869478346","12.439531086204454","2.7293062325787094","signals/train/signal-000918.csv","7b4c294591708afd86154743dbb02ae2dd18b8ca97a64a9b0398cb25b149171a","902eced2e9c814809d89beb62d4e81d4bd1331151a3ab885e57b682b6013bb94"
"signal-000919","src-eca2d86d058717b2","group-ef96279a41a159f3","test","frequency","clean","257","0","0","0.5297522705513984","2.2896958716213702","19.11585583526357","1.7413685933339664","signals/test/signal-000919.csv","d289730a4b411c096c0ac905001e165ae6f8986f391391a8531fbd66bb6aed85","04998f777caa49648d66c1d7c3df9e7c7515e6d9662f0210dc83de3bd1228e6c"
"signal-000920","src-eca2d86d058717b2","group-ef96279a41a159f3","test","frequency","noisy","129","0.01","0","0.11955961724743247","1.171270643733442","17.63412011079201","2.621201325735175","signals/test/signal-000920.csv","e3384f481011b0025dfa4be908101d25dba2219e0d29ede4e763488d841d73da","04998f777caa49648d66c1d7c3df9e7c7515e6d9662f0210dc83de3bd1228e6c"
"signal-000921","src-eca2d86d058717b2","group-ef96279a41a159f3","test","frequency","sparse-jittered","65","0.03","0.25","0.22775491094216704","3.1959336956962945","10.448284697775755","2.4987019071257155","signals/test/signal-000921.csv","cdfb580fd43da98be41397fc0b99ba16b6a12265cfa1d49b2ab6dd38e349268f","04998f777caa49648d66c1d7c3df9e7c7515e6d9662f0210dc83de3bd1228e6c"
"signal-000922","src-eca2d86d058717b2","group-ef96279a41a159f3","test","pri","clean","257","0","0","0.17545021092519164","2.2829729398712515","12.076587201228445","1.5907946453370592","signals/test/signal-000922.csv","d9106d9fba04ef15696e058d16d6706b16f7c99fcf4da180b4b5c43632104c56","04998f777caa49648d66c1d7c3df9e7c7515e6d9662f0210dc83de3bd1228e6c"
"signal-000923","src-eca2d86d058717b2","group-ef96279a41a159f3","test","pri","noisy","129","0.01","0","0.2646709121763706","2.8142755689099435","12.521950140750448","2.052268467690128","signals/test/signal-000923.csv","66dd8402d86095c0abb2047983c4a5d053367368abc0490f0455aac7c6e03d7e","04998f777caa49648d66c1d7c3df9e7c7515e6d9662f0210dc83de3bd1228e6c"
"signal-000924","src-eca2d86d058717b2","group-ef96279a41a159f3","test","pri","sparse-jittered","65","0.03","0.25","0.0044443486258387566","3.158694208599627","15.100690428351477","2.6156987973082906","signals/test/signal-000924.csv","c140fc87fc2514e518243181dfae01fc9cfd31ebe076f12a838a3090253f84f1","04998f777caa49648d66c1d7c3df9e7c7515e6d9662f0210dc83de3bd1228e6c"
"signal-000925","src-c2c7de50a5b5665d","group-980509dbd3209d22","validation","frequency","clean","257","0","0","0.3128047084901482","3.195016705989838","10.621253652822944","1.745631062559168","signals/validation/signal-000925.csv","2cd2288a5015b360d1dcb60a226c6b3122a685aaa36ed9e771adab72828cd9db","ca1c3b4276a434a911adb41cd7f5d5e53fc4c676afdd338d4161eea1c0bdc5c3"
"signal-000926","src-c2c7de50a5b5665d","group-980509dbd3209d22","validation","frequency","noisy","129","0.01","0","0.7875082525424659","2.9403021311387416","12.394803473173706","2.451018040822989","signals/validation/signal-000926.csv","302468b7851bbc41d45259ed309b17699556b718510705463f6cee6fbf76a76e","ca1c3b4276a434a911adb41cd7f5d5e53fc4c676afdd338d4161eea1c0bdc5c3"
"signal-000927","src-c2c7de50a5b5665d","group-980509dbd3209d22","validation","frequency","sparse-jittered","65","0.03","0.25","0.793554444797337","3.0459393495693803","11.49571499147955","0.9167370669412023","signals/validation/signal-000927.csv","6a5cbc3c30f8f290cdf2bde4a242c3b56e41f9aa699764473d6de8b9fb883f1f","ca1c3b4276a434a911adb41cd7f5d5e53fc4c676afdd338d4161eea1c0bdc5c3"
"signal-000928","src-c2c7de50a5b5665d","group-980509dbd3209d22","validation","pri","clean","257","0","0","0.7997123620007187","0.9173390805721283","19.998551914179046","1.1523484692769266","signals/validation/signal-000928.csv","608ea96efc215b571289ed1d6a357adc8d2d9cd06a54c8850102da2dcb8dc65d","ca1c3b4276a434a911adb41cd7f5d5e53fc4c676afdd338d4161eea1c0bdc5c3"
"signal-000929","src-c2c7de50a5b5665d","group-980509dbd3209d22","validation","pri","noisy","129","0.01","0","0.7564146029762924","2.250602570734918","16.704438850543994","0.955332080913216","signals/validation/signal-000929.csv","b041eff42dbe303fc69d1658f2b91dc1dc35baf0a6c3fedc53d58549054371d9","ca1c3b4276a434a911adb41cd7f5d5e53fc4c676afdd338d4161eea1c0bdc5c3"
"signal-000930","src-c2c7de50a5b5665d","group-980509dbd3209d22","validation","pri","sparse-jittered","65","0.03","0.25","0.1499076031614095","1.9547218821942807","10.00879796059898","2.0965495081318934","signals/validation/signal-000930.csv","98d90df431d1262ae3259293200ac783a0a283ddde07ce8b8598058be6510bfc","ca1c3b4276a434a911adb41cd7f5d5e53fc4c676afdd338d4161eea1c0bdc5c3"
"signal-000931","src-7d7c70a55354a8b1","group-b5c07ff28c61923b","train","frequency","clean","257","0","0","0.6419796752743423","1.727001396380365","19.857824391308295","1.841380926972377","signals/train/signal-000931.csv","9c4fb2fc15c77b939b66abac090aaf609884de01a7990c1958c54f8998991d4b","a565b40264bc10df73dedcd81b17fc11c7e8b80f0e82631a196077d0a4d11884"
"signal-000932","src-7d7c70a55354a8b1","group-b5c07ff28c61923b","train","frequency","noisy","129","0.01","0","0.2620772540103644","0.9741195868700743","12.38719617401982","1.452227179966366","signals/train/signal-000932.csv","545c7e2385d9acb67709b9961217ecf69f9708852fc35757a163b37d18b92d2c","a565b40264bc10df73dedcd81b17fc11c7e8b80f0e82631a196077d0a4d11884"
"signal-000933","src-7d7c70a55354a8b1","group-b5c07ff28c61923b","train","frequency","sparse-jittered","65","0.03","0.25","0.19483165140263736","3.1258111190050837","13.826370417328654","1.6687834415435336","signals/train/signal-000933.csv","56c1e78e4457c755ca6f7fa09351433137b46d4c542798fa8f4d37083801ab7c","a565b40264bc10df73dedcd81b17fc11c7e8b80f0e82631a196077d0a4d11884"
"signal-000934","src-7d7c70a55354a8b1","group-b5c07ff28c61923b","train","pri","clean","257","0","0","0.5586626539006829","2.9016475105658177","12.454524618744777","1.2497386466051754","signals/train/signal-000934.csv","315e838c1c0a6879dd7ea0095def79d16200ff22b1a40822622ce69a5dcb031d","a565b40264bc10df73dedcd81b17fc11c7e8b80f0e82631a196077d0a4d11884"
"signal-000935","src-7d7c70a55354a8b1","group-b5c07ff28c61923b","train","pri","noisy","129","0.01","0","0.8061841076705605","2.3301445960998537","12.089893906243319","1.07754524859868","signals/train/signal-000935.csv","dfc220883467311922c3a4b03ff67a15927358ae7216ba05a2f7b3f5e7b5e8e1","a565b40264bc10df73dedcd81b17fc11c7e8b80f0e82631a196077d0a4d11884"
"signal-000936","src-7d7c70a55354a8b1","group-b5c07ff28c61923b","train","pri","sparse-jittered","65","0.03","0.25","0.8451527028810233","2.9192037414759398","14.03991531507825","1.0464330549340701","signals/train/signal-000936.csv","35a9599a0d41cb62697d7177a70001275b82e122bcd0990d30a586a618ceaace","a565b40264bc10df73dedcd81b17fc11c7e8b80f0e82631a196077d0a4d11884"
"signal-000937","src-5f377b5c3e3cafa0","group-731ef48c83648059","test","frequency","clean","257","0","0","0.8385703098028898","1.5585347639396787","16.018784527610446","0.7850738867206548","signals/test/signal-000937.csv","2c5eb76d8c49694f11791175acba5f90c217262342bdcddc21db9c608a602467","881617b1f5b05d4c770c7033346ebc529782a43241263739c0c2ef56a5cb1889"
"signal-000938","src-5f377b5c3e3cafa0","group-731ef48c83648059","test","frequency","noisy","129","0.01","0","0.4624927064869553","1.7695424020290376","13.892906662049413","2.4727478986079507","signals/test/signal-000938.csv","1d445f1e9909803daf2a6946905f1e1223398e2309590e247edbf1306cb93e49","881617b1f5b05d4c770c7033346ebc529782a43241263739c0c2ef56a5cb1889"
"signal-000939","src-5f377b5c3e3cafa0","group-731ef48c83648059","test","frequency","sparse-jittered","65","0.03","0.25","0.11661936272867024","1.9231447719037533","16.300968345576013","2.032106115377884","signals/test/signal-000939.csv","c4e7ebf909c0d635299038dda69a6f20e3aef67fedc4854ee1038133c152208a","881617b1f5b05d4c770c7033346ebc529782a43241263739c0c2ef56a5cb1889"
"signal-000940","src-5f377b5c3e3cafa0","group-731ef48c83648059","test","pri","clean","257","0","0","0.4091504372190684","1.5880413692444564","19.694600335998118","1.095704075668614","signals/test/signal-000940.csv","d0f6862d42d2a17268646f0a9b91772ced1cdc75f6357185cde7f38a4a5e7c49","881617b1f5b05d4c770c7033346ebc529782a43241263739c0c2ef56a5cb1889"
"signal-000941","src-5f377b5c3e3cafa0","group-731ef48c83648059","test","pri","noisy","129","0.01","0","0.17298484942875803","2.348459531739354","15.702978772477024","1.9535798435003304","signals/test/signal-000941.csv","db18bad6e205bcb4ecae2692488af3deef3cd96a5cd40619b6bc635014fb37e6","881617b1f5b05d4c770c7033346ebc529782a43241263739c0c2ef56a5cb1889"
"signal-000942","src-5f377b5c3e3cafa0","group-731ef48c83648059","test","pri","sparse-jittered","65","0.03","0.25","0.7755027695093304","1.440787360072136","16.4278935675624","2.538027413144656","signals/test/signal-000942.csv","a80ddbcb22f9416459850be310d8563db265e6c7654ce134bc4df40a63793314","881617b1f5b05d4c770c7033346ebc529782a43241263739c0c2ef56a5cb1889"
"signal-000943","src-b03d125b6b0dbdc9","group-d7bc85e2b174ea28","validation","frequency","clean","257","0","0","0.5489684811327606","1.4929518282413483","14.201944021042436","1.443430239660664","signals/validation/signal-000943.csv","ef3c948c14bb3b285e5ded660461b809e142ff5521b3dffab8b9c435794bce09","f872e913b26f7da30238404bfd7e2da1684e0399f1e6b9ce2175adc435bed8da"
"signal-000944","src-b03d125b6b0dbdc9","group-d7bc85e2b174ea28","validation","frequency","noisy","129","0.01","0","0.32029733690433204","2.0640052910894156","17.395626220897537","0.9611911900762209","signals/validation/signal-000944.csv","a3fca35627005699e07def17b3e4abe5f993064d0b78c6d8d9fcec5f685667f1","f872e913b26f7da30238404bfd7e2da1684e0399f1e6b9ce2175adc435bed8da"
"signal-000945","src-b03d125b6b0dbdc9","group-d7bc85e2b174ea28","validation","frequency","sparse-jittered","65","0.03","0.25","0.06190518569201231","1.4085500190034508","13.667755412188498","2.594537160407965","signals/validation/signal-000945.csv","402dd80681699951b44aea943f2513d1081f4fe9f759678fef345d8c51961a23","f872e913b26f7da30238404bfd7e2da1684e0399f1e6b9ce2175adc435bed8da"
"signal-000946","src-b03d125b6b0dbdc9","group-d7bc85e2b174ea28","validation","pri","clean","257","0","0","0.0015058743301779032","2.9315830603241917","11.083538585808128","2.8678010606672615","signals/validation/signal-000946.csv","6554962bf8d59ede55fd911bcc4eae1e64b81aaa596d71e3470dcf30408f5a5f","f872e913b26f7da30238404bfd7e2da1684e0399f1e6b9ce2175adc435bed8da"
"signal-000947","src-b03d125b6b0dbdc9","group-d7bc85e2b174ea28","validation","pri","noisy","129","0.01","0","0.7134400103241205","1.771049572713673","16.912657867202633","2.5870747015398656","signals/validation/signal-000947.csv","b23bf2d903381a2b30e659529ad22b73bb2a9495dc06822f10e53c34e7485452","f872e913b26f7da30238404bfd7e2da1684e0399f1e6b9ce2175adc435bed8da"
"signal-000948","src-b03d125b6b0dbdc9","group-d7bc85e2b174ea28","validation","pri","sparse-jittered","65","0.03","0.25","0.3530300238635391","1.6871471885591744","10.178559869760324","1.1805540923943827","signals/validation/signal-000948.csv","b3a2680d333dcb1d33985e6af83e62c8abf39f9319ceb7ed9d5158037635a244","f872e913b26f7da30238404bfd7e2da1684e0399f1e6b9ce2175adc435bed8da"
"signal-000949","src-52ab2f443b68b973","group-999106b64fd134fd","test","frequency","clean","257","0","0","0.04266561265103519","1.8977295350283385","18.4276622667864","1.2615425510043643","signals/test/signal-000949.csv","a9de59f59c25e6f0eeed07d300b127d1527637a0ac0d21022745cffdc24bc428","26a1c8c3014bcd2639fbfc307a23b267047e692fdaff9184d07e7d11a5eebed4"
"signal-000950","src-52ab2f443b68b973","group-999106b64fd134fd","test","frequency","noisy","129","0.01","0","0.6044827995356172","2.6436176884919407","11.254764412130537","1.174086125675073","signals/test/signal-000950.csv","831b5305115e226fcfe1044d5caedbbe2f5f49ca79b12e9ddd7728fd32f20464","26a1c8c3014bcd2639fbfc307a23b267047e692fdaff9184d07e7d11a5eebed4"
"signal-000951","src-52ab2f443b68b973","group-999106b64fd134fd","test","frequency","sparse-jittered","65","0.03","0.25","0.4414301933720708","1.520596676506102","15.612971369916677","2.0847117940516604","signals/test/signal-000951.csv","afbb6bf36ae144d6538518bd3c40ba40d6dbe024547457f2b0ca03ca8164a6fe","26a1c8c3014bcd2639fbfc307a23b267047e692fdaff9184d07e7d11a5eebed4"
"signal-000952","src-52ab2f443b68b973","group-999106b64fd134fd","test","pri","clean","257","0","0","0.32029404141940176","2.753170554339886","17.43836502563167","1.1920718096777634","signals/test/signal-000952.csv","7ad38e2ad944fe971bb205a1816c1ce51572c06209beff7ade423f8d409b7d86","26a1c8c3014bcd2639fbfc307a23b267047e692fdaff9184d07e7d11a5eebed4"
"signal-000953","src-52ab2f443b68b973","group-999106b64fd134fd","test","pri","noisy","129","0.01","0","0.08151702396571636","2.5934416519477965","14.294754614439157","1.402877619426869","signals/test/signal-000953.csv","378cbd6799dce8dec898c7f44458212ad42273d4e6d34eb952630bc707f5f478","26a1c8c3014bcd2639fbfc307a23b267047e692fdaff9184d07e7d11a5eebed4"
"signal-000954","src-52ab2f443b68b973","group-999106b64fd134fd","test","pri","sparse-jittered","65","0.03","0.25","0.7288863905705512","2.3814659459516405","12.384154561173528","0.9735078710245944","signals/test/signal-000954.csv","546de3fdbb7af08c203f8ebcdc75ce4034fcb1b39818cf47ad007bfe687a25ac","26a1c8c3014bcd2639fbfc307a23b267047e692fdaff9184d07e7d11a5eebed4"
"signal-000955","src-2947f63e416d9ded","group-a2830f5671396551","train","frequency","clean","257","0","0","0.8222866354044527","1.9437345135957003","16.907525650011817","0.8230066332661607","signals/train/signal-000955.csv","ab5392f9e45ef5b8dd8a265f8570726e49db59cda078433c2df8edc1d47735cd","873b732008d7a5027a6ca65a2ca8e2146150046013d33ef2e929f82b0ff63c33"
"signal-000956","src-2947f63e416d9ded","group-a2830f5671396551","train","frequency","noisy","129","0.01","0","0.4782505752518773","2.0390211159363387","19.125019684892877","0.8267366247071379","signals/train/signal-000956.csv","d97b6d7615e101a3ae048500a67d21dfcb22f0216a2a289756c17ae4da261263","873b732008d7a5027a6ca65a2ca8e2146150046013d33ef2e929f82b0ff63c33"
"signal-000957","src-2947f63e416d9ded","group-a2830f5671396551","train","frequency","sparse-jittered","65","0.03","0.25","0.6944722635671496","1.3871679494157434","17.92858501868254","3.2348897810052755","signals/train/signal-000957.csv","9aba2e7dfdbe52c1ddb8024a1694b786e430008d00fdde2e549d9e14a8f28796","873b732008d7a5027a6ca65a2ca8e2146150046013d33ef2e929f82b0ff63c33"
"signal-000958","src-2947f63e416d9ded","group-a2830f5671396551","train","pri","clean","257","0","0","0.823508235393092","2.8592749979346994","17.01041978491021","2.739190901080825","signals/train/signal-000958.csv","f09de9cc7d62873f4b5b9ce721c85a896c895b6cfcb014cfc6f7b346bf2ba7b6","873b732008d7a5027a6ca65a2ca8e2146150046013d33ef2e929f82b0ff63c33"
"signal-000959","src-2947f63e416d9ded","group-a2830f5671396551","train","pri","noisy","129","0.01","0","0.7053720739204437","0.9201502032577992","16.600833392965995","2.2027089333538292","signals/train/signal-000959.csv","e2443732d36eb95858bddff5c585ff87c2a1810b28e4e84d2c521b42261abdb2","873b732008d7a5027a6ca65a2ca8e2146150046013d33ef2e929f82b0ff63c33"
"signal-000960","src-2947f63e416d9ded","group-a2830f5671396551","train","pri","sparse-jittered","65","0.03","0.25","0.2615929578896612","1.029549678042531","18.93929758967598","1.0259555233104152","signals/train/signal-000960.csv","97bfc520cb82025ddcc8ac6146f9014a55f0d7c1aa1070a9a397b6c2e3738367","873b732008d7a5027a6ca65a2ca8e2146150046013d33ef2e929f82b0ff63c33"
"signal-000961","src-ae898540a6c00306","group-a6cd83aa5fafa8a3","test","frequency","clean","257","0","0","0.9038186578545719","2.8743420869112013","15.107549603473323","1.7642492481870793","signals/test/signal-000961.csv","77149a19b49104392e963757deb7fd06b5164e434489bb02fc65751149b5caf0","dfd0790e7834006cb7202f99404a2ed33fe167a13eb7e28e346cd1f279d69e27"
"signal-000962","src-ae898540a6c00306","group-a6cd83aa5fafa8a3","test","frequency","noisy","129","0.01","0","0.09461690182797611","1.6890061806887389","13.245685200145694","0.8672727646745937","signals/test/signal-000962.csv","5d1f5e5dd6529513d57b19e1804d5f75c9007b7f19117b9d1439e770670b85e1","dfd0790e7834006cb7202f99404a2ed33fe167a13eb7e28e346cd1f279d69e27"
"signal-000963","src-ae898540a6c00306","group-a6cd83aa5fafa8a3","test","frequency","sparse-jittered","65","0.03","0.25","0.7599230103660375","1.6743609808385371","11.243542011517027","2.5678356270715383","signals/test/signal-000963.csv","31a3ecade57934cb60c95ced7de2ca5d676ce818de4e7d867db644adfd61d0f8","dfd0790e7834006cb7202f99404a2ed33fe167a13eb7e28e346cd1f279d69e27"
"signal-000964","src-ae898540a6c00306","group-a6cd83aa5fafa8a3","test","pri","clean","257","0","0","0.6479469088371843","1.203810714557767","19.981367719343922","1.4382773252342922","signals/test/signal-000964.csv","dc8f61b6005efca4219ac90ab8e4410680fd84364d9d72f88a144e6d24ff8467","dfd0790e7834006cb7202f99404a2ed33fe167a13eb7e28e346cd1f279d69e27"
"signal-000965","src-ae898540a6c00306","group-a6cd83aa5fafa8a3","test","pri","noisy","129","0.01","0","0.6709255836904049","2.8730107786133887","11.826305202538276","1.961583400060464","signals/test/signal-000965.csv","051364ffaa45e070f268626b7b5063f574ac3616563198abdd10ff06beed91e7","dfd0790e7834006cb7202f99404a2ed33fe167a13eb7e28e346cd1f279d69e27"
"signal-000966","src-ae898540a6c00306","group-a6cd83aa5fafa8a3","test","pri","sparse-jittered","65","0.03","0.25","0.04355582967400551","1.5653999270871282","19.519595506434204","1.0445544650999068","signals/test/signal-000966.csv","ca922a00e93eac4f5c569b93a183f5f02f4f0840c022fd2eb2f3ee404c42b010","dfd0790e7834006cb7202f99404a2ed33fe167a13eb7e28e346cd1f279d69e27"
"signal-000967","src-a3d87b915954bdc1","group-7d669e69f86b91f6","test","frequency","clean","257","0","0","0.10276180459186435","2.563080430589616","13.41826041012542","1.37423726616902","signals/test/signal-000967.csv","028f36140d2042696110aa37647265de5c9ab07f68ab63131908d03ee0c269b6","087c589c0877e9e7bebf99d2b2b248400fe416482850610483dd247a0681c404"
"signal-000968","src-a3d87b915954bdc1","group-7d669e69f86b91f6","test","frequency","noisy","129","0.01","0","0.313670861069113","2.3504195375368","19.358952801748593","0.8407447496716252","signals/test/signal-000968.csv","15913e0da7b82db9de84c4b2e54961940f6cf8874f55588da7fb5fc29b619db4","087c589c0877e9e7bebf99d2b2b248400fe416482850610483dd247a0681c404"
"signal-000969","src-a3d87b915954bdc1","group-7d669e69f86b91f6","test","frequency","sparse-jittered","65","0.03","0.25","0.22206255607306957","2.709299312718213","17.53909992476109","1.0602256424901917","signals/test/signal-000969.csv","e4677e56d4c17fcf90f71123db4c33187291ceb250c1bbe19a05be93639493fa","087c589c0877e9e7bebf99d2b2b248400fe416482850610483dd247a0681c404"
"signal-000970","src-a3d87b915954bdc1","group-7d669e69f86b91f6","test","pri","clean","257","0","0","0.10378161049447954","3.1997770894318815","16.359678629443113","1.3360577520986876","signals/test/signal-000970.csv","8caf52bd3d692546e6c482514da25a18b2a6f941caffbc5e82b8c0601e7f4408","087c589c0877e9e7bebf99d2b2b248400fe416482850610483dd247a0681c404"
"signal-000971","src-a3d87b915954bdc1","group-7d669e69f86b91f6","test","pri","noisy","129","0.01","0","0.8985946977045387","1.9357275787740946","14.633907921551769","2.351525972082584","signals/test/signal-000971.csv","a672f01d43e5bb765d6452d57ea8296f709ad66a8a76ebef4faedc7840f9840a","087c589c0877e9e7bebf99d2b2b248400fe416482850610483dd247a0681c404"
"signal-000972","src-a3d87b915954bdc1","group-7d669e69f86b91f6","test","pri","sparse-jittered","65","0.03","0.25","0.7963075623847544","3.1060556722804904","19.482895291831774","1.3123837588213334","signals/test/signal-000972.csv","7f76879b25f6be2a55fdae125e73c7c72508af414633b8a205c3edb4b030c811","087c589c0877e9e7bebf99d2b2b248400fe416482850610483dd247a0681c404"
"signal-000973","src-56bb6edfa2573b33","group-ee9c97c5638a6a6e","train","frequency","clean","257","0","0","0.21089630690403283","0.8060692377388478","15.685445474940675","1.2980231184077926","signals/train/signal-000973.csv","c028457e01e0f0b3f1590be31528f5387b3cae6edc9226c7c82f3ef25e0e1b6d","e5296d23b7bb83eb98c31111fab6b7fc6ec70bc294f8818b80cae36b68de1ece"
"signal-000974","src-56bb6edfa2573b33","group-ee9c97c5638a6a6e","train","frequency","noisy","129","0.01","0","0.4315837435424328","1.8363118531182407","14.821945444866937","1.879850054281194","signals/train/signal-000974.csv","bc274f58dd9f45831bb5105fa3c6e71b0b0aa7aa55a7a63e96727af563680cc9","e5296d23b7bb83eb98c31111fab6b7fc6ec70bc294f8818b80cae36b68de1ece"
"signal-000975","src-56bb6edfa2573b33","group-ee9c97c5638a6a6e","train","frequency","sparse-jittered","65","0.03","0.25","0.2744208499789238","1.8272892506793141","18.3370651187812","1.3938308083970057","signals/train/signal-000975.csv","fa219424c289df595d219799035d2f5b36771310190130f16ebc900a64310d65","e5296d23b7bb83eb98c31111fab6b7fc6ec70bc294f8818b80cae36b68de1ece"
"signal-000976","src-56bb6edfa2573b33","group-ee9c97c5638a6a6e","train","pri","clean","257","0","0","0.6235065569635481","2.140262319520116","19.599860630736686","0.9938165601694315","signals/train/signal-000976.csv","3fd838917175b299dce323f9f9db06890f76eb2974d9d330268b4939a1514e3a","e5296d23b7bb83eb98c31111fab6b7fc6ec70bc294f8818b80cae36b68de1ece"
"signal-000977","src-56bb6edfa2573b33","group-ee9c97c5638a6a6e","train","pri","noisy","129","0.01","0","0.04256764682941139","2.3969506856054066","17.110180735704514","0.8576655461668992","signals/train/signal-000977.csv","6cb7bdaab2d202a8fb2a91621c61eaba4ddb9079b387f828a958348749a303d3","e5296d23b7bb83eb98c31111fab6b7fc6ec70bc294f8818b80cae36b68de1ece"
"signal-000978","src-56bb6edfa2573b33","group-ee9c97c5638a6a6e","train","pri","sparse-jittered","65","0.03","0.25","0.7148773372173309","3.1023606510832904","12.585768832901428","2.6746648080921887","signals/train/signal-000978.csv","9765da56b592b8b56e18021410d34fa9a20ef2912c217eaa59c0fe78ab17f746","e5296d23b7bb83eb98c31111fab6b7fc6ec70bc294f8818b80cae36b68de1ece"
"signal-000979","src-23606c1dac221210","group-ea789b27fc803ff1","calibration","frequency","clean","257","0","0","0.1832460828591138","1.948223265260458","18.740360758379936","1.643724649783934","signals/calibration/signal-000979.csv","0e69e7f03ed179170c4fca495975112e57058e08201bb1b8b78460e5d6913ba3","2f3be51e56971763248be9316fe2d798a3e2c39ecc4095983d257431bf1a24fb"
"signal-000980","src-23606c1dac221210","group-ea789b27fc803ff1","calibration","frequency","noisy","129","0.01","0","0.01466260151937604","3.100686824135482","13.768709346669688","0.7406934451875973","signals/calibration/signal-000980.csv","3e309e9b211866c3b6e1d243a1924bf6a04523700141a4d5658026efebd3aec5","2f3be51e56971763248be9316fe2d798a3e2c39ecc4095983d257431bf1a24fb"
"signal-000981","src-23606c1dac221210","group-ea789b27fc803ff1","calibration","frequency","sparse-jittered","65","0.03","0.25","0.9792075934819877","2.6307188844308254","11.353678336201284","1.1733256060162702","signals/calibration/signal-000981.csv","9f827353d14ce89ae2913477332d8bf8a26613a46db9a42a1918c215e3db294b","2f3be51e56971763248be9316fe2d798a3e2c39ecc4095983d257431bf1a24fb"
"signal-000982","src-23606c1dac221210","group-ea789b27fc803ff1","calibration","pri","clean","257","0","0","0.11677390383556485","2.7869038281962277","15.256372052753084","1.1588570308658106","signals/calibration/signal-000982.csv","05493242dc5b775f36a688c3bda37118c2fe37ff60f05b98b68b2957b90fc39b","2f3be51e56971763248be9316fe2d798a3e2c39ecc4095983d257431bf1a24fb"
"signal-000983","src-23606c1dac221210","group-ea789b27fc803ff1","calibration","pri","noisy","129","0.01","0","0.9155761969741434","1.5062907744199037","16.741746837133267","1.9433327570838017","signals/calibration/signal-000983.csv","6399893ba001a6ce002888f65994ef72c6074439f0968ee21dffb8b9b8928fd1","2f3be51e56971763248be9316fe2d798a3e2c39ecc4095983d257431bf1a24fb"
"signal-000984","src-23606c1dac221210","group-ea789b27fc803ff1","calibration","pri","sparse-jittered","65","0.03","0.25","0.6806651034858078","2.561501336470246","11.57111356228799","2.1960091878993673","signals/calibration/signal-000984.csv","b16ffab07fb5d4958d02e806480ae8632e4f70f465149037180c7590d479628d","2f3be51e56971763248be9316fe2d798a3e2c39ecc4095983d257431bf1a24fb"
"signal-000985","src-27d0ab3251bdc79f","group-09cfe0825dbe46a2","train","frequency","clean","257","0","0","0.9070129974279553","1.4339634627103806","19.163479807591038","2.8242354948472936","signals/train/signal-000985.csv","e42f165982884f4c782f1401eaa141258f5ad922d416099029ef448ec9a2236f","9b26b96b17aeeccbf0815ca68307f297c88e8c64e77d2dfe5844b145a4490502"
"signal-000986","src-27d0ab3251bdc79f","group-09cfe0825dbe46a2","train","frequency","noisy","129","0.01","0","0.9057482182979584","0.9786579342558981","18.184562891566202","0.9226163921093189","signals/train/signal-000986.csv","677668d10b4378c4e8e75fa90e9593461bd1df398840876846088936308d130f","9b26b96b17aeeccbf0815ca68307f297c88e8c64e77d2dfe5844b145a4490502"
"signal-000987","src-27d0ab3251bdc79f","group-09cfe0825dbe46a2","train","frequency","sparse-jittered","65","0.03","0.25","0.7194316980894655","2.074379478767514","17.73412916178285","2.078614870245353","signals/train/signal-000987.csv","db6901f314fe755239c663f501ef6c2ac78a8a2adafba6f14f6847471d97a088","9b26b96b17aeeccbf0815ca68307f297c88e8c64e77d2dfe5844b145a4490502"
"signal-000988","src-27d0ab3251bdc79f","group-09cfe0825dbe46a2","train","pri","clean","257","0","0","0.20189358084462583","0.9145179633051157","14.081399612994076","1.7054941428563382","signals/train/signal-000988.csv","6b65a0e8e2ebe5d1379acb1298cacd667b3f3a8f7952ffbdad0ac2b59c9a4f7e","9b26b96b17aeeccbf0815ca68307f297c88e8c64e77d2dfe5844b145a4490502"
"signal-000989","src-27d0ab3251bdc79f","group-09cfe0825dbe46a2","train","pri","noisy","129","0.01","0","0.7691294879186898","2.9297771088778974","15.861389572393445","2.127484285732576","signals/train/signal-000989.csv","a7bd95d2344d5c7bc6879fb9f97fced459038712fd8684bdcaa2c8c5d6545fbd","9b26b96b17aeeccbf0815ca68307f297c88e8c64e77d2dfe5844b145a4490502"
"signal-000990","src-27d0ab3251bdc79f","group-09cfe0825dbe46a2","train","pri","sparse-jittered","65","0.03","0.25","0.5425794499460608","2.7737386003136635","17.557354921549063","0.877385496279107","signals/train/signal-000990.csv","0245423d33993910a193a19561100864f907d716088d48cb95419d9f605764d5","9b26b96b17aeeccbf0815ca68307f297c88e8c64e77d2dfe5844b145a4490502"
"signal-000991","src-e9aab144fd1f995a","group-80edf976822e0cc2","train","frequency","clean","257","0","0","0.21879430464468896","2.184977050498128","19.54807743458133","0.7602121630497045","signals/train/signal-000991.csv","4e4e96d15ad790caec8be020549c16c9d3f6d001409fc16c8fdeaa836dc5bc23","3dc86986f67e67dde775609f40153665fd388a6696ea0a12647d15fc7876af5f"
"signal-000992","src-e9aab144fd1f995a","group-80edf976822e0cc2","train","frequency","noisy","129","0.01","0","0.5913510245736688","2.3692467141896487","15.663264178032335","2.4678148724840483","signals/train/signal-000992.csv","e77f5b4e3969713bc285d6f427f6107153c826a8a4fc6265e4a5079d958ace19","3dc86986f67e67dde775609f40153665fd388a6696ea0a12647d15fc7876af5f"
"signal-000993","src-e9aab144fd1f995a","group-80edf976822e0cc2","train","frequency","sparse-jittered","65","0.03","0.25","0.5553985964506865","1.1796190248802305","18.03032754388989","0.9114653611974823","signals/train/signal-000993.csv","a0432ce9e6f8eee986621576fd38fb5f188942d18efb3515554f4e8f18f07523","3dc86986f67e67dde775609f40153665fd388a6696ea0a12647d15fc7876af5f"
"signal-000994","src-e9aab144fd1f995a","group-80edf976822e0cc2","train","pri","clean","257","0","0","0.46185155026614666","3.0312491880729793","17.58896731691861","2.0871125583256855","signals/train/signal-000994.csv","ca4d4fecdaf592524503e5460cca3fd4425344d3f82e7b4735a258a75ab675fb","3dc86986f67e67dde775609f40153665fd388a6696ea0a12647d15fc7876af5f"
"signal-000995","src-e9aab144fd1f995a","group-80edf976822e0cc2","train","pri","noisy","129","0.01","0","0.06337471306324005","2.362557444162667","12.060203542169884","2.298217702313444","signals/train/signal-000995.csv","f546f9ed93a5143777bfac22e674e3edea08e2c1f42a116e38588230843c1ab1","3dc86986f67e67dde775609f40153665fd388a6696ea0a12647d15fc7876af5f"
"signal-000996","src-e9aab144fd1f995a","group-80edf976822e0cc2","train","pri","sparse-jittered","65","0.03","0.25","0.05276730377227068","1.5992330009117723","19.49634274051097","2.556972054790979","signals/train/signal-000996.csv","8cd309ec901f15ea3abfbe6b12cb6de6cf2e5ac2ce73f4922b3de602d4fb19c8","3dc86986f67e67dde775609f40153665fd388a6696ea0a12647d15fc7876af5f"
"signal-000997","src-6a9316e67eab5855","group-c72a624dc7e171ea","train","frequency","clean","257","0","0","0.922478842549026","1.6094140896573663","10.642291926778853","1.4659232986858122","signals/train/signal-000997.csv","b63135cdd490ce548acb193133203a14ce2eae7e9177186b58ee1378e07e17fb","f949d8364ca2c126a4e6bfb38afe239cb83697e1050fd752e1864c591e8d0e3a"
"signal-000998","src-6a9316e67eab5855","group-c72a624dc7e171ea","train","frequency","noisy","129","0.01","0","0.4938007849268615","1.0915235316380858","19.889377204961495","0.8136703276072978","signals/train/signal-000998.csv","c060dacc2536328a3c228ce0c7b5397763ded15b464074cbefba71c0220d7045","f949d8364ca2c126a4e6bfb38afe239cb83697e1050fd752e1864c591e8d0e3a"
"signal-000999","src-6a9316e67eab5855","group-c72a624dc7e171ea","train","frequency","sparse-jittered","65","0.03","0.25","0.5603327851276845","2.039360484108329","12.827106568966485","2.1149518174562445","signals/train/signal-000999.csv","fbd8dac3777fca371397aaea495b67f5ff6eec2fef1db40292d56cf455a651f0","f949d8364ca2c126a4e6bfb38afe239cb83697e1050fd752e1864c591e8d0e3a"
"signal-001000","src-6a9316e67eab5855","group-c72a624dc7e171ea","train","pri","clean","257","0","0","0.8258225747849792","1.5329088333994152","16.843655400443822","2.5092038007453095","signals/train/signal-001000.csv","917222b407cf01d44aba3cf17b546eb93a2d52ca83cebde7f2a96b111ca13856","f949d8364ca2c126a4e6bfb38afe239cb83697e1050fd752e1864c591e8d0e3a"
"signal-001001","src-6a9316e67eab5855","group-c72a624dc7e171ea","train","pri","noisy","129","0.01","0","0.19237191579304636","1.5395031470805407","11.846434641050028","1.8634254617342538","signals/train/signal-001001.csv","b8496448f62e400e55269bfd5ade64c0900ef78939105a091c6fde5e2b3a1dcb","f949d8364ca2c126a4e6bfb38afe239cb83697e1050fd752e1864c591e8d0e3a"
"signal-001002","src-6a9316e67eab5855","group-c72a624dc7e171ea","train","pri","sparse-jittered","65","0.03","0.25","0.8156546971295029","2.3105010449886323","13.885841417747162","3.2391735315776824","signals/train/signal-001002.csv","cbdf3187fc176d6d6d8b5ecd9462b33935eef5c68afe4cc8b5b40d8135ec1842","f949d8364ca2c126a4e6bfb38afe239cb83697e1050fd752e1864c591e8d0e3a"
"signal-001003","src-4a42ba2bd6b86097","group-5d394c41bb75a0ff","calibration","frequency","clean","257","0","0","0.7585690724663436","3.170448056422174","14.240173081571513","2.546104606353447","signals/calibration/signal-001003.csv","4308ad5be3b3be237fcfbce75d88a879d1826de933b58299a60308a4bf227bd4","783319d390319eb7947cedef4727ed56cfc5020870aa03f2ce49d70fbcf5f0c7"
"signal-001004","src-4a42ba2bd6b86097","group-5d394c41bb75a0ff","calibration","frequency","noisy","129","0.01","0","0.9682505992241204","1.3845429150387645","11.94511843144059","1.9358565499413043","signals/calibration/signal-001004.csv","8347fa35518ac5277d3b27ab29d3ca9ee29e04b512630074e9f23016cec50d4e","783319d390319eb7947cedef4727ed56cfc5020870aa03f2ce49d70fbcf5f0c7"
"signal-001005","src-4a42ba2bd6b86097","group-5d394c41bb75a0ff","calibration","frequency","sparse-jittered","65","0.03","0.25","0.9691867539659142","2.0562972689047454","18.20052115547054","1.8113447974620023","signals/calibration/signal-001005.csv","4898eac21a1659f4c19f1f35b26c3ea14038b21fd5bbfd1f282d36344a843cab","783319d390319eb7947cedef4727ed56cfc5020870aa03f2ce49d70fbcf5f0c7"
"signal-001006","src-4a42ba2bd6b86097","group-5d394c41bb75a0ff","calibration","pri","clean","257","0","0","0.4513125685043633","2.629381868056953","18.418868664681277","2.3670403257014136","signals/calibration/signal-001006.csv","c977e532e72cf1a2c9b47a8c28de7e4ea24c7cb624594f3bef39584675632f92","783319d390319eb7947cedef4727ed56cfc5020870aa03f2ce49d70fbcf5f0c7"
"signal-001007","src-4a42ba2bd6b86097","group-5d394c41bb75a0ff","calibration","pri","noisy","129","0.01","0","0.04892404773272574","2.3368898555636406","13.993570251169192","1.8134049324645627","signals/calibration/signal-001007.csv","77f1f7575e3434a2212914b90b98868b04573ba5c1ba5a73f45b0d075848280e","783319d390319eb7947cedef4727ed56cfc5020870aa03f2ce49d70fbcf5f0c7"
"signal-001008","src-4a42ba2bd6b86097","group-5d394c41bb75a0ff","calibration","pri","sparse-jittered","65","0.03","0.25","0.6522369973827153","1.748786272853613","19.32240053020778","1.0277170905374753","signals/calibration/signal-001008.csv","487a69ac63d5c64957cb949235fd710535730afd15a236e3fd45f6fd29009298","783319d390319eb7947cedef4727ed56cfc5020870aa03f2ce49d70fbcf5f0c7"
"signal-001009","src-7c49c6737cb1a73c","group-9301c4d75bddff21","train","frequency","clean","257","0","0","0.8377466811798513","1.4318408122286201","17.477293246530515","2.516344330129865","signals/train/signal-001009.csv","5de1b915fcff74f881738013c9192530d2678fac78221c7045460a6b077809d2","85e53eb02ebd189376c67ff9bdcbcde020af6b486c8c9414bb68763ae2388658"
"signal-001010","src-7c49c6737cb1a73c","group-9301c4d75bddff21","train","frequency","noisy","129","0.01","0","0.0834266731981188","1.5470463916659356","18.175931599443302","1.3957299934018152","signals/train/signal-001010.csv","e753bbd563ec2e3b1248fcac98c526e591d167cc4e2b7ab89508a23aaf4878f1","85e53eb02ebd189376c67ff9bdcbcde020af6b486c8c9414bb68763ae2388658"
"signal-001011","src-7c49c6737cb1a73c","group-9301c4d75bddff21","train","frequency","sparse-jittered","65","0.03","0.25","0.8393186058383435","1.7492184069007635","16.417238181072328","1.8365357798122286","signals/train/signal-001011.csv","1a9275361cbe97fb7b9e3f6b4d84523b688c87df828d0db22485b4abd3dd2401","85e53eb02ebd189376c67ff9bdcbcde020af6b486c8c9414bb68763ae2388658"
"signal-001012","src-7c49c6737cb1a73c","group-9301c4d75bddff21","train","pri","clean","257","0","0","0.33664238546043634","2.4694256210699677","18.5353092764987","0.8803717593887903","signals/train/signal-001012.csv","9f9cc35d61cd4a16ee9426e5290246c93ae20264df48f09b5795167ca83d2913","85e53eb02ebd189376c67ff9bdcbcde020af6b486c8c9414bb68763ae2388658"
"signal-001013","src-7c49c6737cb1a73c","group-9301c4d75bddff21","train","pri","noisy","129","0.01","0","0.5839717914350331","2.4034466980025173","10.333520128479032","1.6866102425777072","signals/train/signal-001013.csv","e5cd86e4add16bb3ee4ee7d97d81f53843ea21795a0d6a293565df9b10ffebaa","85e53eb02ebd189376c67ff9bdcbcde020af6b486c8c9414bb68763ae2388658"
"signal-001014","src-7c49c6737cb1a73c","group-9301c4d75bddff21","train","pri","sparse-jittered","65","0.03","0.25","0.04545935639180243","2.6994123086333275","15.980434489766473","2.2118380613048956","signals/train/signal-001014.csv","c8366c726ca8383a3184fc7665f90f55a440d242b5d8d613b417452b20b32b5e","85e53eb02ebd189376c67ff9bdcbcde020af6b486c8c9414bb68763ae2388658"
"signal-001015","src-177cc7e2737f56f3","group-3aa9749e2b5de545","train","frequency","clean","257","0","0","0.967685651499778","1.7917103616520762","10.233508087239494","2.32976219832425","signals/train/signal-001015.csv","1b65f62be5e62bb669efc489f119b81cb161b7d4e259824c512628614033aaf5","d5403c59e565a87ec61ca31df249bbb910c4034d29df79982507fb322ee123e5"
"signal-001016","src-177cc7e2737f56f3","group-3aa9749e2b5de545","train","frequency","noisy","129","0.01","0","0.7382679954171181","2.8507665308192376","16.348937974003316","1.7714513603493955","signals/train/signal-001016.csv","496785af8de33bad6d251c8def4ca28e3224dc0adf4e167308700626a0241a4f","d5403c59e565a87ec61ca31df249bbb910c4034d29df79982507fb322ee123e5"
"signal-001017","src-177cc7e2737f56f3","group-3aa9749e2b5de545","train","frequency","sparse-jittered","65","0.03","0.25","0.8200336340814829","2.076067699678242","16.507300954126624","2.6288451461279507","signals/train/signal-001017.csv","0f0eaf2f4df0ae436fdb87089b39934092f652a52e9ed8ea320b4163bcef8ec7","d5403c59e565a87ec61ca31df249bbb910c4034d29df79982507fb322ee123e5"
"signal-001018","src-177cc7e2737f56f3","group-3aa9749e2b5de545","train","pri","clean","257","0","0","0.9280832323711365","1.5346425529569387","11.091244476817995","1.5653403106808153","signals/train/signal-001018.csv","b2d3fc407377ee2b6330d74cc4caf9bc04411748731fea61d61c75b131db3181","d5403c59e565a87ec61ca31df249bbb910c4034d29df79982507fb322ee123e5"
"signal-001019","src-177cc7e2737f56f3","group-3aa9749e2b5de545","train","pri","noisy","129","0.01","0","0.5175359402783215","0.8851123867556453","11.087954856502915","1.50239773381068","signals/train/signal-001019.csv","b1aa4ed22647578741d788b8cb4bbfe0e29112339248c68cc9cc8df454328c21","d5403c59e565a87ec61ca31df249bbb910c4034d29df79982507fb322ee123e5"
"signal-001020","src-177cc7e2737f56f3","group-3aa9749e2b5de545","train","pri","sparse-jittered","65","0.03","0.25","0.6705249277874827","0.8515851506963372","12.29101728892983","2.176737716905812","signals/train/signal-001020.csv","ebfaba37dc531dd6da1a5c1026115c8bc092aadc52c71a31b50e7449c3e2eb1a","d5403c59e565a87ec61ca31df249bbb910c4034d29df79982507fb322ee123e5"
"signal-001021","src-f91897df48a51991","group-91329535f199193c","test","frequency","clean","257","0","0","0.9914180731866509","2.931031119823456","13.088697260298389","2.0071698337736876","signals/test/signal-001021.csv","307e44c3dcf371f62f8581473da78d3b1e4fe551276f8a6d50c22489ac3e65aa","b79fe124ae97a89a338cb8d81cb5df90790962756a8b652c272f0ad186d20a66"
"signal-001022","src-f91897df48a51991","group-91329535f199193c","test","frequency","noisy","129","0.01","0","0.314703106880188","1.1834274264052511","11.257901854231593","1.9851001979878475","signals/test/signal-001022.csv","110595bad64d88eedc5b6cb93c9898cbc6773e67bf62a5ca608522e093c98b81","b79fe124ae97a89a338cb8d81cb5df90790962756a8b652c272f0ad186d20a66"
"signal-001023","src-f91897df48a51991","group-91329535f199193c","test","frequency","sparse-jittered","65","0.03","0.25","0.765388255706057","1.2128460351377726","14.62559680537517","3.3583140175336634","signals/test/signal-001023.csv","28cd1968d179e849349678175758ab7f437acbd00055c750770b266ac60ae726","b79fe124ae97a89a338cb8d81cb5df90790962756a8b652c272f0ad186d20a66"
"signal-001024","src-f91897df48a51991","group-91329535f199193c","test","pri","clean","257","0","0","0.138358770404011","3.09310081731528","10.852103594226255","0.7051104625164122","signals/test/signal-001024.csv","3621e93a30e8b980ba84db7114230eb38d6db0018e33bd244dfe8e076eff1919","b79fe124ae97a89a338cb8d81cb5df90790962756a8b652c272f0ad186d20a66"
"signal-001025","src-f91897df48a51991","group-91329535f199193c","test","pri","noisy","129","0.01","0","0.6219079587608576","2.3066031711176036","10.047123662150117","1.5168509030311483","signals/test/signal-001025.csv","c7037f90a0e6a536938cc1f161edf9685303ec207f764fa54de6c05f4860a0a7","b79fe124ae97a89a338cb8d81cb5df90790962756a8b652c272f0ad186d20a66"
"signal-001026","src-f91897df48a51991","group-91329535f199193c","test","pri","sparse-jittered","65","0.03","0.25","0.0655132404062897","3.0451155722141268","18.19511755032991","3.115448787987603","signals/test/signal-001026.csv","fda5dee731e0da75ef38303e3f9bec149c0b8cbe888b8096cc504c281f7fd426","b79fe124ae97a89a338cb8d81cb5df90790962756a8b652c272f0ad186d20a66"
"signal-001027","src-6f539738145adb47","group-3f3692880f5468a1","validation","frequency","clean","257","0","0","0.723852084716782","1.3100149486213923","11.662153050127948","0.8423864002519146","signals/validation/signal-001027.csv","ae591b2d7457011c01a0e79070eae21362e59e4ceb54801dbfb49a5af4b303c6","4e91519ae65296e83705c17c5ea14b420e54a71942209f8f9497a73720237c57"
"signal-001028","src-6f539738145adb47","group-3f3692880f5468a1","validation","frequency","noisy","129","0.01","0","0.7637897676322609","1.1955797672271729","14.073706503714124","0.9922751293732954","signals/validation/signal-001028.csv","9f72e4b06d5232d75c5370f5e432e32229bdf1955a18ad7cfa8ac9361f711ed9","4e91519ae65296e83705c17c5ea14b420e54a71942209f8f9497a73720237c57"
"signal-001029","src-6f539738145adb47","group-3f3692880f5468a1","validation","frequency","sparse-jittered","65","0.03","0.25","0.6862650474067777","2.7902772564440967","11.71631952771737","1.7873029928255342","signals/validation/signal-001029.csv","39f93734ede7b61aac5d903e8cbfd6b210724f0665cea50876e5a60957d58699","4e91519ae65296e83705c17c5ea14b420e54a71942209f8f9497a73720237c57"
"signal-001030","src-6f539738145adb47","group-3f3692880f5468a1","validation","pri","clean","257","0","0","0.10854426492005587","2.280253397859633","10.640150726387951","1.656306762537886","signals/validation/signal-001030.csv","a788c1d3780a75ba5c2aa3db578ef36f622bfce18b540d6b4a05b2163ee147c8","4e91519ae65296e83705c17c5ea14b420e54a71942209f8f9497a73720237c57"
"signal-001031","src-6f539738145adb47","group-3f3692880f5468a1","validation","pri","noisy","129","0.01","0","0.5203327557537705","1.1727809369564057","12.296939143305902","2.6071804343259384","signals/validation/signal-001031.csv","8169c781332ca177348f224aa5d89f9dcff6fa085d421f94bde4db7f50e1c0c0","4e91519ae65296e83705c17c5ea14b420e54a71942209f8f9497a73720237c57"
"signal-001032","src-6f539738145adb47","group-3f3692880f5468a1","validation","pri","sparse-jittered","65","0.03","0.25","0.07759695989079773","2.4147886551916597","12.716733502381441","3.153584453403589","signals/validation/signal-001032.csv","f3bca222af0f5f8b007b097208526cd6ac66a22f3b762bb4dec0408adba02d46","4e91519ae65296e83705c17c5ea14b420e54a71942209f8f9497a73720237c57"
"signal-001033","src-f8f72a4ada09b8b4","group-dc8baa109d1abb2f","train","frequency","clean","257","0","0","0.5168957570567727","0.9356264615431429","12.512874177746461","2.6807378413740235","signals/train/signal-001033.csv","066a69fed09e566e9b8ac007779452c03aec85f38de12013050e4c1018cc8557","b89ca3267ec90d331effcc6546c73143159c5f6f788d350d5d5b52c6320001bb"
"signal-001034","src-f8f72a4ada09b8b4","group-dc8baa109d1abb2f","train","frequency","noisy","129","0.01","0","0.946948105469346","0.8377336399629712","14.802081215435472","1.9114923111243751","signals/train/signal-001034.csv","030c9a9c1966e7b90c442c0a306d1b3d18917b54c392d3e89929ead6d448f6ab","b89ca3267ec90d331effcc6546c73143159c5f6f788d350d5d5b52c6320001bb"
"signal-001035","src-f8f72a4ada09b8b4","group-dc8baa109d1abb2f","train","frequency","sparse-jittered","65","0.03","0.25","0.38489188672974706","1.5711510447785257","16.50636014108124","2.365199103467141","signals/train/signal-001035.csv","c5c1b79f59485e2cfcafef835e7c112a1e58e99ddb2015fe98d3b4e8c1fb5afc","b89ca3267ec90d331effcc6546c73143159c5f6f788d350d5d5b52c6320001bb"
"signal-001036","src-f8f72a4ada09b8b4","group-dc8baa109d1abb2f","train","pri","clean","257","0","0","0.23741090763360262","2.7617992514744403","11.939153027161444","1.7771313068739438","signals/train/signal-001036.csv","70369fe35a8d1c61a79fbf1d19c86c6a0171ee8fa098c57c0a28ad2f780b9050","b89ca3267ec90d331effcc6546c73143159c5f6f788d350d5d5b52c6320001bb"
"signal-001037","src-f8f72a4ada09b8b4","group-dc8baa109d1abb2f","train","pri","noisy","129","0.01","0","0.3390043501276523","2.3120812572538854","13.405755322327984","1.0772223710167772","signals/train/signal-001037.csv","e09c49748b4b07f633007d517d704d53fd836d68d2755b336cb4db813b2d7538","b89ca3267ec90d331effcc6546c73143159c5f6f788d350d5d5b52c6320001bb"
"signal-001038","src-f8f72a4ada09b8b4","group-dc8baa109d1abb2f","train","pri","sparse-jittered","65","0.03","0.25","0.6640135636553168","2.273848251439631","17.617606854252774","1.7711339606417624","signals/train/signal-001038.csv","d3da717b9270a65597cd7b6e0cd8b7aa1db10bb18f89c919139867ea4b6e2518","b89ca3267ec90d331effcc6546c73143159c5f6f788d350d5d5b52c6320001bb"
"signal-001039","src-5c111e129080097a","group-880f11b882019884","calibration","frequency","clean","257","0","0","0.45032842503860593","2.8812287865206603","17.96852681785822","1.7263002915540682","signals/calibration/signal-001039.csv","bbe74dfee9b6b638e93af7a110641e094d1014dba898f5e2e5950cd86c037840","c0527eef5b176f791d1231c4b0fa4403cea2a9d3ab598faa75f3a551a3a1b969"
"signal-001040","src-5c111e129080097a","group-880f11b882019884","calibration","frequency","noisy","129","0.01","0","0.08355661458335817","3.1816515613347294","16.392992496623535","2.342503069967403","signals/calibration/signal-001040.csv","29f251f09c125e31b15696d1065f57faa838519aeda4ae6dfcdb7a8d8ef51c45","c0527eef5b176f791d1231c4b0fa4403cea2a9d3ab598faa75f3a551a3a1b969"
"signal-001041","src-5c111e129080097a","group-880f11b882019884","calibration","frequency","sparse-jittered","65","0.03","0.25","0.40570125658996403","1.5016439758241176","18.78355586291134","2.979730418458068","signals/calibration/signal-001041.csv","55808a793e2daec915757716373b9a48a4ad6a72e73ba44b16395023af5ad755","c0527eef5b176f791d1231c4b0fa4403cea2a9d3ab598faa75f3a551a3a1b969"
"signal-001042","src-5c111e129080097a","group-880f11b882019884","calibration","pri","clean","257","0","0","0.5924074752256274","3.1954627702012655","14.308884986676276","2.8029192229500026","signals/calibration/signal-001042.csv","c3000d2e826af83e3ff40812b33de904cf8c80be8adde23101a3928db4ebb57e","c0527eef5b176f791d1231c4b0fa4403cea2a9d3ab598faa75f3a551a3a1b969"
"signal-001043","src-5c111e129080097a","group-880f11b882019884","calibration","pri","noisy","129","0.01","0","0.22310924110934138","3.1283978497609493","14.155629407880873","1.642981808733138","signals/calibration/signal-001043.csv","cf6653f6e7cd0a642649a5dc6201a8b2665c8368714f16dc6120d1dfa1e6e4c0","c0527eef5b176f791d1231c4b0fa4403cea2a9d3ab598faa75f3a551a3a1b969"
"signal-001044","src-5c111e129080097a","group-880f11b882019884","calibration","pri","sparse-jittered","65","0.03","0.25","0.8184901177883148","2.5991647930815818","17.28936250445841","2.4509529325636414","signals/calibration/signal-001044.csv","a7e3914b4c82295939ac8a71b4ee4fed1297a9d9ea84a5f4981926e87af11b01","c0527eef5b176f791d1231c4b0fa4403cea2a9d3ab598faa75f3a551a3a1b969"
"signal-001045","src-f60e5460bd66ecdc","group-dd31311096abe7e0","train","frequency","clean","257","0","0","0.3288240167312324","3.062675735913217","17.066183571225448","1.101474700699363","signals/train/signal-001045.csv","340a151f66cb25498be32ebde9d34c6f2f8a103685fd31052df81aab6bf22eac","868e51bdd20689e3468033db44c683db9cee4c77da4ef889462e237230272b10"
"signal-001046","src-f60e5460bd66ecdc","group-dd31311096abe7e0","train","frequency","noisy","129","0.01","0","0.508631604956463","2.2620291940867903","16.284340633395455","2.4471544424549574","signals/train/signal-001046.csv","cdc3b7ca08bdc8cfcb4018d96fc70c27826d787711f83dce9ce00b92d7b8df86","868e51bdd20689e3468033db44c683db9cee4c77da4ef889462e237230272b10"
"signal-001047","src-f60e5460bd66ecdc","group-dd31311096abe7e0","train","frequency","sparse-jittered","65","0.03","0.25","0.07295680465176702","0.8150442985817791","12.411181867764228","2.030370412203018","signals/train/signal-001047.csv","67bdb1a9e8d9426028cff5cd02eba0492a7a69fad165e76f48e000c1fcbe5b1e","868e51bdd20689e3468033db44c683db9cee4c77da4ef889462e237230272b10"
"signal-001048","src-f60e5460bd66ecdc","group-dd31311096abe7e0","train","pri","clean","257","0","0","0.7043653533328325","1.8130439810454846","19.99630291145635","2.9199543398190784","signals/train/signal-001048.csv","a17cf4f2a414bee421ea2cd5b4cfa8f7523e439fe54beae05d60820dcd486174","868e51bdd20689e3468033db44c683db9cee4c77da4ef889462e237230272b10"
"signal-001049","src-f60e5460bd66ecdc","group-dd31311096abe7e0","train","pri","noisy","129","0.01","0","0.7044960742350668","1.6761552054435014","15.0276662521961","2.343194102466864","signals/train/signal-001049.csv","a31ab57f8d12a0d5bc522571f4d89df37e2deccc0d3d844f8c8e54b6770fa98f","868e51bdd20689e3468033db44c683db9cee4c77da4ef889462e237230272b10"
"signal-001050","src-f60e5460bd66ecdc","group-dd31311096abe7e0","train","pri","sparse-jittered","65","0.03","0.25","0.20293994341045618","2.7997811103239654","15.94551998086336","2.887717498340656","signals/train/signal-001050.csv","84ec656cbd61f624d5274a342c5d4dc5c4a6c52fbed26e273cd2944e8949dbc8","868e51bdd20689e3468033db44c683db9cee4c77da4ef889462e237230272b10"
"signal-001051","src-9cf4f0d94001b4c6","group-8af62e2da6572330","test","frequency","clean","257","0","0","0.9961415715515614","0.9957436146214604","16.277890337302644","2.6859076506529824","signals/test/signal-001051.csv","65e96f7bee9d37abe13444380456fd60c0231ae4eb891219ac7f3d14af8951dc","ac62fb6ef3493cc695b76cba19aadc0f17a2804037e096605b206ae331b2c746"
"signal-001052","src-9cf4f0d94001b4c6","group-8af62e2da6572330","test","frequency","noisy","129","0.01","0","0.18759325426071882","2.9693639764562247","11.412836902984058","0.9183238086029295","signals/test/signal-001052.csv","899a5e43f4156f9fcaecf56ab3fb39f2ac8d7615b30bb05091d1abe29407e908","ac62fb6ef3493cc695b76cba19aadc0f17a2804037e096605b206ae331b2c746"
"signal-001053","src-9cf4f0d94001b4c6","group-8af62e2da6572330","test","frequency","sparse-jittered","65","0.03","0.25","0.552677056286484","2.9581243170425298","18.47929041702219","2.2234788538828987","signals/test/signal-001053.csv","62bf9669e1fc8a1f75b22f4b86cd7131fa56c16a8570229ef1887308beace5fd","ac62fb6ef3493cc695b76cba19aadc0f17a2804037e096605b206ae331b2c746"
"signal-001054","src-9cf4f0d94001b4c6","group-8af62e2da6572330","test","pri","clean","257","0","0","0.6966085871681571","0.877847401238978","14.633851369633057","2.4287959011832214","signals/test/signal-001054.csv","f3f58c865bccd42ee888dc4be6dd4d79b4d23633ec6496baec40fa09ecc3788e","ac62fb6ef3493cc695b76cba19aadc0f17a2804037e096605b206ae331b2c746"
"signal-001055","src-9cf4f0d94001b4c6","group-8af62e2da6572330","test","pri","noisy","129","0.01","0","0.22868301789276302","2.890056095644832","19.939202126542185","1.957298711859199","signals/test/signal-001055.csv","53e4cff62a0f38cec45a8e4263fec1756c2c444007c1c548f92b983cb5e9c47d","ac62fb6ef3493cc695b76cba19aadc0f17a2804037e096605b206ae331b2c746"
"signal-001056","src-9cf4f0d94001b4c6","group-8af62e2da6572330","test","pri","sparse-jittered","65","0.03","0.25","0.8335466128773987","3.1110617784783248","19.50021694702886","3.2116109642798527","signals/test/signal-001056.csv","39f9fa8257a4fc8eb0653a06bda1be5fb48574611aed26ade5e33e319e9eb3bb","ac62fb6ef3493cc695b76cba19aadc0f17a2804037e096605b206ae331b2c746"
"signal-001057","src-7dadec701e65a14c","group-406460e95d5a3ea8","train","frequency","clean","257","0","0","0.7749444153159857","2.530470626242459","17.44045832555527","2.2764535443304084","signals/train/signal-001057.csv","d0e58f0a66237c9720c706423b723e0ac5f264e3973ea9df106f7dd99ecc7364","c8565daa8c7024f789e32a39f7f8e107e937e1909258070fb4a6b8fc3652501f"
"signal-001058","src-7dadec701e65a14c","group-406460e95d5a3ea8","train","frequency","noisy","129","0.01","0","0.7719186663161963","1.3064459275454283","18.64027943129865","0.7802385256382749","signals/train/signal-001058.csv","ec90d27880b76c937704d09fc90b82e0ddd0a5ff37cae164e1ee6fa076275023","c8565daa8c7024f789e32a39f7f8e107e937e1909258070fb4a6b8fc3652501f"
"signal-001059","src-7dadec701e65a14c","group-406460e95d5a3ea8","train","frequency","sparse-jittered","65","0.03","0.25","0.5321841561235487","1.100032596103847","14.698676389061287","1.7142459720304117","signals/train/signal-001059.csv","9137b2264164d83a36f405a1502d2e2950e919a7e28340332f6087c11e156c9f","c8565daa8c7024f789e32a39f7f8e107e937e1909258070fb4a6b8fc3652501f"
"signal-001060","src-7dadec701e65a14c","group-406460e95d5a3ea8","train","pri","clean","257","0","0","0.22998833912424743","2.3446070816367865","16.954685677100564","0.8942674121452256","signals/train/signal-001060.csv","37a3a731f30007a4e70b1f142e18bd9f227975ce01745185379740754b336e3b","c8565daa8c7024f789e32a39f7f8e107e937e1909258070fb4a6b8fc3652501f"
"signal-001061","src-7dadec701e65a14c","group-406460e95d5a3ea8","train","pri","noisy","129","0.01","0","0.4665391193702817","2.8137896889820695","12.701318385020702","1.2462179018894002","signals/train/signal-001061.csv","07d9211509df79505b17715022dfa9244557df5b8aab87411e46ee791682610c","c8565daa8c7024f789e32a39f7f8e107e937e1909258070fb4a6b8fc3652501f"
"signal-001062","src-7dadec701e65a14c","group-406460e95d5a3ea8","train","pri","sparse-jittered","65","0.03","0.25","0.05260964063927531","1.36377809997648","17.090345711265893","3.2211587539012996","signals/train/signal-001062.csv","5a93f91ca7f095e3973c36bace42ad9d6e68f3009ce6b0607708f976dbae0efb","c8565daa8c7024f789e32a39f7f8e107e937e1909258070fb4a6b8fc3652501f"
"signal-001063","src-096b5d3df6539efa","group-0c96ac76efbe08ab","train","frequency","clean","257","0","0","0.9419625727459788","1.6600759038701653","16.710219330282516","0.7161661838258482","signals/train/signal-001063.csv","37ccf85f082e2a5610d2bcdd877cbc5807aa895a0a46daa6ce6475fbf6bbb818","deb61beb9ba8b60ed0ca9f40aa64f219d0b4e09da661e59952174747da19500e"
"signal-001064","src-096b5d3df6539efa","group-0c96ac76efbe08ab","train","frequency","noisy","129","0.01","0","0.6712855275254697","1.3481152560561895","17.13690443812024","0.8096143508539839","signals/train/signal-001064.csv","70b764f9b153253b5dbbbfefe52b4e8786b29acc480a72132b349a21b3eb2a6d","deb61beb9ba8b60ed0ca9f40aa64f219d0b4e09da661e59952174747da19500e"
"signal-001065","src-096b5d3df6539efa","group-0c96ac76efbe08ab","train","frequency","sparse-jittered","65","0.03","0.25","0.5052975707221776","0.8993084333837033","18.065642772978396","2.6741920711042084","signals/train/signal-001065.csv","1efae686d0c5160097583a1ef0ae85693b544c0301f97a11dec57ecb93ac2043","deb61beb9ba8b60ed0ca9f40aa64f219d0b4e09da661e59952174747da19500e"
"signal-001066","src-096b5d3df6539efa","group-0c96ac76efbe08ab","train","pri","clean","257","0","0","0.4400393308605999","2.7964999947696922","19.668154755544812","2.485845603708988","signals/train/signal-001066.csv","979328a290c318f16203f272581e422d3b02d87418be59d30dcf0d980d08be5b","deb61beb9ba8b60ed0ca9f40aa64f219d0b4e09da661e59952174747da19500e"
"signal-001067","src-096b5d3df6539efa","group-0c96ac76efbe08ab","train","pri","noisy","129","0.01","0","0.6572498993482441","1.2617148373275995","15.242488898161918","2.3704144467493755","signals/train/signal-001067.csv","de9c0a3b62744e836666407ee3adb48738a69866b6c5199cc6cdefb71ba604ed","deb61beb9ba8b60ed0ca9f40aa64f219d0b4e09da661e59952174747da19500e"
"signal-001068","src-096b5d3df6539efa","group-0c96ac76efbe08ab","train","pri","sparse-jittered","65","0.03","0.25","0.06439268332906067","2.3708366192877293","12.444740551772277","1.4530209394175433","signals/train/signal-001068.csv","48182de05ac2b8de1c9ddc7fd88b51ea98ab0214cbca3ba0f627df3cc7e5a759","deb61beb9ba8b60ed0ca9f40aa64f219d0b4e09da661e59952174747da19500e"
"signal-001069","src-dd3de49ac16f7189","group-e2403193f13a85b4","test","frequency","clean","257","0","0","0.8120215479284525","3.0358283894136546","16.750314367734813","2.546296575853839","signals/test/signal-001069.csv","d67c883823e03e35f034ff5602f5dc3139849e48142a70cb1aa0b4a4128e6833","44994095d0f3d85adc832a8008c6f0c0677c12c51e2f8b98bc1abc877045584d"
"signal-001070","src-dd3de49ac16f7189","group-e2403193f13a85b4","test","frequency","noisy","129","0.01","0","0.18237046827562153","2.7623970292508604","17.83878300771288","1.1200621246864202","signals/test/signal-001070.csv","0d4808be8744f729e5f79caba10b44d7451c24d9306bdc7fe4d46986178b707e","44994095d0f3d85adc832a8008c6f0c0677c12c51e2f8b98bc1abc877045584d"
"signal-001071","src-dd3de49ac16f7189","group-e2403193f13a85b4","test","frequency","sparse-jittered","65","0.03","0.25","0.4885525421705097","3.003093621507287","14.073895415165047","0.770121211326428","signals/test/signal-001071.csv","45418c22063ea235205f9c765121674f79a3e94649502aa84b45a221c049c34b","44994095d0f3d85adc832a8008c6f0c0677c12c51e2f8b98bc1abc877045584d"
"signal-001072","src-dd3de49ac16f7189","group-e2403193f13a85b4","test","pri","clean","257","0","0","0.08372338651679456","1.7835383240133524","12.898473309880336","2.38336393289757","signals/test/signal-001072.csv","84f7231959411b174ed70c86779d49fad15c61b357bf53d4c30a5f96503ff58c","44994095d0f3d85adc832a8008c6f0c0677c12c51e2f8b98bc1abc877045584d"
"signal-001073","src-dd3de49ac16f7189","group-e2403193f13a85b4","test","pri","noisy","129","0.01","0","0.8166983253322542","2.1430834552273152","15.676682028123002","2.7645689638216346","signals/test/signal-001073.csv","5bc84f7cd3c82b0824cb40fc925cc943f8d1107bb3c0f9e772523114f94a25bf","44994095d0f3d85adc832a8008c6f0c0677c12c51e2f8b98bc1abc877045584d"
"signal-001074","src-dd3de49ac16f7189","group-e2403193f13a85b4","test","pri","sparse-jittered","65","0.03","0.25","0.9937169896438718","1.1207732075825334","11.658360035915127","1.1131041366975634","signals/test/signal-001074.csv","5158eae3fa36460a6929242cf5b61f1360e546a0a19a84f350fc20ad0eff2c68","44994095d0f3d85adc832a8008c6f0c0677c12c51e2f8b98bc1abc877045584d"
"signal-001075","src-494b5c4ce3e56322","group-f2ac8eb54cdd4be0","test","frequency","clean","257","0","0","0.9490025092381984","1.4956007219851017","15.671095731886318","2.130531731002506","signals/test/signal-001075.csv","c8bfb85f0c065dc27179f6fbd176a3a0354fd805abd2c32e94bbb3fd30ac6e50","7d68ef934783ade2aeddd8c5d53f7fc44989e1975d8e0d5e8b64f0650e6d210b"
"signal-001076","src-494b5c4ce3e56322","group-f2ac8eb54cdd4be0","test","frequency","noisy","129","0.01","0","0.9336574252229184","1.6174299266189336","14.68031524169681","2.1990974712675406","signals/test/signal-001076.csv","d1eff98f4993f31c6dc0fbc3e798ae5c9a8f30b41821b1eed9e86831314688a2","7d68ef934783ade2aeddd8c5d53f7fc44989e1975d8e0d5e8b64f0650e6d210b"
"signal-001077","src-494b5c4ce3e56322","group-f2ac8eb54cdd4be0","test","frequency","sparse-jittered","65","0.03","0.25","0.3162021399475634","1.8841667188331486","13.230191825902324","1.3096779881072749","signals/test/signal-001077.csv","d50ae2fe20111d33b13a1afa8d2a443c61e88fc44a9d41d253061f7a348f23b0","7d68ef934783ade2aeddd8c5d53f7fc44989e1975d8e0d5e8b64f0650e6d210b"
"signal-001078","src-494b5c4ce3e56322","group-f2ac8eb54cdd4be0","test","pri","clean","257","0","0","0.6833487700205296","1.6528389658778906","14.780871300071194","0.8928828949159247","signals/test/signal-001078.csv","0d858281e848a35c09ed332f2474438cabcad3ccd05a2efaa411b6129aac763f","7d68ef934783ade2aeddd8c5d53f7fc44989e1975d8e0d5e8b64f0650e6d210b"
"signal-001079","src-494b5c4ce3e56322","group-f2ac8eb54cdd4be0","test","pri","noisy","129","0.01","0","0.899698130087927","1.6601199351251126","12.08422704591471","1.1241414399726644","signals/test/signal-001079.csv","29d573e08bb2d93e0e05bba1458c6c11ebb161519415dbb60eafa8da7d12becf","7d68ef934783ade2aeddd8c5d53f7fc44989e1975d8e0d5e8b64f0650e6d210b"
"signal-001080","src-494b5c4ce3e56322","group-f2ac8eb54cdd4be0","test","pri","sparse-jittered","65","0.03","0.25","0.4801774255465716","2.30229440741241","16.51941602002733","2.23066004628331","signals/test/signal-001080.csv","bfbb339dbb904c45f12edfef7e11c6c750a86de1eb2b26396a684e7e06bb617f","7d68ef934783ade2aeddd8c5d53f7fc44989e1975d8e0d5e8b64f0650e6d210b"
"signal-001081","src-a2859c45c21acf99","group-c4359583a93ab6d0","train","frequency","clean","257","0","0","0.3544782248791307","1.506435202434659","18.42457379075274","1.1624762444140266","signals/train/signal-001081.csv","d032b5370d7bb41e3707c66bf6d2f92a7020a1fa313622c4d7b7e9768ed69f6d","e5ee2cfab7cad343ac1b141605501ac6c388503d36f2642f8aa09b3819fbc7c1"
"signal-001082","src-a2859c45c21acf99","group-c4359583a93ab6d0","train","frequency","noisy","129","0.01","0","0.7366379927843809","2.0520162330940366","17.046309284344048","2.282604015187969","signals/train/signal-001082.csv","19afa7edbec78b07848662e525fe9136c4f9d37f0fda1ef84416ab2562c1e02d","e5ee2cfab7cad343ac1b141605501ac6c388503d36f2642f8aa09b3819fbc7c1"
"signal-001083","src-a2859c45c21acf99","group-c4359583a93ab6d0","train","frequency","sparse-jittered","65","0.03","0.25","0.305906395195052","2.7798898544162514","19.72963618506468","3.0857268394052255","signals/train/signal-001083.csv","fc3e27c0c67b0f575df2b13b9e942b4d9c10e4317272c11650818673cc7dcc95","e5ee2cfab7cad343ac1b141605501ac6c388503d36f2642f8aa09b3819fbc7c1"
"signal-001084","src-a2859c45c21acf99","group-c4359583a93ab6d0","train","pri","clean","257","0","0","0.35233637574128807","1.5061662372201683","13.010728167329981","2.025713534469478","signals/train/signal-001084.csv","fbc32f7eb616b4e728283471c19fd1a3864da3b2d99707973491b3bb607374cc","e5ee2cfab7cad343ac1b141605501ac6c388503d36f2642f8aa09b3819fbc7c1"
"signal-001085","src-a2859c45c21acf99","group-c4359583a93ab6d0","train","pri","noisy","129","0.01","0","0.08899291255511343","1.0379081889986992","19.55158226914447","1.9546533076868648","signals/train/signal-001085.csv","01dbe884cf6e48329ff29e5e14a381dc3d4a6a4b1cab7ad4d8e7a430c330833f","e5ee2cfab7cad343ac1b141605501ac6c388503d36f2642f8aa09b3819fbc7c1"
"signal-001086","src-a2859c45c21acf99","group-c4359583a93ab6d0","train","pri","sparse-jittered","65","0.03","0.25","0.19056163192726672","1.772803270816803","19.718151511975684","1.4115757130419162","signals/train/signal-001086.csv","99abb128654b1f49a61f9683427c0c8bf5ec0cfd6038b775b14233d0ae8ba9c9","e5ee2cfab7cad343ac1b141605501ac6c388503d36f2642f8aa09b3819fbc7c1"
"signal-001087","src-500db66e2efb197c","group-77673dbdf29bbee4","train","frequency","clean","257","0","0","0.41788574354723096","1.8051942823454739","18.24740808834317","1.3799018036011823","signals/train/signal-001087.csv","2f034021629d8859d5c2705fb9da8bf262eeda721bd714ce2ee02f62b8951a1c","ebd77620f4eef1b42bda4524efcc8d9573ed3532c4ed0f861b57b2d75d3f5658"
"signal-001088","src-500db66e2efb197c","group-77673dbdf29bbee4","train","frequency","noisy","129","0.01","0","0.30957219074480236","2.197327284142375","14.830214819934465","2.413500159741629","signals/train/signal-001088.csv","9d506b3429f314842e9a8774d0a6686a3acc437b19ac5bc4fe727827b68f9ffe","ebd77620f4eef1b42bda4524efcc8d9573ed3532c4ed0f861b57b2d75d3f5658"
"signal-001089","src-500db66e2efb197c","group-77673dbdf29bbee4","train","frequency","sparse-jittered","65","0.03","0.25","0.11201288411393762","1.9248089445754886","18.216232727652233","1.3394609079158961","signals/train/signal-001089.csv","625f56e7189dc9d1e3ec4622723528e3d564971501d21f035c390b34c9e1de63","ebd77620f4eef1b42bda4524efcc8d9573ed3532c4ed0f861b57b2d75d3f5658"
"signal-001090","src-500db66e2efb197c","group-77673dbdf29bbee4","train","pri","clean","257","0","0","0.13721754169091582","2.7295501908287405","17.908102648092157","0.7884888838173012","signals/train/signal-001090.csv","462843fcffcde98b2511e09b689fdb8aab99f55bb23daf3778000f41bba18b88","ebd77620f4eef1b42bda4524efcc8d9573ed3532c4ed0f861b57b2d75d3f5658"
"signal-001091","src-500db66e2efb197c","group-77673dbdf29bbee4","train","pri","noisy","129","0.01","0","0.01931749377399683","1.543110611476004","11.473814711475784","2.2571093728767586","signals/train/signal-001091.csv","e63c6a9ce727ddeae8860575a95b2e8337fcda611d551b1c8d5b6a47d25d74cb","ebd77620f4eef1b42bda4524efcc8d9573ed3532c4ed0f861b57b2d75d3f5658"
"signal-001092","src-500db66e2efb197c","group-77673dbdf29bbee4","train","pri","sparse-jittered","65","0.03","0.25","0.662811485119164","2.594765847362578","18.233420288644556","2.3608152475143314","signals/train/signal-001092.csv","6acc1245c837de68d0af4b7932d51ae63cf9a53b1c824f5354fa9355f9844c4a","ebd77620f4eef1b42bda4524efcc8d9573ed3532c4ed0f861b57b2d75d3f5658"
"signal-001093","src-5d84b6cf8377aa68","group-ebe00efa8f7e1dc1","train","frequency","clean","257","0","0","0.25276829581707716","2.011424935795367","15.240925295577593","1.7886284250332007","signals/train/signal-001093.csv","9e29c9b65107ed422e9aa488ef1529565c33b1bad64dc9220b9ec26b8934dfdf","8b674764beeb4f460220cbd70acf0c0b751f70d539f0d68527fb5c86dc56758a"
"signal-001094","src-5d84b6cf8377aa68","group-ebe00efa8f7e1dc1","train","frequency","noisy","129","0.01","0","0.574003150453791","1.5384040895849467","19.29109961480195","2.3173673070118603","signals/train/signal-001094.csv","f22052b20f21c66d7f91e3be5a2b887d44488b32087c6c9f458e131dcc3dd405","8b674764beeb4f460220cbd70acf0c0b751f70d539f0d68527fb5c86dc56758a"
"signal-001095","src-5d84b6cf8377aa68","group-ebe00efa8f7e1dc1","train","frequency","sparse-jittered","65","0.03","0.25","0.41735091735608876","2.226237716525793","13.771607058277727","2.270447295763846","signals/train/signal-001095.csv","d38d4d1046a2e42d86d657d2c8d804e11956cb5ab098699c14d790e67d1fd797","8b674764beeb4f460220cbd70acf0c0b751f70d539f0d68527fb5c86dc56758a"
"signal-001096","src-5d84b6cf8377aa68","group-ebe00efa8f7e1dc1","train","pri","clean","257","0","0","0.7900469696614891","2.570250904560089","14.389443823346031","2.361671804980295","signals/train/signal-001096.csv","7ab1991539e0134ab9b5564d0363e1ced2843695198b8cf2a138cdf97c23efd0","8b674764beeb4f460220cbd70acf0c0b751f70d539f0d68527fb5c86dc56758a"
"signal-001097","src-5d84b6cf8377aa68","group-ebe00efa8f7e1dc1","train","pri","noisy","129","0.01","0","0.5766791314817965","2.2954656256362798","15.364956662525444","0.8068626179972274","signals/train/signal-001097.csv","1e298a3f3b819428d7a378c347a879a9b84efe2531a1b552465d5051c088e394","8b674764beeb4f460220cbd70acf0c0b751f70d539f0d68527fb5c86dc56758a"
"signal-001098","src-5d84b6cf8377aa68","group-ebe00efa8f7e1dc1","train","pri","sparse-jittered","65","0.03","0.25","0.8561688787303865","2.938723351620138","12.712074317771508","1.0086181859327397","signals/train/signal-001098.csv","e85ac4240e7cae719678ed0c794d779c98441fa4ec93aa4f96c7334ece061304","8b674764beeb4f460220cbd70acf0c0b751f70d539f0d68527fb5c86dc56758a"
"signal-001099","src-32c2860864c23729","group-6bc3228d00f493b0","test","frequency","clean","257","0","0","0.3848571458365768","1.9216836217790843","12.485029789225361","2.130420152685282","signals/test/signal-001099.csv","959828a50e2514a376af5fd8c2c9aeb3370e538963edb75f1047e54c9d632d7b","4e84291929e6382008d9e90de138bff20bdffda50cd98871d267a74760c9132d"
"signal-001100","src-32c2860864c23729","group-6bc3228d00f493b0","test","frequency","noisy","129","0.01","0","0.4203958825673908","2.7803968880325556","16.231707530584156","0.817855344518863","signals/test/signal-001100.csv","2ec0c11948dc528c424ca8028b28a48b99c195cca9fe8866371042a04aba7c03","4e84291929e6382008d9e90de138bff20bdffda50cd98871d267a74760c9132d"
"signal-001101","src-32c2860864c23729","group-6bc3228d00f493b0","test","frequency","sparse-jittered","65","0.03","0.25","0.3594977150205523","2.8473826810717586","17.522971335795923","1.947958220398231","signals/test/signal-001101.csv","2a9b7c4bf78bcd4e6237679512d2fd3773d2632176bcd044573ffdf5dfa4d193","4e84291929e6382008d9e90de138bff20bdffda50cd98871d267a74760c9132d"
"signal-001102","src-32c2860864c23729","group-6bc3228d00f493b0","test","pri","clean","257","0","0","0.557517803972587","1.6341677714139222","10.315965931118575","1.9360317180790219","signals/test/signal-001102.csv","8988b04ce99ea26513ec513bfbb03e742717eb9fc795548c8ccf97e7c8d91d04","4e84291929e6382008d9e90de138bff20bdffda50cd98871d267a74760c9132d"
"signal-001103","src-32c2860864c23729","group-6bc3228d00f493b0","test","pri","noisy","129","0.01","0","0.4380702809430659","3.1007869197055697","17.95861086731359","2.0657815257378864","signals/test/signal-001103.csv","429be83d03bb911ee4c2066a8947ddd8557b632e4afef1ef6cc9c2bad66b7bb2","4e84291929e6382008d9e90de138bff20bdffda50cd98871d267a74760c9132d"
"signal-001104","src-32c2860864c23729","group-6bc3228d00f493b0","test","pri","sparse-jittered","65","0.03","0.25","0.8541291463188827","1.2727475559338928","12.905268042239218","1.6608041705730319","signals/test/signal-001104.csv","aa6e926c66f9d92ee49c7fae633596f74996ff708f3ae720682b2575ca5668bb","4e84291929e6382008d9e90de138bff20bdffda50cd98871d267a74760c9132d"
"signal-001105","src-2d819e01fb5af4b9","group-aa67204076702077","train","frequency","clean","257","0","0","0.7370316754095256","2.187254185043275","12.662175550482255","0.9835546275998475","signals/train/signal-001105.csv","16b3bc8bcbb4ae6a99854f881527bad3213b94728980bd4406adaa72b660bf7f","0beccea19e00fea77a522aba2d5ba382e37fdcd98564f3729952644aff327aae"
"signal-001106","src-2d819e01fb5af4b9","group-aa67204076702077","train","frequency","noisy","129","0.01","0","0.7363486527465284","2.6593503883108496","15.708252416981477","1.2637163428314455","signals/train/signal-001106.csv","28510dc91dc3ad8852589a532930e1816c295d284f8434a0b8b61ad63bc2b186","0beccea19e00fea77a522aba2d5ba382e37fdcd98564f3729952644aff327aae"
"signal-001107","src-2d819e01fb5af4b9","group-aa67204076702077","train","frequency","sparse-jittered","65","0.03","0.25","0.8704573824070394","3.018731295131147","19.46580119770585","1.6575726434919673","signals/train/signal-001107.csv","bd9ef8f7b8308fd4ac29a137e537d6e14b8fdb4addb9f594608b30c9b37dc5ad","0beccea19e00fea77a522aba2d5ba382e37fdcd98564f3729952644aff327aae"
"signal-001108","src-2d819e01fb5af4b9","group-aa67204076702077","train","pri","clean","257","0","0","0.21047220402397215","2.469149662554264","14.619276507777577","1.381061362405486","signals/train/signal-001108.csv","912c7edb53acdbdef3297f375c011c1885f9d4acb907b864383e803f35becf24","0beccea19e00fea77a522aba2d5ba382e37fdcd98564f3729952644aff327aae"
"signal-001109","src-2d819e01fb5af4b9","group-aa67204076702077","train","pri","noisy","129","0.01","0","0.5267537438776344","1.0014834228903056","14.84532444774765","2.182829305746644","signals/train/signal-001109.csv","2cbac7a330f140e7e92b6d3c6f57a0eab06318a8852ee6c02b73ad87e336f980","0beccea19e00fea77a522aba2d5ba382e37fdcd98564f3729952644aff327aae"
"signal-001110","src-2d819e01fb5af4b9","group-aa67204076702077","train","pri","sparse-jittered","65","0.03","0.25","0.5785541455261409","3.0927157705649737","10.376573726346534","3.1514793399895566","signals/train/signal-001110.csv","ca44b6f014ef47bfef955de88a5d143c835e4fbe9ed33ba9ba89f7438d0e3a67","0beccea19e00fea77a522aba2d5ba382e37fdcd98564f3729952644aff327aae"
"signal-001111","src-7b8e131ad8d51b43","group-7d7ba58a79a633a7","test","frequency","clean","257","0","0","0.6025619711726904","2.8285166190937163","11.633166888245917","2.9583086848054148","signals/test/signal-001111.csv","b01ebd4d7ac8e68a7db930c0eb06c52fd234f5caa04336beaa805cfbce69c90c","82f85d64b774492b8f9d65fcc7223efebbd0fe9a88b9cf28a43bddb68a493281"
"signal-001112","src-7b8e131ad8d51b43","group-7d7ba58a79a633a7","test","frequency","noisy","129","0.01","0","0.35487113054841757","3.074013445712626","19.989335135479568","1.4043771706264536","signals/test/signal-001112.csv","593d96854a59926791d8d242593efec88a32d66c4cf6603d381e13b41c7441f0","82f85d64b774492b8f9d65fcc7223efebbd0fe9a88b9cf28a43bddb68a493281"
"signal-001113","src-7b8e131ad8d51b43","group-7d7ba58a79a633a7","test","frequency","sparse-jittered","65","0.03","0.25","0.048646981129422784","1.585522747039795","11.732058323865035","2.3979947270707527","signals/test/signal-001113.csv","4eeb4c0863e8b0d93984a08fda167cdfa9c0a6b35b1710bbc31e0c159a948b51","82f85d64b774492b8f9d65fcc7223efebbd0fe9a88b9cf28a43bddb68a493281"
"signal-001114","src-7b8e131ad8d51b43","group-7d7ba58a79a633a7","test","pri","clean","257","0","0","0.6669236142188311","1.2954066352918745","15.400718613341262","1.3078297344842387","signals/test/signal-001114.csv","c84fa2e43cddc2593103a035f01b9d5068454d5dfca9ad7d4a44d2c9ac567f09","82f85d64b774492b8f9d65fcc7223efebbd0fe9a88b9cf28a43bddb68a493281"
"signal-001115","src-7b8e131ad8d51b43","group-7d7ba58a79a633a7","test","pri","noisy","129","0.01","0","0.2787446421571076","2.578962078504264","10.921094026378904","2.314929158456369","signals/test/signal-001115.csv","f5ad460709b2747bb92d111cced26fa7031e55fcf7d7d4bbdd670c9f7c74b611","82f85d64b774492b8f9d65fcc7223efebbd0fe9a88b9cf28a43bddb68a493281"
"signal-001116","src-7b8e131ad8d51b43","group-7d7ba58a79a633a7","test","pri","sparse-jittered","65","0.03","0.25","0.2870407267473638","1.0176062097772955","14.723717166209825","2.9181505236299863","signals/test/signal-001116.csv","1a36996a0db09f93361778a6c71731631aaac1d40e50252e1e4eee8bff1ccd2d","82f85d64b774492b8f9d65fcc7223efebbd0fe9a88b9cf28a43bddb68a493281"
"signal-001117","src-e49c8235b5a4f5d2","group-7c50abdeae6df770","train","frequency","clean","257","0","0","0.5580225170124322","1.1802000276744367","17.573471147015773","2.7035204242552986","signals/train/signal-001117.csv","da86e549241def4182bce5ddd105635be2d2df3fa093066e1dad159f37c77426","eb0cad13c6f145da948b518a74194021f33927cae592c8806557aa9d0de4a166"
"signal-001118","src-e49c8235b5a4f5d2","group-7c50abdeae6df770","train","frequency","noisy","129","0.01","0","0.2927953398320824","1.9524584889411927","12.233753175266443","2.8661418809381924","signals/train/signal-001118.csv","e71a53ddf96c5499adad2e1b5fca5c275acca37b21ccecc2f9e142999d4797f8","eb0cad13c6f145da948b518a74194021f33927cae592c8806557aa9d0de4a166"
"signal-001119","src-e49c8235b5a4f5d2","group-7c50abdeae6df770","train","frequency","sparse-jittered","65","0.03","0.25","0.9000526096206158","1.5531429912894965","11.252124879415558","2.3785882838582655","signals/train/signal-001119.csv","f21d7ebf29eee1f22dbeaee1c8fc798dc7b9edc29851f609ab2f9c0b18dd577b","eb0cad13c6f145da948b518a74194021f33927cae592c8806557aa9d0de4a166"
"signal-001120","src-e49c8235b5a4f5d2","group-7c50abdeae6df770","train","pri","clean","257","0","0","0.04134865175001323","1.6949483554810287","15.32488230123641","0.9908304156736509","signals/train/signal-001120.csv","23abd1fe964bfcad48c40baf2f41dcd6d21d07a4eaa4dc9275b87493a00f9eb3","eb0cad13c6f145da948b518a74194021f33927cae592c8806557aa9d0de4a166"
"signal-001121","src-e49c8235b5a4f5d2","group-7c50abdeae6df770","train","pri","noisy","129","0.01","0","0.0850618404801935","2.2088556218892337","19.869606564682428","2.338001018582233","signals/train/signal-001121.csv","f7a190abc3c9d5cb8afae2fc2c86a44924855919498e4858aab0d37e788c69cf","eb0cad13c6f145da948b518a74194021f33927cae592c8806557aa9d0de4a166"
"signal-001122","src-e49c8235b5a4f5d2","group-7c50abdeae6df770","train","pri","sparse-jittered","65","0.03","0.25","0.1979123568162322","2.125121102668345","17.363962294632465","0.874353510830904","signals/train/signal-001122.csv","aad0821c74dc96b1500c4c64675ef6dcbb8adc655bc45866d9a8ac3fd523791b","eb0cad13c6f145da948b518a74194021f33927cae592c8806557aa9d0de4a166"
"signal-001123","src-8b1d2a99417ea6ad","group-374c6b19e6fc196d","train","frequency","clean","257","0","0","0.08986217877827585","1.9840551871806382","11.779231378948532","1.6986308932747178","signals/train/signal-001123.csv","8fc71c0570821be05be69c158328eda14a825e4490e4a02d95f7432fb764b428","eda63a79ec410ea08fa706ff0bc580dffe5401bf1b142a840e01b2c02cc6e55c"
"signal-001124","src-8b1d2a99417ea6ad","group-374c6b19e6fc196d","train","frequency","noisy","129","0.01","0","0.0007701839786022902","1.8938105013221502","17.856717297580012","2.9036632357662313","signals/train/signal-001124.csv","e5174af20a30c5322124f244048fb4efa4191f70d162b9e8dab4a113fdcccf6a","eda63a79ec410ea08fa706ff0bc580dffe5401bf1b142a840e01b2c02cc6e55c"
"signal-001125","src-8b1d2a99417ea6ad","group-374c6b19e6fc196d","train","frequency","sparse-jittered","65","0.03","0.25","0.9576163033489138","1.3890817686915398","11.2500350450097","1.8792209343578552","signals/train/signal-001125.csv","fe51373ed6e0e03826e24ab824912d5fa81513e7c690737abe205651b2977ccf","eda63a79ec410ea08fa706ff0bc580dffe5401bf1b142a840e01b2c02cc6e55c"
"signal-001126","src-8b1d2a99417ea6ad","group-374c6b19e6fc196d","train","pri","clean","257","0","0","0.7368589183315635","1.3202608982101083","12.658998960927061","2.7194737826234228","signals/train/signal-001126.csv","381fcbb48469285310bb5215be78a00d5c3d20c4bb2dc35c3158293408e11986","eda63a79ec410ea08fa706ff0bc580dffe5401bf1b142a840e01b2c02cc6e55c"
"signal-001127","src-8b1d2a99417ea6ad","group-374c6b19e6fc196d","train","pri","noisy","129","0.01","0","0.39216981921344995","2.4814254308119414","13.445392545699587","2.432676579826465","signals/train/signal-001127.csv","3e12703c612d0d1e4233d87272b7dd90b2fb06bb19347d507e5554387c58ecfa","eda63a79ec410ea08fa706ff0bc580dffe5401bf1b142a840e01b2c02cc6e55c"
"signal-001128","src-8b1d2a99417ea6ad","group-374c6b19e6fc196d","train","pri","sparse-jittered","65","0.03","0.25","0.2793545376043767","2.4923637356609105","16.335016000528594","1.0939497962874825","signals/train/signal-001128.csv","1be3e678a4862f2eb6b614dda8bec7aa481be306605326533314ed91981d43c2","eda63a79ec410ea08fa706ff0bc580dffe5401bf1b142a840e01b2c02cc6e55c"
"signal-001129","src-f7cf47c36864f306","group-76fdf59f096c35c2","calibration","frequency","clean","257","0","0","0.08957930793985724","3.1564552715048197","16.988306554886965","0.730887728644106","signals/calibration/signal-001129.csv","18bf28182888f2331198ac8a3f5d5635e8546e0332d4514066f146d1e76fb679","064fb246a2228e43b79665bbc1953ced3f5eff1dfe607190f77bb10f520226d3"
"signal-001130","src-f7cf47c36864f306","group-76fdf59f096c35c2","calibration","frequency","noisy","129","0.01","0","0.8045526780188084","1.774371117539704","13.559568989268154","1.3438271209334172","signals/calibration/signal-001130.csv","6b1f1070efafa0176751f840e0c88f38ef1e57ac83c12aa202e0af0da8c54a56","064fb246a2228e43b79665bbc1953ced3f5eff1dfe607190f77bb10f520226d3"
"signal-001131","src-f7cf47c36864f306","group-76fdf59f096c35c2","calibration","frequency","sparse-jittered","65","0.03","0.25","0.9780469911638647","1.9613856092095374","16.435361156531997","1.7295344614241266","signals/calibration/signal-001131.csv","4f286e2e66b27221944dc03dade6a23cdbdd439670c365045b90e51d0a87a523","064fb246a2228e43b79665bbc1953ced3f5eff1dfe607190f77bb10f520226d3"
"signal-001132","src-f7cf47c36864f306","group-76fdf59f096c35c2","calibration","pri","clean","257","0","0","0.3191944744903594","1.044327039271593","17.631189595336814","2.6930974877243763","signals/calibration/signal-001132.csv","4d96b427b1e090bd1ea973ee48abfb489c32961d4241132ffbf7f3607cc7938a","064fb246a2228e43b79665bbc1953ced3f5eff1dfe607190f77bb10f520226d3"
"signal-001133","src-f7cf47c36864f306","group-76fdf59f096c35c2","calibration","pri","noisy","129","0.01","0","0.3853772485163063","1.560605126991868","15.087962724738276","2.6426560615543764","signals/calibration/signal-001133.csv","2d782120fd4f2c9a08facfe02a14cc6f1d2fb227ab4a1a25749e78488de90707","064fb246a2228e43b79665bbc1953ced3f5eff1dfe607190f77bb10f520226d3"
"signal-001134","src-f7cf47c36864f306","group-76fdf59f096c35c2","calibration","pri","sparse-jittered","65","0.03","0.25","0.732834393857047","1.6001038756221533","19.48821616957308","2.467201530121134","signals/calibration/signal-001134.csv","26ab53781e61d53ae7b652edca06798bc5676fc68b9090ccd50a8a5956f53bb8","064fb246a2228e43b79665bbc1953ced3f5eff1dfe607190f77bb10f520226d3"
"signal-001135","src-0f8cefa372e1c8f7","group-b7ea77afbea44dcd","calibration","frequency","clean","257","0","0","0.5208401302807033","2.603775173984468","12.657483089713327","2.8867926571796083","signals/calibration/signal-001135.csv","f8ccf5fcb3432adc7777a6b9d48b5608aa50bbd7f0ff53c87a379a4060f652bf","02802ea701aa0804f9044abedb1b57a63800721b8e77e5d872d1c6af77c4f295"
"signal-001136","src-0f8cefa372e1c8f7","group-b7ea77afbea44dcd","calibration","frequency","noisy","129","0.01","0","0.25030582305043936","1.5787856677547096","16.58227503086241","1.0318942452819826","signals/calibration/signal-001136.csv","ab6c105c5e1b7c16655c2f6de003fe57be5e33df05d410b2bcc12d43d242a828","02802ea701aa0804f9044abedb1b57a63800721b8e77e5d872d1c6af77c4f295"
"signal-001137","src-0f8cefa372e1c8f7","group-b7ea77afbea44dcd","calibration","frequency","sparse-jittered","65","0.03","0.25","0.5841166530735791","2.7976471481844785","15.780932527437287","1.974070202601716","signals/calibration/signal-001137.csv","84ffb5d63dfe6c4f790fe303635ca9ee7283649fd4ea2297b7b74654fb1fee14","02802ea701aa0804f9044abedb1b57a63800721b8e77e5d872d1c6af77c4f295"
"signal-001138","src-0f8cefa372e1c8f7","group-b7ea77afbea44dcd","calibration","pri","clean","257","0","0","0.3602564218454063","2.4456588363274934","13.503754286146975","2.296166943743618","signals/calibration/signal-001138.csv","8e2484209377d3c6e40cdff9415830d28f25a7b2f899fd20b2e6cbc14e8c02ca","02802ea701aa0804f9044abedb1b57a63800721b8e77e5d872d1c6af77c4f295"
"signal-001139","src-0f8cefa372e1c8f7","group-b7ea77afbea44dcd","calibration","pri","noisy","129","0.01","0","0.8616477665491402","2.0072812167927623","16.382970724994316","0.8372434419962058","signals/calibration/signal-001139.csv","0b1b5ef4e80c373f1407ac22d55e2a563bc780fd45c6661b1e053d95468e8fb9","02802ea701aa0804f9044abedb1b57a63800721b8e77e5d872d1c6af77c4f295"
"signal-001140","src-0f8cefa372e1c8f7","group-b7ea77afbea44dcd","calibration","pri","sparse-jittered","65","0.03","0.25","0.3828652389347553","2.836353045888245","11.344699416873901","1.5872863459868594","signals/calibration/signal-001140.csv","ff2931528e38ca9fcc4668f4ba57b0171519aaf02a17b86a23cc9da5d1c23a72","02802ea701aa0804f9044abedb1b57a63800721b8e77e5d872d1c6af77c4f295"
"signal-001141","src-5f5c804a22f60b50","group-7f5dbd09c4cd6d9a","calibration","frequency","clean","257","0","0","0.37919295602478087","0.8951210513710977","16.393802945044108","2.7985193317443695","signals/calibration/signal-001141.csv","329ea037a81896c31b13bb6f0f93d20d9f97e4a970ddb44a81b90a197be69e6b","33306c1ac6498dc843b59e69a1bf81874933c718b4b8842205831357346f5b54"
"signal-001142","src-5f5c804a22f60b50","group-7f5dbd09c4cd6d9a","calibration","frequency","noisy","129","0.01","0","0.9500299661885947","2.411549909040332","10.297608844345019","1.61236891731755","signals/calibration/signal-001142.csv","f6023df682db762aeaaed69fe314d8aedb5c0f915b4051849e4a9cdcda8f5882","33306c1ac6498dc843b59e69a1bf81874933c718b4b8842205831357346f5b54"
"signal-001143","src-5f5c804a22f60b50","group-7f5dbd09c4cd6d9a","calibration","frequency","sparse-jittered","65","0.03","0.25","0.425948133924976","2.4597333699464796","17.606347080226335","3.1258149911581974","signals/calibration/signal-001143.csv","cadcb29b601e67ff0bdd0c7fd6bc8ba3fc77c47ec0c6b63670743652ac502802","33306c1ac6498dc843b59e69a1bf81874933c718b4b8842205831357346f5b54"
"signal-001144","src-5f5c804a22f60b50","group-7f5dbd09c4cd6d9a","calibration","pri","clean","257","0","0","0.6540800109505653","2.402159276790917","11.402260928469767","1.3603783471445752","signals/calibration/signal-001144.csv","969e216123d8eb52110664bbc7b1109a019d48748e3ab22200f96596d2fe513d","33306c1ac6498dc843b59e69a1bf81874933c718b4b8842205831357346f5b54"
"signal-001145","src-5f5c804a22f60b50","group-7f5dbd09c4cd6d9a","calibration","pri","noisy","129","0.01","0","0.5961321664508432","1.5026699353009463","14.318177631754066","1.57516484110106","signals/calibration/signal-001145.csv","f2b05faee5d815d794d44353b75f6f776a61ae3bca63577e7cac8503bbf01648","33306c1ac6498dc843b59e69a1bf81874933c718b4b8842205831357346f5b54"
"signal-001146","src-5f5c804a22f60b50","group-7f5dbd09c4cd6d9a","calibration","pri","sparse-jittered","65","0.03","0.25","0.7324204912874848","2.6157680094242095","19.13112922200675","2.01757244172466","signals/calibration/signal-001146.csv","c0f6ec9c6f8bdb3951e9b31f915112700c3743b45358177bec7b79de8d3fb46b","33306c1ac6498dc843b59e69a1bf81874933c718b4b8842205831357346f5b54"
"signal-001147","src-e42bc858b33febca","group-0cc4b5b7bbfd4333","calibration","frequency","clean","257","0","0","0.5439414663705975","2.9854396313428877","14.45386342820516","2.5649963747130204","signals/calibration/signal-001147.csv","528459c2b594a0c5fae88cb8397efdf47676364aa7e922d114d8dd02baef83c0","0113e2be82bcd48a4f9add66b255dd51d674d2924ae0dabd5aafcdcf8713284a"
"signal-001148","src-e42bc858b33febca","group-0cc4b5b7bbfd4333","calibration","frequency","noisy","129","0.01","0","0.46116552222520113","2.866560398973524","15.060914312163526","1.540094939068256","signals/calibration/signal-001148.csv","8724d7ee051a5f001991ba8a6f18dfd6bcb6079bdd0bb1d033c8351576a338b5","0113e2be82bcd48a4f9add66b255dd51d674d2924ae0dabd5aafcdcf8713284a"
"signal-001149","src-e42bc858b33febca","group-0cc4b5b7bbfd4333","calibration","frequency","sparse-jittered","65","0.03","0.25","0.5189333958551288","1.2261164614930748","11.953346346932872","0.7835862973663463","signals/calibration/signal-001149.csv","92bf70bfeb71f934f91f732b30931a6ce8d018f174ed9ee4aab0d531d28faaa9","0113e2be82bcd48a4f9add66b255dd51d674d2924ae0dabd5aafcdcf8713284a"
"signal-001150","src-e42bc858b33febca","group-0cc4b5b7bbfd4333","calibration","pri","clean","257","0","0","0.15044091851450503","1.9671384871006012","15.65334300454126","2.2165347952531125","signals/calibration/signal-001150.csv","b85a4b05ca57e5ec424f6f6a06489a970b6b5a6a4b426b0ad2464ccce1ad29a1","0113e2be82bcd48a4f9add66b255dd51d674d2924ae0dabd5aafcdcf8713284a"
"signal-001151","src-e42bc858b33febca","group-0cc4b5b7bbfd4333","calibration","pri","noisy","129","0.01","0","0.7384639019146562","1.9094691956415772","19.086221252129917","1.416916349074807","signals/calibration/signal-001151.csv","57fac31c7f36c3e449ec78c4e19ad9d587a57ed10319bf5f6f8ed5a225ad5ae8","0113e2be82bcd48a4f9add66b255dd51d674d2924ae0dabd5aafcdcf8713284a"
"signal-001152","src-e42bc858b33febca","group-0cc4b5b7bbfd4333","calibration","pri","sparse-jittered","65","0.03","0.25","0.3071395941078663","2.2029232086613773","15.530012699174016","1.18289248869943","signals/calibration/signal-001152.csv","d3863a0271aa9f386b3c53a689f68b2c9bd1a7be4946f042bc354822c19c9535","0113e2be82bcd48a4f9add66b255dd51d674d2924ae0dabd5aafcdcf8713284a"
"signal-001153","src-983a735b52d4face","group-0f2c25a1bbbb281f","validation","frequency","clean","257","0","0","0.4907092999201268","1.122747203335166","12.313310841564089","2.098604657090135","signals/validation/signal-001153.csv","545e5acf8168664ab19c28189da69581507ce16ecdac9f2182c2af877be30adb","1d0bce5b2afdb4f5c62e793d4e89d68ec81fe4b984d907177857e3d31adf6e84"
"signal-001154","src-983a735b52d4face","group-0f2c25a1bbbb281f","validation","frequency","noisy","129","0.01","0","0.3690977992955595","2.943863232433796","10.467952439307854","1.194030086037948","signals/validation/signal-001154.csv","ffe3a1c8e88dc9a58a69eaeaade767e1a76ae0af7efa2bb0ffaac8108de1c81c","1d0bce5b2afdb4f5c62e793d4e89d68ec81fe4b984d907177857e3d31adf6e84"
"signal-001155","src-983a735b52d4face","group-0f2c25a1bbbb281f","validation","frequency","sparse-jittered","65","0.03","0.25","0.2841356184799224","1.6310830779373646","16.361102723513213","2.679550016919446","signals/validation/signal-001155.csv","4dde6e02cb716504b09f5259a2e40e68cc78afe182ceafa1ac49db393fb5842c","1d0bce5b2afdb4f5c62e793d4e89d68ec81fe4b984d907177857e3d31adf6e84"
"signal-001156","src-983a735b52d4face","group-0f2c25a1bbbb281f","validation","pri","clean","257","0","0","0.3987374275457114","1.9745512556284666","17.063908784184605","1.8756158060073744","signals/validation/signal-001156.csv","136019d9d03571315bc58c02d81de8d137a6017273e9294c819ff4ccaee38c4a","1d0bce5b2afdb4f5c62e793d4e89d68ec81fe4b984d907177857e3d31adf6e84"
"signal-001157","src-983a735b52d4face","group-0f2c25a1bbbb281f","validation","pri","noisy","129","0.01","0","0.6368249931838363","0.8836351159960032","15.44355242991995","2.373983219281051","signals/validation/signal-001157.csv","b1f72ce198a8cb87f0e02fa4507cd666b1b85be16a16f63cb6b39094af6417ed","1d0bce5b2afdb4f5c62e793d4e89d68ec81fe4b984d907177857e3d31adf6e84"
"signal-001158","src-983a735b52d4face","group-0f2c25a1bbbb281f","validation","pri","sparse-jittered","65","0.03","0.25","0.0025579389184713364","1.5920293854549528","18.655463962531865","2.550207578333641","signals/validation/signal-001158.csv","5c01bf114e56fa7b3fad8c3e7a9e72c3ae787dddba8f0335e22713b17ab6bce3","1d0bce5b2afdb4f5c62e793d4e89d68ec81fe4b984d907177857e3d31adf6e84"
"signal-001159","src-24fa1c1cdba6fbf9","group-dd686a39e92e46fd","train","frequency","clean","257","0","0","0.8218155889771879","2.488529615662992","14.687806083922773","0.8208836413763052","signals/train/signal-001159.csv","f62b189d37bb848989c38bc5bc2e6a124b8abeb121139d14883609ea170ecc94","c712de9182215b1703ca4b1da09fb851cedbdf14a6b1bc7125fe3fea9b237007"
"signal-001160","src-24fa1c1cdba6fbf9","group-dd686a39e92e46fd","train","frequency","noisy","129","0.01","0","0.7892009972129017","2.9544255167245863","15.421392593263665","2.348781972113933","signals/train/signal-001160.csv","8803d91112abd239711b4326b6717d758329b85e194576d0ce21cc2b0954d966","c712de9182215b1703ca4b1da09fb851cedbdf14a6b1bc7125fe3fea9b237007"
"signal-001161","src-24fa1c1cdba6fbf9","group-dd686a39e92e46fd","train","frequency","sparse-jittered","65","0.03","0.25","0.4922795563470572","0.897936661168933","14.12938165193276","2.3726416944936997","signals/train/signal-001161.csv","6159f92cefa536b0b6867af927a0047eb9d6c669a5e60adfcfa6dd6531f937bc","c712de9182215b1703ca4b1da09fb851cedbdf14a6b1bc7125fe3fea9b237007"
"signal-001162","src-24fa1c1cdba6fbf9","group-dd686a39e92e46fd","train","pri","clean","257","0","0","0.5381559543311596","2.0034432293847204","17.949849440142795","1.2022870918569453","signals/train/signal-001162.csv","7ed0a2b2650dda5116f7333072844ef9b01fcf846cd457427bbce2ce96e1273c","c712de9182215b1703ca4b1da09fb851cedbdf14a6b1bc7125fe3fea9b237007"
"signal-001163","src-24fa1c1cdba6fbf9","group-dd686a39e92e46fd","train","pri","noisy","129","0.01","0","0.9144658658187836","1.593058991059661","19.51575713519682","0.9661288154022749","signals/train/signal-001163.csv","266dfff9d6d51d315a043e38e5db0e039c9a086a769c17efdaabb2e1c5b78db2","c712de9182215b1703ca4b1da09fb851cedbdf14a6b1bc7125fe3fea9b237007"
"signal-001164","src-24fa1c1cdba6fbf9","group-dd686a39e92e46fd","train","pri","sparse-jittered","65","0.03","0.25","0.5146734905429184","1.688133409433067","10.127558492990339","1.3230049618279534","signals/train/signal-001164.csv","d8880f5fbab9528fbfa8088edd7aad1d1e23d06ed053059cf3811934a4a04380","c712de9182215b1703ca4b1da09fb851cedbdf14a6b1bc7125fe3fea9b237007"
"signal-001165","src-92e5f9e0b1367ed7","group-f214febc19669b4e","train","frequency","clean","257","0","0","0.8063511028885841","1.691271892376244","17.138404987207533","0.7539243803023439","signals/train/signal-001165.csv","c244d2a4882812457b3a3d2de602c8f6be77d9335ee35e48eb8495683f8086c2","22f4b6da6c3d96877630ef3870e6ba6c1a0777bc110504411466caa8c13ad142"
"signal-001166","src-92e5f9e0b1367ed7","group-f214febc19669b4e","train","frequency","noisy","129","0.01","0","0.7342068310827017","2.729978589899838","19.08149002637286","0.9099734104040387","signals/train/signal-001166.csv","22b2b5de0c8091c177e85a07123b1c51628d3f3d05046eca6bd7e1e0baa869dd","22f4b6da6c3d96877630ef3870e6ba6c1a0777bc110504411466caa8c13ad142"
"signal-001167","src-92e5f9e0b1367ed7","group-f214febc19669b4e","train","frequency","sparse-jittered","65","0.03","0.25","0.1283923105802387","3.137928197160363","12.095713420874912","1.0260475829054219","signals/train/signal-001167.csv","6d5545ecd759e6ec774bc2a84116310d4db7d2aaa4589de2f4c61b978d709dd2","22f4b6da6c3d96877630ef3870e6ba6c1a0777bc110504411466caa8c13ad142"
"signal-001168","src-92e5f9e0b1367ed7","group-f214febc19669b4e","train","pri","clean","257","0","0","0.6040533299092203","1.9695820555090904","13.073076615833498","1.6642422137185662","signals/train/signal-001168.csv","775045e092ba00bf8c361f31ee6cf6eeb9cfddfbde5da2836ab796a5b7879150","22f4b6da6c3d96877630ef3870e6ba6c1a0777bc110504411466caa8c13ad142"
"signal-001169","src-92e5f9e0b1367ed7","group-f214febc19669b4e","train","pri","noisy","129","0.01","0","0.47853774088434875","1.3731391575187444","10.926855944595907","1.8884670624189628","signals/train/signal-001169.csv","32d1ba219754c1278be16f5d64c829c40ec13098b16a23bb2ee1960b7f240bae","22f4b6da6c3d96877630ef3870e6ba6c1a0777bc110504411466caa8c13ad142"
"signal-001170","src-92e5f9e0b1367ed7","group-f214febc19669b4e","train","pri","sparse-jittered","65","0.03","0.25","0.6948971815872937","0.8716382108628751","10.673818838950318","2.058464599644717","signals/train/signal-001170.csv","8e6996236172bea15192e0bfaa575986c6d0aad961c2d3e135ed80c854619a67","22f4b6da6c3d96877630ef3870e6ba6c1a0777bc110504411466caa8c13ad142"
"signal-001171","src-0defeab72fc70592","group-d10127c1f011444d","calibration","frequency","clean","257","0","0","0.8025790066458285","1.847828687541187","10.052911099732883","1.2409343651794842","signals/calibration/signal-001171.csv","5ad2bf11fa771cf3187d6e32486e315468f992c9d495e882451e727eb824030f","c04823974940f0c9330ab0bc93c63ab31a795c2eaf7ae780cbd83aba05c8d989"
"signal-001172","src-0defeab72fc70592","group-d10127c1f011444d","calibration","frequency","noisy","129","0.01","0","0.11874863551929593","1.5038335261866451","14.45944495041403","1.3196926153223743","signals/calibration/signal-001172.csv","254d9cb162423493ec953faa81aacd544b3cd5a86e71eda230889e075cd46d1c","c04823974940f0c9330ab0bc93c63ab31a795c2eaf7ae780cbd83aba05c8d989"
"signal-001173","src-0defeab72fc70592","group-d10127c1f011444d","calibration","frequency","sparse-jittered","65","0.03","0.25","0.9408060647547245","2.9528331222012643","11.32404454275036","0.9487775569872472","signals/calibration/signal-001173.csv","94f5606065564bfcb4574c93bbe8c55df26adf65b2ac761ea41b49d0020590a9","c04823974940f0c9330ab0bc93c63ab31a795c2eaf7ae780cbd83aba05c8d989"
"signal-001174","src-0defeab72fc70592","group-d10127c1f011444d","calibration","pri","clean","257","0","0","0.6651304464321584","2.9648374643176796","17.695239405155768","1.6734104731101773","signals/calibration/signal-001174.csv","36bdb144d613d8cf63a42a1d58be289ed5c5568b42ad6b6025106162c3613ee4","c04823974940f0c9330ab0bc93c63ab31a795c2eaf7ae780cbd83aba05c8d989"
"signal-001175","src-0defeab72fc70592","group-d10127c1f011444d","calibration","pri","noisy","129","0.01","0","0.6444294336251915","2.7871619796380402","15.654105441589007","1.9358658876386272","signals/calibration/signal-001175.csv","41c255d56f36de80a43594835f1d1065800fc3e6ef7fafd545d2dac0c2a0a800","c04823974940f0c9330ab0bc93c63ab31a795c2eaf7ae780cbd83aba05c8d989"
"signal-001176","src-0defeab72fc70592","group-d10127c1f011444d","calibration","pri","sparse-jittered","65","0.03","0.25","0.5386351556517184","1.126218189112842","15.386160706135074","1.9866663407348888","signals/calibration/signal-001176.csv","6b279ec43b14fa2d7f1b6241db23d97ca093e048411175f2237c1d0edbe2f5bf","c04823974940f0c9330ab0bc93c63ab31a795c2eaf7ae780cbd83aba05c8d989"
"signal-001177","src-a20fc52710179b79","group-0e4052bffbf8b6bf","train","frequency","clean","257","0","0","0.8397951966617256","2.2711540937423704","12.22581745149214","2.7842024747417895","signals/train/signal-001177.csv","ba74f9680c557668f6b2dbb055e7744d19de5f67a1f14c4b070ddc0bed69d0f8","fc1846a68cb6e703de2bda0eafdff218aae4b8e9ee7753b3f06ad8f48154d14f"
"signal-001178","src-a20fc52710179b79","group-0e4052bffbf8b6bf","train","frequency","noisy","129","0.01","0","0.5797205520793796","1.8382818529382348","17.77607790668639","1.3130516254534008","signals/train/signal-001178.csv","7d8292ae0091d776a107400bf39bdb984a46ebae12412ab7e1200770b275caba","fc1846a68cb6e703de2bda0eafdff218aae4b8e9ee7753b3f06ad8f48154d14f"
"signal-001179","src-a20fc52710179b79","group-0e4052bffbf8b6bf","train","frequency","sparse-jittered","65","0.03","0.25","0.47119712084531784","2.323677590675652","10.034504979974695","1.2914181960597535","signals/train/signal-001179.csv","9e29e94673ce582426b9fc0314b5800ca3c691059ff03314c5e22c8d32f1d3e7","fc1846a68cb6e703de2bda0eafdff218aae4b8e9ee7753b3f06ad8f48154d14f"
"signal-001180","src-a20fc52710179b79","group-0e4052bffbf8b6bf","train","pri","clean","257","0","0","0.5333426515571773","3.0240399187430738","17.54906519619211","2.7286043810208973","signals/train/signal-001180.csv","27d0bb14a40887d999a801702ff5953ababd78e93b6a00b5d47943aa1308e69d","fc1846a68cb6e703de2bda0eafdff218aae4b8e9ee7753b3f06ad8f48154d14f"
"signal-001181","src-a20fc52710179b79","group-0e4052bffbf8b6bf","train","pri","noisy","129","0.01","0","0.5066375411115587","1.6784668108448386","17.229522323585954","0.9151028158023031","signals/train/signal-001181.csv","05ea2bc622c9e2192e3751c7e70d613df681be7dc68177979610e73a56b8805f","fc1846a68cb6e703de2bda0eafdff218aae4b8e9ee7753b3f06ad8f48154d14f"
"signal-001182","src-a20fc52710179b79","group-0e4052bffbf8b6bf","train","pri","sparse-jittered","65","0.03","0.25","0.9034127104096115","1.2115612899884582","14.246689639969096","1.3020591603806757","signals/train/signal-001182.csv","99b2cc47317f7a5401a8c63f17dd029d2d51437466a253b4c8a2a5d1c8e68b82","fc1846a68cb6e703de2bda0eafdff218aae4b8e9ee7753b3f06ad8f48154d14f"
"signal-001183","src-9f5148543b2a2bc2","group-d429613e7d0eec6f","test","frequency","clean","257","0","0","0.2011107550933957","2.1277883404865863","16.05838155111823","2.975427811895507","signals/test/signal-001183.csv","9435a0071ac47672be0af0cd2fb5f1f519796c45556521f01c1a5c4909446e92","11288d1fa465b498c975fe410768d9c4460150f89ab0446ac010e48f6a40f686"
"signal-001184","src-9f5148543b2a2bc2","group-d429613e7d0eec6f","test","frequency","noisy","129","0.01","0","0.8566710578743368","1.3765025034546854","17.486051062828807","1.1939928928564356","signals/test/signal-001184.csv","75db0dbff30a6059335ff6b86be7521c69a46a32822c4cbc9c9ae8bc7224d75a","11288d1fa465b498c975fe410768d9c4460150f89ab0446ac010e48f6a40f686"
"signal-001185","src-9f5148543b2a2bc2","group-d429613e7d0eec6f","test","frequency","sparse-jittered","65","0.03","0.25","0.5203496848698705","0.9671283800154925","14.711858742896382","2.4459299650073483","signals/test/signal-001185.csv","979840727ae6590a74d71ad95eacd04b57517e2af4162e17a3e43317bed6b77c","11288d1fa465b498c975fe410768d9c4460150f89ab0446ac010e48f6a40f686"
"signal-001186","src-9f5148543b2a2bc2","group-d429613e7d0eec6f","test","pri","clean","257","0","0","0.5586823294870555","2.0544947808608414","17.048648021616216","1.4403680931623342","signals/test/signal-001186.csv","f4e6c2622e9cde41768212a08ee5fa1a38e06ca008944ded7d0b83cb32e04d3a","11288d1fa465b498c975fe410768d9c4460150f89ab0446ac010e48f6a40f686"
"signal-001187","src-9f5148543b2a2bc2","group-d429613e7d0eec6f","test","pri","noisy","129","0.01","0","0.9911702945828438","1.9544564636424184","19.210135796862893","2.1755939321195576","signals/test/signal-001187.csv","1b12570ef9fd55cf1ae73aa487d01b27f1fb42c9a5bb56318dd2923fa0794155","11288d1fa465b498c975fe410768d9c4460150f89ab0446ac010e48f6a40f686"
"signal-001188","src-9f5148543b2a2bc2","group-d429613e7d0eec6f","test","pri","sparse-jittered","65","0.03","0.25","0.6189315929077566","2.923410522006452","10.282584682042007","2.638707484906373","signals/test/signal-001188.csv","7b3780e49d2fe0296a725303691953ac5693c2dcde674f69858d2555dabf1bab","11288d1fa465b498c975fe410768d9c4460150f89ab0446ac010e48f6a40f686"
"signal-001189","src-420ac30e7164c1af","group-48911845e694f843","train","frequency","clean","257","0","0","0.17067509167827666","2.1961345806717874","12.831058494496547","1.2760660412667733","signals/train/signal-001189.csv","26859a87926eea9ae15412bdb359a4076e930e93bae9c7c6d4b23ddbf344fed1","adf0789ac8e57899d3e0dfa42afdf5e1d129641f4756612fd884311bc3cecb16"
"signal-001190","src-420ac30e7164c1af","group-48911845e694f843","train","frequency","noisy","129","0.01","0","0.2470697369426489","1.62372354734689","14.190519872726664","2.2695712072851055","signals/train/signal-001190.csv","894bbc049384b512dcebef7b346c668d873321ba69ffa435dbfc69a1811aed8f","adf0789ac8e57899d3e0dfa42afdf5e1d129641f4756612fd884311bc3cecb16"
"signal-001191","src-420ac30e7164c1af","group-48911845e694f843","train","frequency","sparse-jittered","65","0.03","0.25","0.2872230482753366","2.748876743391156","17.67897523299687","2.583927438805688","signals/train/signal-001191.csv","9bf64f7e2940f469207fb303dc34ebc8f5d58ad12c6496623f3b9e1c96f23dff","adf0789ac8e57899d3e0dfa42afdf5e1d129641f4756612fd884311bc3cecb16"
"signal-001192","src-420ac30e7164c1af","group-48911845e694f843","train","pri","clean","257","0","0","0.1322576287202537","3.1963047122582795","13.615557746599425","1.9584037283798121","signals/train/signal-001192.csv","054b2e4fc9c8a8d52f39eb17be930bd42475e15f30764af31532c015fb78f54d","adf0789ac8e57899d3e0dfa42afdf5e1d129641f4756612fd884311bc3cecb16"
"signal-001193","src-420ac30e7164c1af","group-48911845e694f843","train","pri","noisy","129","0.01","0","0.22296233102679253","1.9227289797738194","12.598324000670072","2.7602547866679217","signals/train/signal-001193.csv","4571174c2d0d8da6bb4dcb2d71435322606859ee848e29a132c4ac218dfea814","adf0789ac8e57899d3e0dfa42afdf5e1d129641f4756612fd884311bc3cecb16"
"signal-001194","src-420ac30e7164c1af","group-48911845e694f843","train","pri","sparse-jittered","65","0.03","0.25","0.21756865619681776","0.8697760883718729","15.862433561008698","1.908943702755085","signals/train/signal-001194.csv","02f9e8c266bb65df3645a6202d51cf5ef25a87e93d10f996ee3e58dbe753e87e","adf0789ac8e57899d3e0dfa42afdf5e1d129641f4756612fd884311bc3cecb16"
"signal-001195","src-91b0534c9426a8bc","group-33ab32d2c043cbbc","test","frequency","clean","257","0","0","0.5705667133443058","2.4250120406970384","17.223392353099825","1.068248065075661","signals/test/signal-001195.csv","9553ad045fa370aa8d1dc27ed25182dc9e62253e75964fc39ea06ff3d9adfa3d","8a96be14b0b13ad913e6ef2958b5dbb84bad5cf46fa224d4aa00ce249db267e7"
"signal-001196","src-91b0534c9426a8bc","group-33ab32d2c043cbbc","test","frequency","noisy","129","0.01","0","0.27914328081533313","1.1846838658675551","15.366769040662552","2.2871624607881635","signals/test/signal-001196.csv","e7f0d271f9e6f5a11ee28222b2d682572f71943ce4194141694ab5b4913dd1e0","8a96be14b0b13ad913e6ef2958b5dbb84bad5cf46fa224d4aa00ce249db267e7"
"signal-001197","src-91b0534c9426a8bc","group-33ab32d2c043cbbc","test","frequency","sparse-jittered","65","0.03","0.25","0.3239113132003695","1.51012714356184","13.93681367321143","2.489817422900984","signals/test/signal-001197.csv","6a45eaebea1ef01ca00b821934f0d9b2cb9734639b3177b100a1c9b54f61831a","8a96be14b0b13ad913e6ef2958b5dbb84bad5cf46fa224d4aa00ce249db267e7"
"signal-001198","src-91b0534c9426a8bc","group-33ab32d2c043cbbc","test","pri","clean","257","0","0","0.12889679614454508","3.1342440808191894","10.813331088677057","2.454828716161277","signals/test/signal-001198.csv","c2a5d0d07da6d9458de3e399c676338badaef448a4f6fe6b9cee8edc775e75b6","8a96be14b0b13ad913e6ef2958b5dbb84bad5cf46fa224d4aa00ce249db267e7"
"signal-001199","src-91b0534c9426a8bc","group-33ab32d2c043cbbc","test","pri","noisy","129","0.01","0","0.7889465990010649","0.8212631538510323","13.408110784315571","1.9386244524504868","signals/test/signal-001199.csv","a3b4161d679d56ea251ffc8ec87baa5a00a927b8bc6b0f9f02a8f10989a12c7c","8a96be14b0b13ad913e6ef2958b5dbb84bad5cf46fa224d4aa00ce249db267e7"
"signal-001200","src-91b0534c9426a8bc","group-33ab32d2c043cbbc","test","pri","sparse-jittered","65","0.03","0.25","0.23723832820542157","3.024420695751905","18.424059419251776","2.8083191787689543","signals/test/signal-001200.csv","73e7b17e34ad24c216379d33b3b09b203dfa3d47511f459c9490e732aed1b557","8a96be14b0b13ad913e6ef2958b5dbb84bad5cf46fa224d4aa00ce249db267e7"
"signal-001201","src-62f769225c7b8a03","group-4492b352b6270fba","train","frequency","clean","257","0","0","0.2112035194877535","2.9157547280192375","13.35510298176294","2.5355026404358867","signals/train/signal-001201.csv","4f40ffa9542bdc1a7209007070b4e6b9c5d6b8a5e388b6fc2bcf92a5616ccdd1","088b1e1b44811a64773c5a426c3621aec4ecef5640483015a5b1673341b660ef"
"signal-001202","src-62f769225c7b8a03","group-4492b352b6270fba","train","frequency","noisy","129","0.01","0","0.5246552538592368","1.7986363656818867","15.680421888154047","2.0873919148762443","signals/train/signal-001202.csv","235a9cbdc4c6050edfd7bdfb2fd13dfc35052aa1848ca44367b7d3f2e7027e3a","088b1e1b44811a64773c5a426c3621aec4ecef5640483015a5b1673341b660ef"
"signal-001203","src-62f769225c7b8a03","group-4492b352b6270fba","train","frequency","sparse-jittered","65","0.03","0.25","0.27335137384943664","1.8021655704826116","12.601090753152475","2.3673111943666285","signals/train/signal-001203.csv","0fada46f9ef90a95b6f96de64e8275e4091f0c6275e904a6a53d7dbaa6dc79da","088b1e1b44811a64773c5a426c3621aec4ecef5640483015a5b1673341b660ef"
"signal-001204","src-62f769225c7b8a03","group-4492b352b6270fba","train","pri","clean","257","0","0","0.7868291917257011","2.4088914727792146","12.68869089342358","0.983791163411178","signals/train/signal-001204.csv","1baaa6e7ab78412a2800fef18ba4333ff78cf57372458b438ddad23b49669426","088b1e1b44811a64773c5a426c3621aec4ecef5640483015a5b1673341b660ef"
"signal-001205","src-62f769225c7b8a03","group-4492b352b6270fba","train","pri","noisy","129","0.01","0","0.2734587388113141","2.6762302393093704","16.27389350638923","2.1594109681864673","signals/train/signal-001205.csv","2610c0229a6e8545a9b6c3368e082241191070e6d0f0e8306784eaf8037b8272","088b1e1b44811a64773c5a426c3621aec4ecef5640483015a5b1673341b660ef"
"signal-001206","src-62f769225c7b8a03","group-4492b352b6270fba","train","pri","sparse-jittered","65","0.03","0.25","0.8280638461001217","1.9243107018992305","12.651273891261205","1.0849929906302886","signals/train/signal-001206.csv","5a3e5e2e8b1c0475ca031645c38873966db33d31b3380c8673b83aadb7e11231","088b1e1b44811a64773c5a426c3621aec4ecef5640483015a5b1673341b660ef"
"signal-001207","src-1e28fc653879c993","group-c223562419b5cc8e","validation","frequency","clean","257","0","0","0.18247724557295442","2.038627384416759","18.39003954249023","1.2948550325825678","signals/validation/signal-001207.csv","fd8a8a2eaece698e10fec33114934a472a09d5f024457d6a5437bbf1037c2248","d8bcd85f662dd67ca8cf575147919c43e1df6fb2d9ef35bb49114395e0640395"
"signal-001208","src-1e28fc653879c993","group-c223562419b5cc8e","validation","frequency","noisy","129","0.01","0","0.7386349816806614","1.25491002779454","10.337696668620545","1.1074597155774857","signals/validation/signal-001208.csv","b9a4060b3a355aa3e7ee43d03a14209b96e4a7db0036c6124bb3712afba5a435","d8bcd85f662dd67ca8cf575147919c43e1df6fb2d9ef35bb49114395e0640395"
"signal-001209","src-1e28fc653879c993","group-c223562419b5cc8e","validation","frequency","sparse-jittered","65","0.03","0.25","0.07489216327667236","1.9426834078505635","16.932524942223672","2.934672828482153","signals/validation/signal-001209.csv","dc4db4b37cb37680a43c31deef2e40302eb8ce30f0128c2ec3f571d951c1b4de","d8bcd85f662dd67ca8cf575147919c43e1df6fb2d9ef35bb49114395e0640395"
"signal-001210","src-1e28fc653879c993","group-c223562419b5cc8e","validation","pri","clean","257","0","0","0.9949123975820839","1.1591451970860362","11.35726188619228","2.568302825578481","signals/validation/signal-001210.csv","891c4266154cf36a8f48959e007d8a0a244b4e149e455cd0d861e34022faec24","d8bcd85f662dd67ca8cf575147919c43e1df6fb2d9ef35bb49114395e0640395"
"signal-001211","src-1e28fc653879c993","group-c223562419b5cc8e","validation","pri","noisy","129","0.01","0","0.6644402458332479","1.8158425202593207","19.325659151942865","2.724321176817522","signals/validation/signal-001211.csv","9fdcb335d361d7d55a0e7865edbd25881f874e3312beaa881c87066d4a8e4178","d8bcd85f662dd67ca8cf575147919c43e1df6fb2d9ef35bb49114395e0640395"
"signal-001212","src-1e28fc653879c993","group-c223562419b5cc8e","validation","pri","sparse-jittered","65","0.03","0.25","0.5333117640111595","1.6843022465705872","19.02077978401467","1.1750515737053675","signals/validation/signal-001212.csv","7a3e7dffa860d9ade3ae4c24ecccb8bf7492ed425e7acc6ea350a6afd419e73f","d8bcd85f662dd67ca8cf575147919c43e1df6fb2d9ef35bb49114395e0640395"
"signal-001213","src-a3d5c1a0fc22b506","group-6b4863320df9f00c","validation","frequency","clean","257","0","0","0.9885276653803885","1.7369259340688585","11.694490535002082","1.857744869620296","signals/validation/signal-001213.csv","c65eef331102577659ad9ee38d39891c8c1edc081c6ac301409fe24e570b30ef","008fcbd98f910910a3529a85d53bef67fc2e5a54949b94762a821873fcad34cb"
"signal-001214","src-a3d5c1a0fc22b506","group-6b4863320df9f00c","validation","frequency","noisy","129","0.01","0","0.20919644879177213","1.7576217828318477","18.163046296345502","1.5845618244218684","signals/validation/signal-001214.csv","e9b5e2b02b0fe3a8bf808ae5668a166892cecfc566b10e764161770b330c18ee","008fcbd98f910910a3529a85d53bef67fc2e5a54949b94762a821873fcad34cb"
"signal-001215","src-a3d5c1a0fc22b506","group-6b4863320df9f00c","validation","frequency","sparse-jittered","65","0.03","0.25","0.09631112101487815","2.152212255820632","18.593869896016102","1.4449098162579403","signals/validation/signal-001215.csv","8c2e2ee5229b60ec2ed7f8a03d430ce73f06a0f15d3583b867d886d1a90fa545","008fcbd98f910910a3529a85d53bef67fc2e5a54949b94762a821873fcad34cb"
"signal-001216","src-a3d5c1a0fc22b506","group-6b4863320df9f00c","validation","pri","clean","257","0","0","0.8134912576060742","2.9755348112434152","19.36767231728562","1.5642536829161813","signals/validation/signal-001216.csv","ce955bbf27a29c569ec48d247fb76c4dbd542e42903ae621e05f9563a743824b","008fcbd98f910910a3529a85d53bef67fc2e5a54949b94762a821873fcad34cb"
"signal-001217","src-a3d5c1a0fc22b506","group-6b4863320df9f00c","validation","pri","noisy","129","0.01","0","0.9018303584307432","1.057492040283978","13.752890850193698","1.1441570537391588","signals/validation/signal-001217.csv","383d9183609a54e1787fc52c9f383d3ad755dbcb090662a7a14a6d205bd0f508","008fcbd98f910910a3529a85d53bef67fc2e5a54949b94762a821873fcad34cb"
"signal-001218","src-a3d5c1a0fc22b506","group-6b4863320df9f00c","validation","pri","sparse-jittered","65","0.03","0.25","0.6543263331986964","2.4883798791095613","16.010412481861746","2.300644154402944","signals/validation/signal-001218.csv","9cedf74bfef223c154a73d56c63dab087a26cd422987ca153ab49a3e2601c15e","008fcbd98f910910a3529a85d53bef67fc2e5a54949b94762a821873fcad34cb"
"signal-001219","src-e791dbd905f1e14c","group-f25c798329223ce0","train","frequency","clean","257","0","0","0.07744380575604737","2.4657280959188936","14.27259388146922","1.0889834247995154","signals/train/signal-001219.csv","d9e9ccbb6d554aacba148cf3bbb268a9dba6c4ad0bd4c3841dcc74987bcefa23","d6e035205a5e135e23d4fc50805f800049ae5694c9ebfdf434cc97189741db83"
"signal-001220","src-e791dbd905f1e14c","group-f25c798329223ce0","train","frequency","noisy","129","0.01","0","0.7291955931577832","2.5687623232603074","10.291965476316669","1.08732946293639","signals/train/signal-001220.csv","d38356bd00609ebe7d0a833486e8a96eab32058aeece80127d5892fce97980bf","d6e035205a5e135e23d4fc50805f800049ae5694c9ebfdf434cc97189741db83"
"signal-001221","src-e791dbd905f1e14c","group-f25c798329223ce0","train","frequency","sparse-jittered","65","0.03","0.25","0.9869775034021586","3.0293634336441757","18.9072197255629","2.2959734924313864","signals/train/signal-001221.csv","a1ef68eee94736fddaa0ff78fe73e66a38fd7862a3ed0782980a78110d35056b","d6e035205a5e135e23d4fc50805f800049ae5694c9ebfdf434cc97189741db83"
"signal-001222","src-e791dbd905f1e14c","group-f25c798329223ce0","train","pri","clean","257","0","0","0.9077740295324475","3.147917625308037","13.965954144950956","1.2022749702911817","signals/train/signal-001222.csv","b823104be3b44a8f4524498de067d2dc524e83d75f8fd920451d5faa277bcb7c","d6e035205a5e135e23d4fc50805f800049ae5694c9ebfdf434cc97189741db83"
"signal-001223","src-e791dbd905f1e14c","group-f25c798329223ce0","train","pri","noisy","129","0.01","0","0.5897572664543986","0.8695731887593866","18.674644084775448","2.4062714919195187","signals/train/signal-001223.csv","9f163a8a46106a4b56d8698b7f610971ec478d2e28718c5c38a070709840ab92","d6e035205a5e135e23d4fc50805f800049ae5694c9ebfdf434cc97189741db83"
"signal-001224","src-e791dbd905f1e14c","group-f25c798329223ce0","train","pri","sparse-jittered","65","0.03","0.25","0.09969961922615767","3.009307218529284","18.638863894027278","2.123353682548263","signals/train/signal-001224.csv","cd213e22b915d0cec7c5fed13f76680f9c223a1abe83605dda835d0d08d35687","d6e035205a5e135e23d4fc50805f800049ae5694c9ebfdf434cc97189741db83"
"signal-001225","src-e1b181289e4f5c2a","group-c4f41e5260dab628","validation","frequency","clean","257","0","0","0.7988624237477779","3.0473489286378026","17.685542836679776","2.8151647389484324","signals/validation/signal-001225.csv","5539038be237529807e3e4ce0a182150b9d7c7add526540fc34264e722e4ea1e","a4cbf8ace6eb7d0180bdcf3f57a89120258037f3864b09177d6c1f31632072ba"
"signal-001226","src-e1b181289e4f5c2a","group-c4f41e5260dab628","validation","frequency","noisy","129","0.01","0","0.9176557469181716","1.6848003065213562","13.323468803391883","2.135300806617515","signals/validation/signal-001226.csv","2b518522f38e1f351f35044b89dbe511f5a69e5afb51614ca67a8a81cfd9a659","a4cbf8ace6eb7d0180bdcf3f57a89120258037f3864b09177d6c1f31632072ba"
"signal-001227","src-e1b181289e4f5c2a","group-c4f41e5260dab628","validation","frequency","sparse-jittered","65","0.03","0.25","0.44874268397688866","1.6290310623124242","14.57242906845336","1.382415325900686","signals/validation/signal-001227.csv","1b496257bc667231a7db57a57e49c52462a0ed6c283da3d4218a03b6213c9822","a4cbf8ace6eb7d0180bdcf3f57a89120258037f3864b09177d6c1f31632072ba"
"signal-001228","src-e1b181289e4f5c2a","group-c4f41e5260dab628","validation","pri","clean","257","0","0","0.0542382865678519","2.9123776268213986","11.403082985652276","1.4572719661672604","signals/validation/signal-001228.csv","86b1b46bf88c74c880208d31dbd772dd0b44024431b26d0bc6d80e1771bfd0ac","a4cbf8ace6eb7d0180bdcf3f57a89120258037f3864b09177d6c1f31632072ba"
"signal-001229","src-e1b181289e4f5c2a","group-c4f41e5260dab628","validation","pri","noisy","129","0.01","0","0.4293031480628997","1.7445041842758655","10.816857373794313","1.7503420273412527","signals/validation/signal-001229.csv","9797d4925a8a27038966433a3b8cdd5f98bcb501be18a2472c6dd08cfbe0349c","a4cbf8ace6eb7d0180bdcf3f57a89120258037f3864b09177d6c1f31632072ba"
"signal-001230","src-e1b181289e4f5c2a","group-c4f41e5260dab628","validation","pri","sparse-jittered","65","0.03","0.25","0.21230107080191374","2.7385238954797386","15.251751727382821","1.0321983735968754","signals/validation/signal-001230.csv","485bf394e7b00383f4a84994f12b4727812ef9141db4b837d1a4e55286603c8f","a4cbf8ace6eb7d0180bdcf3f57a89120258037f3864b09177d6c1f31632072ba"
"signal-001231","src-5ddb4577c8b47b7b","group-2ed311eaf781ab56","train","frequency","clean","257","0","0","0.4078818317502737","1.428294830210507","14.246580022290665","1.767056456890229","signals/train/signal-001231.csv","dcb548269b41842d6981631b7f47dbcd9c09598663b0e13452f4c3431cfb01be","ec14d648c326c798ff6dda8fb43f416dddbec999e48186c9feebfa27c69afc72"
"signal-001232","src-5ddb4577c8b47b7b","group-2ed311eaf781ab56","train","frequency","noisy","129","0.01","0","0.952419636072591","2.8259561337530616","13.331283459464519","1.136457183853107","signals/train/signal-001232.csv","7b568f8df015bfa6cb37bc561957e6dcd44db399eeca62de3cc7b891ef48d459","ec14d648c326c798ff6dda8fb43f416dddbec999e48186c9feebfa27c69afc72"
"signal-001233","src-5ddb4577c8b47b7b","group-2ed311eaf781ab56","train","frequency","sparse-jittered","65","0.03","0.25","0.782068342436105","2.7594807086512443","11.758032729181878","2.9320687910745953","signals/train/signal-001233.csv","e406e855f0f6f5d6444e645db71aec4c2da3975f64f1971c21f1db93a15b822d","ec14d648c326c798ff6dda8fb43f416dddbec999e48186c9feebfa27c69afc72"
"signal-001234","src-5ddb4577c8b47b7b","group-2ed311eaf781ab56","train","pri","clean","257","0","0","0.9090414338279516","1.5707278631627561","11.515275352378616","1.9913447303987315","signals/train/signal-001234.csv","1c6035887520843e89d47216118bfbf3e15f5f59f3c64099d3d03dd283e02269","ec14d648c326c798ff6dda8fb43f416dddbec999e48186c9feebfa27c69afc72"
"signal-001235","src-5ddb4577c8b47b7b","group-2ed311eaf781ab56","train","pri","noisy","129","0.01","0","0.701435234863311","1.263538953475654","16.41422884232445","1.884843064642558","signals/train/signal-001235.csv","20c66c9d54c212fd858907acb83fa19f422934de6929e0ee2eb45bb723d4491b","ec14d648c326c798ff6dda8fb43f416dddbec999e48186c9feebfa27c69afc72"
"signal-001236","src-5ddb4577c8b47b7b","group-2ed311eaf781ab56","train","pri","sparse-jittered","65","0.03","0.25","0.4579634591937065","2.9255761655047534","10.172694863107397","1.7920885258731225","signals/train/signal-001236.csv","c1d31f8154ac4385858b731dd1a10565e37c0d7094916a1a3e3b5991879bad44","ec14d648c326c798ff6dda8fb43f416dddbec999e48186c9feebfa27c69afc72"
"signal-001237","src-a2932ca9aec9177e","group-6b7aea783c007495","train","frequency","clean","257","0","0","0.20388179505243897","0.9250259501859546","12.442971161539287","1.4663449974561669","signals/train/signal-001237.csv","7bfc52249b691188b211aa1269f66b0e700555952321a81fc3b8c5f3e52c2907","d93f41ee620fd9bc1fd8a278980af7136c7d454db751834c7a8716c8b65bfe74"
"signal-001238","src-a2932ca9aec9177e","group-6b7aea783c007495","train","frequency","noisy","129","0.01","0","0.19716149172745645","1.77274815030396","17.422290378873136","0.932981613562994","signals/train/signal-001238.csv","e21e48f66226b5afbb4e804c2d7c6b6a93852f9b3bc6ad049499ae2816e31528","d93f41ee620fd9bc1fd8a278980af7136c7d454db751834c7a8716c8b65bfe74"
"signal-001239","src-a2932ca9aec9177e","group-6b7aea783c007495","train","frequency","sparse-jittered","65","0.03","0.25","0.15219922526739538","1.721266183629632","13.203365736152154","2.323579604128124","signals/train/signal-001239.csv","5b4a24d0642655f0b8872f67ff9edbc6cbbe075c0cefde4b22f18170682cb07c","d93f41ee620fd9bc1fd8a278980af7136c7d454db751834c7a8716c8b65bfe74"
"signal-001240","src-a2932ca9aec9177e","group-6b7aea783c007495","train","pri","clean","257","0","0","0.16967514716088772","2.2900473879650236","17.062601555071293","2.649287563041918","signals/train/signal-001240.csv","2c69a527a5e9773636064abc077aab842afce4b837ff93a0201019d327b6729f","d93f41ee620fd9bc1fd8a278980af7136c7d454db751834c7a8716c8b65bfe74"
"signal-001241","src-a2932ca9aec9177e","group-6b7aea783c007495","train","pri","noisy","129","0.01","0","0.638293020427227","2.3800963910296558","13.799818569724422","3.0915338500220653","signals/train/signal-001241.csv","532ea531d001b090515a13f4784386464efa32bd32af1f7b8af79c54a3249a72","d93f41ee620fd9bc1fd8a278980af7136c7d454db751834c7a8716c8b65bfe74"
"signal-001242","src-a2932ca9aec9177e","group-6b7aea783c007495","train","pri","sparse-jittered","65","0.03","0.25","0.09981380542740226","1.2484082927927376","17.503812836985944","2.9825759573284323","signals/train/signal-001242.csv","54dd964b3af85ae4d5b98fe1e9145f451bbe32d9b9fb04221f8fa2088d3d4a4d","d93f41ee620fd9bc1fd8a278980af7136c7d454db751834c7a8716c8b65bfe74"
"signal-001243","src-0caa95a291297d45","group-dfa7f5e2faf14c68","train","frequency","clean","257","0","0","0.3120791995897889","0.9526865804567933","13.320345239499034","1.825416682666848","signals/train/signal-001243.csv","19b9efd53b85814d48c35f2efea6f48d49fee2b78db55929c80bd39fe18146ff","f173953d2936c433d938ef5093c5338de7e624a988c8df4f6d4c5a98075ddcc3"
"signal-001244","src-0caa95a291297d45","group-dfa7f5e2faf14c68","train","frequency","noisy","129","0.01","0","0.7013426250778139","1.590882351063192","13.391896351181842","1.5730398959414131","signals/train/signal-001244.csv","797b6b0195307fee61eea0ba228023b1785257f0fb80aeef4ff90f0f08030761","f173953d2936c433d938ef5093c5338de7e624a988c8df4f6d4c5a98075ddcc3"
"signal-001245","src-0caa95a291297d45","group-dfa7f5e2faf14c68","train","frequency","sparse-jittered","65","0.03","0.25","0.4487051966134459","2.621063812077045","18.350675783455706","2.9385332820596055","signals/train/signal-001245.csv","04e8a7a86e21882d8d9a1d6d12cae3fe7b5ccb84911161f210b13b2a39ba673f","f173953d2936c433d938ef5093c5338de7e624a988c8df4f6d4c5a98075ddcc3"
"signal-001246","src-0caa95a291297d45","group-dfa7f5e2faf14c68","train","pri","clean","257","0","0","0.3853447576984763","1.3310548225417733","14.146237859861692","1.4895148678464611","signals/train/signal-001246.csv","6cf270490975b95d608b20188e095f1eaacb79ac36ae19a2f59837a9fa304de3","f173953d2936c433d938ef5093c5338de7e624a988c8df4f6d4c5a98075ddcc3"
"signal-001247","src-0caa95a291297d45","group-dfa7f5e2faf14c68","train","pri","noisy","129","0.01","0","0.800187626387924","1.4536717226728797","16.2241317797075","2.283270858645116","signals/train/signal-001247.csv","4e2e8a2ae18006b3e6660cc7201646fc004ae1282cf7afc7f026f4f09affbfd5","f173953d2936c433d938ef5093c5338de7e624a988c8df4f6d4c5a98075ddcc3"
"signal-001248","src-0caa95a291297d45","group-dfa7f5e2faf14c68","train","pri","sparse-jittered","65","0.03","0.25","0.9312258951831609","2.1991268776357176","15.978035443551043","0.7156041326910056","signals/train/signal-001248.csv","669942e306552c84e6d29f8dcbb613887c3a0d3b9c50bf601279df2fa6e238a9","f173953d2936c433d938ef5093c5338de7e624a988c8df4f6d4c5a98075ddcc3"
"signal-001249","src-20aa0a59f9ba3330","group-58d0d48d065c9bef","train","frequency","clean","257","0","0","0.6048129391856492","2.7169888762757184","18.649382076379375","1.9338232523797565","signals/train/signal-001249.csv","4aa9593a70bc81c83aeb682eeb887e322838ff0678f9a2c8b484092011a4dd05","ca4cb0476f67d9f031b01cfde0d49cfa53d636a53dbc40d195a3ea050557556f"
"signal-001250","src-20aa0a59f9ba3330","group-58d0d48d065c9bef","train","frequency","noisy","129","0.01","0","0.683837948134169","2.2361528877168895","10.63059860914715","1.3767863318244995","signals/train/signal-001250.csv","c250239d21e7d8de805440beeff08bf880b86f86e844b12a0781e97bcc0f8306","ca4cb0476f67d9f031b01cfde0d49cfa53d636a53dbc40d195a3ea050557556f"
"signal-001251","src-20aa0a59f9ba3330","group-58d0d48d065c9bef","train","frequency","sparse-jittered","65","0.03","0.25","0.12550885509699583","2.6776314923539757","14.691812029826199","0.8058922497221825","signals/train/signal-001251.csv","91c7d764f57e4cbf1cde6e9d122b979d52aa3695d53afa5699a0ad8d8e630863","ca4cb0476f67d9f031b01cfde0d49cfa53d636a53dbc40d195a3ea050557556f"
"signal-001252","src-20aa0a59f9ba3330","group-58d0d48d065c9bef","train","pri","clean","257","0","0","0.6782704947981983","2.704123058915138","17.50511046025259","2.82139660618099","signals/train/signal-001252.csv","7b8d4be323a52dbbdda51384f9deda3d186abc999d72d2cc649eb25120508234","ca4cb0476f67d9f031b01cfde0d49cfa53d636a53dbc40d195a3ea050557556f"
"signal-001253","src-20aa0a59f9ba3330","group-58d0d48d065c9bef","train","pri","noisy","129","0.01","0","0.00510634365491569","2.1396842297166585","10.257525943816997","1.1411488746850154","signals/train/signal-001253.csv","ff49bae0a7281ab36b8c9d6b37fc4cdbcbb9af53ffc2ff64901382e66fa8c9c1","ca4cb0476f67d9f031b01cfde0d49cfa53d636a53dbc40d195a3ea050557556f"
"signal-001254","src-20aa0a59f9ba3330","group-58d0d48d065c9bef","train","pri","sparse-jittered","65","0.03","0.25","0.9240523430053145","3.1457071498036386","13.138067452349318","1.3649266296726061","signals/train/signal-001254.csv","bb8eff413eea6d3459388eae4b510daa9a0d65039663b77d5c55027dd8e7b62e","ca4cb0476f67d9f031b01cfde0d49cfa53d636a53dbc40d195a3ea050557556f"
"signal-001255","src-77db81906091d07b","group-b9e90fc007e626bc","train","frequency","clean","257","0","0","0.313450695713982","1.6879312250763179","17.87076371954754","1.9284207073971658","signals/train/signal-001255.csv","5430aa02e97cbc96c280d56c7033a3e9f89654504d303d4f383c3326282f6107","af9f67e757beba97a13da4f485a2e54c8ae030b537f3a7cd191f2059bd27e665"
"signal-001256","src-77db81906091d07b","group-b9e90fc007e626bc","train","frequency","noisy","129","0.01","0","0.10618512192741036","2.091858477704227","13.750154230663544","1.0535522556242984","signals/train/signal-001256.csv","f22315fc9eaf10c75fbc0635928070827458cd7c10db45f1a3580b6d846984c9","af9f67e757beba97a13da4f485a2e54c8ae030b537f3a7cd191f2059bd27e665"
"signal-001257","src-77db81906091d07b","group-b9e90fc007e626bc","train","frequency","sparse-jittered","65","0.03","0.25","0.5680662251543254","1.7844498079270124","14.48418660358509","1.9633615946730512","signals/train/signal-001257.csv","21edbf9bfad21f15a42a206b125f7965ba6e015499388dfbcdda1bdb0a7e7ae3","af9f67e757beba97a13da4f485a2e54c8ae030b537f3a7cd191f2059bd27e665"
"signal-001258","src-77db81906091d07b","group-b9e90fc007e626bc","train","pri","clean","257","0","0","0.8646392228547484","1.829949052631855","15.472479888703674","1.1479075686540465","signals/train/signal-001258.csv","aa275476bd668e2e9847c3a5dc422b9c8d5bda1f9f22c599571aef56c80ce4e2","af9f67e757beba97a13da4f485a2e54c8ae030b537f3a7cd191f2059bd27e665"
"signal-001259","src-77db81906091d07b","group-b9e90fc007e626bc","train","pri","noisy","129","0.01","0","0.5351864022668451","2.935552160814405","18.859731484706217","1.0956227620781682","signals/train/signal-001259.csv","95d2bed28059d68f082ff15b8042a93121f3bfef55b2d65a85c70e1a74e45324","af9f67e757beba97a13da4f485a2e54c8ae030b537f3a7cd191f2059bd27e665"
"signal-001260","src-77db81906091d07b","group-b9e90fc007e626bc","train","pri","sparse-jittered","65","0.03","0.25","0.06067447434179485","2.4657313268631698","16.754077494800732","2.401712659747975","signals/train/signal-001260.csv","dd0fbb162b8b8cdf710e286d1f078baf41183771c70a93638066b64804ab1e5e","af9f67e757beba97a13da4f485a2e54c8ae030b537f3a7cd191f2059bd27e665"
"signal-001261","src-3b1c1c8d04a4d343","group-bce78d2c2a6e8488","train","frequency","clean","257","0","0","0.42492070817388594","1.3395487621426583","14.04111919858715","2.204191061791656","signals/train/signal-001261.csv","5f76130b1594afdb122744a1511f9b80ff420cefc45566fa4a6e5793e8f8f63e","3893e4714f979cbc496e9e9e14f4def432955e92210fd8bc6ef1ecc2bb3802b8"
"signal-001262","src-3b1c1c8d04a4d343","group-bce78d2c2a6e8488","train","frequency","noisy","129","0.01","0","0.2853968655690551","2.2464731791988015","17.233519150936758","1.5155417386608718","signals/train/signal-001262.csv","6628d9bd8642bd9f447a99862cc989ca8ae6fb9b5bc71de6f74e7e349c4b24e4","3893e4714f979cbc496e9e9e14f4def432955e92210fd8bc6ef1ecc2bb3802b8"
"signal-001263","src-3b1c1c8d04a4d343","group-bce78d2c2a6e8488","train","frequency","sparse-jittered","65","0.03","0.25","0.6400741338729858","1.6381315203383564","10.993182271688394","0.9802157019598869","signals/train/signal-001263.csv","52a8aa210f66edfc74df5f69dd0a223ac53b76282850bf45ee26655dd472deaf","3893e4714f979cbc496e9e9e14f4def432955e92210fd8bc6ef1ecc2bb3802b8"
"signal-001264","src-3b1c1c8d04a4d343","group-bce78d2c2a6e8488","train","pri","clean","257","0","0","0.25383654539473355","0.8239530675113201","19.359426790264305","1.1914240585339613","signals/train/signal-001264.csv","94189bdea47d5da1f1ed3144cb9302bf3c4e294397b6ad6457ae598f22b2478c","3893e4714f979cbc496e9e9e14f4def432955e92210fd8bc6ef1ecc2bb3802b8"
"signal-001265","src-3b1c1c8d04a4d343","group-bce78d2c2a6e8488","train","pri","noisy","129","0.01","0","0.40701219579204917","3.1890571465715762","17.980707268654335","2.0191698542626","signals/train/signal-001265.csv","3a0f817b43f6494e631299e90b3c3c48fd63a1bf7feee18f4feb96fe48546b27","3893e4714f979cbc496e9e9e14f4def432955e92210fd8bc6ef1ecc2bb3802b8"
"signal-001266","src-3b1c1c8d04a4d343","group-bce78d2c2a6e8488","train","pri","sparse-jittered","65","0.03","0.25","0.9649765591602772","2.681870135292411","11.866813195736004","2.164381601358146","signals/train/signal-001266.csv","115617a04fa336849a9326cd0a23957a90e3dc5dfb4e11bb606e6d19110a8333","3893e4714f979cbc496e9e9e14f4def432955e92210fd8bc6ef1ecc2bb3802b8"
"signal-001267","src-010250a11b68a3f8","group-547a4b5d797a71b3","validation","frequency","clean","257","0","0","0.4525477683637291","2.1718241333961488","17.216806062054083","1.1083205067038193","signals/validation/signal-001267.csv","0612d4154c6f8a0dfd0301cb18ead7036a54f2b92503c838c0af5cc7fb482e20","6a68110f1bd08625c6768d4dee2a4e46f0ec74beb40265b68382e2d6f2a129b6"
"signal-001268","src-010250a11b68a3f8","group-547a4b5d797a71b3","validation","frequency","noisy","129","0.01","0","0.7553526621777564","1.9010374195873738","10.31349404246826","1.6814630870502132","signals/validation/signal-001268.csv","54787e1076923e28b24f07b7df3accc596c60c7605483af56d1adae16ea32568","6a68110f1bd08625c6768d4dee2a4e46f0ec74beb40265b68382e2d6f2a129b6"
"signal-001269","src-010250a11b68a3f8","group-547a4b5d797a71b3","validation","frequency","sparse-jittered","65","0.03","0.25","0.7584460636135191","1.1812932390719653","19.492069532090483","2.4364540649019837","signals/validation/signal-001269.csv","815cbf012afa6533d3a9a128badb1fed14a5cafc7eedfbdbf02b6bcd1ba13ab1","6a68110f1bd08625c6768d4dee2a4e46f0ec74beb40265b68382e2d6f2a129b6"
"signal-001270","src-010250a11b68a3f8","group-547a4b5d797a71b3","validation","pri","clean","257","0","0","0.03285266878083348","3.0693649081513286","19.95944512070288","1.537495943479442","signals/validation/signal-001270.csv","daee231b6d395c5f3e2513fec5817ebe2322ec4a41dfa3283cae0706f5cda734","6a68110f1bd08625c6768d4dee2a4e46f0ec74beb40265b68382e2d6f2a129b6"
"signal-001271","src-010250a11b68a3f8","group-547a4b5d797a71b3","validation","pri","noisy","129","0.01","0","0.33988448278978467","2.7636661527678372","19.875231142228998","1.2279752439755036","signals/validation/signal-001271.csv","909834b1a3164b633289ec852f05a725d356f4116e4b9fd1ff0fb6a52df45d4f","6a68110f1bd08625c6768d4dee2a4e46f0ec74beb40265b68382e2d6f2a129b6"
"signal-001272","src-010250a11b68a3f8","group-547a4b5d797a71b3","validation","pri","sparse-jittered","65","0.03","0.25","0.6460027678404003","1.9012467592954636","12.189014553935069","2.184243399753665","signals/validation/signal-001272.csv","4e1f1ce3c69fecb42b2b10f839c8b939efec15ff569dd9604dfc0e7e322259c9","6a68110f1bd08625c6768d4dee2a4e46f0ec74beb40265b68382e2d6f2a129b6"
"signal-001273","src-3609eb563076de0b","group-60d5c50a254488c2","test","frequency","clean","257","0","0","0.42749996739439666","2.3687429931014776","12.069680027311527","1.5709793902217495","signals/test/signal-001273.csv","4af23fda0678c6837131e10424633b54dd2a7dc6a7c19cff9e15f770c4daf4a4","28ad64eefae86bc16de154e8ec224555e335dd4301cadac85a147f2689e9ad94"
"signal-001274","src-3609eb563076de0b","group-60d5c50a254488c2","test","frequency","noisy","129","0.01","0","0.7178785759024322","0.8940493619069457","13.691469080792832","1.8191538168387797","signals/test/signal-001274.csv","24b3eb9b0d135315559e44253bb35d2fe52444ae821077fbe1c9947d925ef719","28ad64eefae86bc16de154e8ec224555e335dd4301cadac85a147f2689e9ad94"
"signal-001275","src-3609eb563076de0b","group-60d5c50a254488c2","test","frequency","sparse-jittered","65","0.03","0.25","0.27100679418072104","1.3845069756731392","12.694032982502689","2.673275244350119","signals/test/signal-001275.csv","165b3ec4697a15860ff1f407e0ae6fb3d92333e09cf0e17f0ab51336714f0dc7","28ad64eefae86bc16de154e8ec224555e335dd4301cadac85a147f2689e9ad94"
"signal-001276","src-3609eb563076de0b","group-60d5c50a254488c2","test","pri","clean","257","0","0","0.17646958958357573","1.0239382335916163","10.631221775804029","1.6891553740641285","signals/test/signal-001276.csv","f6f88029b9dfc4778107677185aa38ff060c6f5c433a42d8404460bea35ca479","28ad64eefae86bc16de154e8ec224555e335dd4301cadac85a147f2689e9ad94"
"signal-001277","src-3609eb563076de0b","group-60d5c50a254488c2","test","pri","noisy","129","0.01","0","0.34952815319411457","1.7416765581816436","19.76464176117308","1.0889559396502513","signals/test/signal-001277.csv","005ba83ede04dca817564927a490013d1cc78a14b8f9db2c6ee339608bef6f69","28ad64eefae86bc16de154e8ec224555e335dd4301cadac85a147f2689e9ad94"
"signal-001278","src-3609eb563076de0b","group-60d5c50a254488c2","test","pri","sparse-jittered","65","0.03","0.25","0.07597998785786331","2.5366386737674476","16.13060954649966","1.8760493402959355","signals/test/signal-001278.csv","40f33e61a8132daa3bcf40c618954750545998ae2d550cfe5e5f5a5b5e04bbaf","28ad64eefae86bc16de154e8ec224555e335dd4301cadac85a147f2689e9ad94"
"signal-001279","src-d0636942b661b862","group-e5d1591d98d21ed7","test","frequency","clean","257","0","0","0.7697801711037755","0.9508692318573595","19.06133562780068","1.0994412402230012","signals/test/signal-001279.csv","01173c900296fb7ed3303cc9b1980387d740c0b50f7926e6f3f7ac47cc1b7e56","0bcdcd05d472c127965ace842c0dbae2c4d0e550bf6907e2e4b99d7fd9966c60"
"signal-001280","src-d0636942b661b862","group-e5d1591d98d21ed7","test","frequency","noisy","129","0.01","0","0.15808130614459515","2.178761767037213","13.326273321002226","2.5985170551280596","signals/test/signal-001280.csv","70198aec60c269979f4bc01f9060ae83a74c3135e54f040b67114b7166a4a16a","0bcdcd05d472c127965ace842c0dbae2c4d0e550bf6907e2e4b99d7fd9966c60"
"signal-001281","src-d0636942b661b862","group-e5d1591d98d21ed7","test","frequency","sparse-jittered","65","0.03","0.25","0.7404595816042274","2.5542717281728984","10.486844904158723","1.8662509051305705","signals/test/signal-001281.csv","04f2f321a963b8fee8a976da86638a4cfb64beee53804019c8cf431b8c0bc151","0bcdcd05d472c127965ace842c0dbae2c4d0e550bf6907e2e4b99d7fd9966c60"
"signal-001282","src-d0636942b661b862","group-e5d1591d98d21ed7","test","pri","clean","257","0","0","0.4008897375315428","1.7353185879066586","13.912910487827569","2.84702474609373","signals/test/signal-001282.csv","cbefdccc6648125ac0e92e589a74233a73097adc8eee52cea93be5eb88b080c5","0bcdcd05d472c127965ace842c0dbae2c4d0e550bf6907e2e4b99d7fd9966c60"
"signal-001283","src-d0636942b661b862","group-e5d1591d98d21ed7","test","pri","noisy","129","0.01","0","0.8326191776432097","1.957094685547054","16.671239950813124","2.2838112735147575","signals/test/signal-001283.csv","63b0074d92b77a8a01b4d049fdc79e68f6a482960769918785f6ffd69aba71ad","0bcdcd05d472c127965ace842c0dbae2c4d0e550bf6907e2e4b99d7fd9966c60"
"signal-001284","src-d0636942b661b862","group-e5d1591d98d21ed7","test","pri","sparse-jittered","65","0.03","0.25","0.6982649678830057","1.264332602918148","10.81464254764325","1.4023611050780573","signals/test/signal-001284.csv","8e1edb727e868f94813d3c64016c8b1472daf15a13739b7aabf505249f68a12f","0bcdcd05d472c127965ace842c0dbae2c4d0e550bf6907e2e4b99d7fd9966c60"
"signal-001285","src-afd7239e880de8f9","group-6fac7651ddc65bf1","validation","frequency","clean","257","0","0","0.9791323570534587","1.742848659493029","18.881274037994444","1.8566176591208219","signals/validation/signal-001285.csv","7639540d5d110da9737e4baf969968f3f2efe6c87c560d5f9359a3e9b75cb8d5","7e39a924dccd0ab9588eb0fea87f2d3374e9b8ef4007ab8cb83bd33ee3d098df"
"signal-001286","src-afd7239e880de8f9","group-6fac7651ddc65bf1","validation","frequency","noisy","129","0.01","0","0.3785089268349111","2.654603253863752","11.885826982836743","3.1359384352375006","signals/validation/signal-001286.csv","1f98205d6df6953ae2df3e9467ba37532cfe0953b57da6c4bc20eca0f9f11a08","7e39a924dccd0ab9588eb0fea87f2d3374e9b8ef4007ab8cb83bd33ee3d098df"
"signal-001287","src-afd7239e880de8f9","group-6fac7651ddc65bf1","validation","frequency","sparse-jittered","65","0.03","0.25","0.9426653035916388","2.133416829816997","12.574651447598061","1.723373776258617","signals/validation/signal-001287.csv","d6fd2b90ebe7d22106adc0e760788c979ebcf8293df7b1a28c7f8c29e552e675","7e39a924dccd0ab9588eb0fea87f2d3374e9b8ef4007ab8cb83bd33ee3d098df"
"signal-001288","src-afd7239e880de8f9","group-6fac7651ddc65bf1","validation","pri","clean","257","0","0","0.33907033666037023","2.3541663739830256","15.625905126798898","1.181128872744738","signals/validation/signal-001288.csv","c4498d65f24fabb1ceb9fb5c667e958f0d55fc208b4f48c578304a94d6e9aee1","7e39a924dccd0ab9588eb0fea87f2d3374e9b8ef4007ab8cb83bd33ee3d098df"
"signal-001289","src-afd7239e880de8f9","group-6fac7651ddc65bf1","validation","pri","noisy","129","0.01","0","0.47737101512029767","2.352996671013534","13.13239235013137","1.185467782466418","signals/validation/signal-001289.csv","ab16f50264a6dae68fdfcea5f381f2669e413559cc6250f7aa51e78c6414a556","7e39a924dccd0ab9588eb0fea87f2d3374e9b8ef4007ab8cb83bd33ee3d098df"
"signal-001290","src-afd7239e880de8f9","group-6fac7651ddc65bf1","validation","pri","sparse-jittered","65","0.03","0.25","0.46192225092090666","2.1602405443787576","18.996389200513313","2.7412840040088113","signals/validation/signal-001290.csv","90ef5e91c6e73997b4db42b166dea7a91f450886244ff29ff0fb9474c0a11ff1","7e39a924dccd0ab9588eb0fea87f2d3374e9b8ef4007ab8cb83bd33ee3d098df"
"signal-001291","src-33a77f552dffba6c","group-fb9502932eb142dd","test","frequency","clean","257","0","0","0.34214137215167284","0.9288904959335924","15.08091661625241","1.03018824819015","signals/test/signal-001291.csv","d2626206df4ee8ab1a2e748a77fd85e8f96812f77efc3c9bd821fb93e7a6f4b3","61e8d7906d94c558a25bc3292e95b33d455a54efed1bef58795f91bc05a9b264"
"signal-001292","src-33a77f552dffba6c","group-fb9502932eb142dd","test","frequency","noisy","129","0.01","0","0.31858235714025795","2.780318070203066","19.593347374379093","1.36103359459144","signals/test/signal-001292.csv","c5fe236fbeac513a49cc49ddfe20f70ff960facdaf079eea11a7d7b0960374d2","61e8d7906d94c558a25bc3292e95b33d455a54efed1bef58795f91bc05a9b264"
"signal-001293","src-33a77f552dffba6c","group-fb9502932eb142dd","test","frequency","sparse-jittered","65","0.03","0.25","0.3931657501962036","1.5084841374307871","18.907236856407906","2.647325796458805","signals/test/signal-001293.csv","e24b84379e8dac8fd4645eaf7925d05a5a730154325a956e39254ab356c7373d","61e8d7906d94c558a25bc3292e95b33d455a54efed1bef58795f91bc05a9b264"
"signal-001294","src-33a77f552dffba6c","group-fb9502932eb142dd","test","pri","clean","257","0","0","0.6697991322726011","2.527268479950726","18.88733561275316","0.7543759695746672","signals/test/signal-001294.csv","1f83be99fd5e79464aac40723452a83fd4d1198f49f8aa881af50be2b9eda9a0","61e8d7906d94c558a25bc3292e95b33d455a54efed1bef58795f91bc05a9b264"
"signal-001295","src-33a77f552dffba6c","group-fb9502932eb142dd","test","pri","noisy","129","0.01","0","0.3282067833933979","0.89168840944767","19.234946179090297","0.7738084394916953","signals/test/signal-001295.csv","904d1807810482df1de6d4c1b0cb3dbbb8819adcdb27d3250b3e0df7bc9fed68","61e8d7906d94c558a25bc3292e95b33d455a54efed1bef58795f91bc05a9b264"
"signal-001296","src-33a77f552dffba6c","group-fb9502932eb142dd","test","pri","sparse-jittered","65","0.03","0.25","0.9515280458144844","1.079035828076303","11.164450469563388","0.9985731915235423","signals/test/signal-001296.csv","36115b6705c3b21149e3d3b21dae06389c9ecb58884eb8124f2f407ac35177ae","61e8d7906d94c558a25bc3292e95b33d455a54efed1bef58795f91bc05a9b264"
"signal-001297","src-be960759f8fdf931","group-d06427916ba27482","validation","frequency","clean","257","0","0","0.09109614882618189","2.0546429181471466","14.457878249636554","0.8643233473311138","signals/validation/signal-001297.csv","43dcb21e0b859487a3b642583376c10f3789d3c7b55537ea69a0d571c86b15a1","d8c4fa380bd199cfddb8a221c5bebc27f12077b8f476c01d20fab170b289dee4"
"signal-001298","src-be960759f8fdf931","group-d06427916ba27482","validation","frequency","noisy","129","0.01","0","0.30451325490139425","2.6321746740490197","17.98919155409893","3.003909938757225","signals/validation/signal-001298.csv","0196c30ac169da4145ace85a08733fcc05c5bf8c0db7f88038f5a0e4e484c73a","d8c4fa380bd199cfddb8a221c5bebc27f12077b8f476c01d20fab170b289dee4"
"signal-001299","src-be960759f8fdf931","group-d06427916ba27482","validation","frequency","sparse-jittered","65","0.03","0.25","0.9979084921069443","1.1745457438752056","12.135910041379663","1.8746289542847894","signals/validation/signal-001299.csv","d14d310c8b6dc1914545ae08ccb2dd6e674233ef1653ba61470c0825ddea64e4","d8c4fa380bd199cfddb8a221c5bebc27f12077b8f476c01d20fab170b289dee4"
"signal-001300","src-be960759f8fdf931","group-d06427916ba27482","validation","pri","clean","257","0","0","0.1761752013117075","0.970320095308125","10.930043336583385","1.0385590928584545","signals/validation/signal-001300.csv","bf1aef3cefbed5fec314de5f5c8d4813624c5acc2d3fcabc6760ec558ff163d0","d8c4fa380bd199cfddb8a221c5bebc27f12077b8f476c01d20fab170b289dee4"
"signal-001301","src-be960759f8fdf931","group-d06427916ba27482","validation","pri","noisy","129","0.01","0","0.39037539530545473","2.272125625051558","10.307890562007138","2.0368474848265183","signals/validation/signal-001301.csv","0526aaf7cc31f0d46b1c8f9299e8167b4d0ce2c66919538fe4ff8b84ce489a55","d8c4fa380bd199cfddb8a221c5bebc27f12077b8f476c01d20fab170b289dee4"
"signal-001302","src-be960759f8fdf931","group-d06427916ba27482","validation","pri","sparse-jittered","65","0.03","0.25","0.6886463279370219","1.203270648419857","14.346117181680851","1.7475240118290642","signals/validation/signal-001302.csv","1e8565e0a16781edf864fde45c937753993d2fd2fe50d9c1e33a97f5c728b16f","d8c4fa380bd199cfddb8a221c5bebc27f12077b8f476c01d20fab170b289dee4"
"signal-001303","src-ae5a8636608f2f96","group-d878f968c725d500","validation","frequency","clean","257","0","0","0.9567781239748001","2.663079008646309","15.637462433406512","1.9013441600340855","signals/validation/signal-001303.csv","2ca19c63dd44fe5c9ae7b9fe042b55dadee794e9a0385a7139b21ab0529850f8","2e1aa615aa4901cb45ddcff3af2e7594a83e7ccd37d2f460fecb82125ae47bcc"
"signal-001304","src-ae5a8636608f2f96","group-d878f968c725d500","validation","frequency","noisy","129","0.01","0","0.6631566963624209","2.550470946356654","10.063677467522798","2.714951576843175","signals/validation/signal-001304.csv","7d61a5cd6c3bf4dfe7f72e388530da5d5d72aa4cde4e5820057a8e8300db1e1b","2e1aa615aa4901cb45ddcff3af2e7594a83e7ccd37d2f460fecb82125ae47bcc"
"signal-001305","src-ae5a8636608f2f96","group-d878f968c725d500","validation","frequency","sparse-jittered","65","0.03","0.25","0.48824514262378216","1.6516248689964415","14.408748784728289","0.7894212998823456","signals/validation/signal-001305.csv","951b8e757bdf32b2b0e5bd41b7607660beb2edcb8efa7c07e7426af0e9e7d2fa","2e1aa615aa4901cb45ddcff3af2e7594a83e7ccd37d2f460fecb82125ae47bcc"
"signal-001306","src-ae5a8636608f2f96","group-d878f968c725d500","validation","pri","clean","257","0","0","0.09197591617703438","1.1364171804860235","10.72530686126559","0.7249144797494633","signals/validation/signal-001306.csv","9f9617839c3e785b0cbe5535c1e926112b9059dbd0b73335eb4b03f8ab5d6240","2e1aa615aa4901cb45ddcff3af2e7594a83e7ccd37d2f460fecb82125ae47bcc"
"signal-001307","src-ae5a8636608f2f96","group-d878f968c725d500","validation","pri","noisy","129","0.01","0","0.09155477513559163","2.0018947146832944","18.182615846834054","1.1870633375092616","signals/validation/signal-001307.csv","ed9698d47eeb9c8e60fd6facfdffed64e5e788e49ddff4a736991c5b446f776a","2e1aa615aa4901cb45ddcff3af2e7594a83e7ccd37d2f460fecb82125ae47bcc"
"signal-001308","src-ae5a8636608f2f96","group-d878f968c725d500","validation","pri","sparse-jittered","65","0.03","0.25","0.5889601719100028","1.7094370372593404","11.880970740266417","1.2262914281941306","signals/validation/signal-001308.csv","35befeb5162d181d4837f87b258be1ba0d388018fe580cc1a34bc23f115aae9e","2e1aa615aa4901cb45ddcff3af2e7594a83e7ccd37d2f460fecb82125ae47bcc"
"signal-001309","src-1a00287c26e6b8c3","group-2826d8ef6537ec5b","calibration","frequency","clean","257","0","0","0.3822016166523099","2.68671642486006","13.43188886065036","2.348284367076122","signals/calibration/signal-001309.csv","a337f6bfe4133373f09ef79a38d6f6d61a4883e61ee35f1ecfaa489a587a9d29","e8fb3a8477c52183216896e577a1f7a2d7a912ac6558b367b0c391eff980c7e4"
"signal-001310","src-1a00287c26e6b8c3","group-2826d8ef6537ec5b","calibration","frequency","noisy","129","0.01","0","0.805564979556948","2.9984696133062245","14.177843463791206","2.483471191887501","signals/calibration/signal-001310.csv","da84f3f712e5b8ac67ea4ccfbe70cd2579b2fac2f4873f99fec236aff36e4c9c","e8fb3a8477c52183216896e577a1f7a2d7a912ac6558b367b0c391eff980c7e4"
"signal-001311","src-1a00287c26e6b8c3","group-2826d8ef6537ec5b","calibration","frequency","sparse-jittered","65","0.03","0.25","0.600673716980964","1.5868742076680065","14.862337968121963","2.4834431674798783","signals/calibration/signal-001311.csv","cfb639cd50edc3d9e8a17eacf5bf90b57266a52ab58d063bb1d7c802065405c8","e8fb3a8477c52183216896e577a1f7a2d7a912ac6558b367b0c391eff980c7e4"
"signal-001312","src-1a00287c26e6b8c3","group-2826d8ef6537ec5b","calibration","pri","clean","257","0","0","0.832344570197165","1.0838282192125916","18.8881165580824","1.7521400227909893","signals/calibration/signal-001312.csv","b4b17289ccb9890bad93311304a52a783c7adc4e83669910a6468bd85251bfd0","e8fb3a8477c52183216896e577a1f7a2d7a912ac6558b367b0c391eff980c7e4"
"signal-001313","src-1a00287c26e6b8c3","group-2826d8ef6537ec5b","calibration","pri","noisy","129","0.01","0","0.31990337441675365","1.8981029789894819","18.44809379291839","2.9690063274377607","signals/calibration/signal-001313.csv","634919166b385f4f0a5b6894533b72020a7eb11e479c6d6f00bc74bd676f2a93","e8fb3a8477c52183216896e577a1f7a2d7a912ac6558b367b0c391eff980c7e4"
"signal-001314","src-1a00287c26e6b8c3","group-2826d8ef6537ec5b","calibration","pri","sparse-jittered","65","0.03","0.25","0.28844024101272225","0.8134640885517002","12.825218623549807","2.5041193377157747","signals/calibration/signal-001314.csv","39c80980433baa3e6edcc42edba989d9c499ec7255e36bd3cf690a2054bc070a","e8fb3a8477c52183216896e577a1f7a2d7a912ac6558b367b0c391eff980c7e4"
"signal-001315","src-d8636710e926e6e7","group-674152c5aeb4cdae","calibration","frequency","clean","257","0","0","0.14682740275748074","2.4077504985034466","19.437852261823473","1.5473109347664966","signals/calibration/signal-001315.csv","0bed52cdf5763943c78aceed27bf09811fe99d3f8e9798bdb9f43634845bdbd5","f96b195207499721dd22c2e65cdbf582fb509848c74bc573a5212ec5075bc408"
"signal-001316","src-d8636710e926e6e7","group-674152c5aeb4cdae","calibration","frequency","noisy","129","0.01","0","0.46653011557646096","2.542058015614748","12.015115974268005","3.035050456378613","signals/calibration/signal-001316.csv","f45146c2dbc56a0fcbe19a07f8e384350fb0ba843261c5bb9a2d110d48a67ac9","f96b195207499721dd22c2e65cdbf582fb509848c74bc573a5212ec5075bc408"
"signal-001317","src-d8636710e926e6e7","group-674152c5aeb4cdae","calibration","frequency","sparse-jittered","65","0.03","0.25","0.8052615509368479","1.6228583170101047","13.393448624854521","3.065977686773376","signals/calibration/signal-001317.csv","bdcb3ed42f2c511778a2655c23b0eb6fa074a0e467ab7ef3343b9699e64ff866","f96b195207499721dd22c2e65cdbf582fb509848c74bc573a5212ec5075bc408"
"signal-001318","src-d8636710e926e6e7","group-674152c5aeb4cdae","calibration","pri","clean","257","0","0","0.22910293960012496","3.1289136245846745","11.323020534228753","1.4364719689358534","signals/calibration/signal-001318.csv","5d95a06ff0ed9a95cb7b41aceb49fa0b9044b937d9d4d4c2a238b5578ca2aa61","f96b195207499721dd22c2e65cdbf582fb509848c74bc573a5212ec5075bc408"
"signal-001319","src-d8636710e926e6e7","group-674152c5aeb4cdae","calibration","pri","noisy","129","0.01","0","0.46303848875686526","0.9835589772090316","19.46356419732906","2.7945223175253844","signals/calibration/signal-001319.csv","8436ce064096e01a75e0de9f33de25e3798a52dfb2ecd337e9c0f4581597d930","f96b195207499721dd22c2e65cdbf582fb509848c74bc573a5212ec5075bc408"
"signal-001320","src-d8636710e926e6e7","group-674152c5aeb4cdae","calibration","pri","sparse-jittered","65","0.03","0.25","0.8120263500604779","3.122727248072624","15.58512410125915","1.531422497651116","signals/calibration/signal-001320.csv","162e5bbaacb68fba44ef3d0b9e13fcce71db05c504ea79c6c0c0b992310c6b9c","f96b195207499721dd22c2e65cdbf582fb509848c74bc573a5212ec5075bc408"
"signal-001321","src-c2d2af1021e8904a","group-71c89c4b72cd5782","train","frequency","clean","257","0","0","0.7497812898363918","1.4084896955639126","15.321131965759403","2.870561353924794","signals/train/signal-001321.csv","5932757ea9927738bb684c6fda587735ec3f0fe469a5c3e31bee798958612d78","881e0a70a421d743a9e6a3e60d7e4e080a0fc3e8b4889a8f022eac9395550155"
"signal-001322","src-c2d2af1021e8904a","group-71c89c4b72cd5782","train","frequency","noisy","129","0.01","0","0.34765696222893894","2.3896084379404785","14.802910226271383","1.2211375601405106","signals/train/signal-001322.csv","6a86476d24e1f560d66b979eab746e930d0cf502a3cab924e86a5530c82d66a0","881e0a70a421d743a9e6a3e60d7e4e080a0fc3e8b4889a8f022eac9395550155"
"signal-001323","src-c2d2af1021e8904a","group-71c89c4b72cd5782","train","frequency","sparse-jittered","65","0.03","0.25","0.6862811634782702","2.0323119327425956","17.46271223776786","2.3477816351343925","signals/train/signal-001323.csv","3cd418068786ea421409ec1a1c85a1343c2e62afe72b5f51e3ea01df5b95f9d1","881e0a70a421d743a9e6a3e60d7e4e080a0fc3e8b4889a8f022eac9395550155"
"signal-001324","src-c2d2af1021e8904a","group-71c89c4b72cd5782","train","pri","clean","257","0","0","0.2261868000496179","1.411569594591856","16.02500477761552","1.4864845126779151","signals/train/signal-001324.csv","8263c4d0e4b538c4b4981956ea6236c4db22b189fa500fe4aae5970fb6bd1bb7","881e0a70a421d743a9e6a3e60d7e4e080a0fc3e8b4889a8f022eac9395550155"
"signal-001325","src-c2d2af1021e8904a","group-71c89c4b72cd5782","train","pri","noisy","129","0.01","0","0.9745868335012347","1.0875490114092827","14.52008851854172","0.937000588050557","signals/train/signal-001325.csv","6d151c5085fcc7fd9dc69a5d55f051c809f207ef95765fe2c4bc3c5c6c596e84","881e0a70a421d743a9e6a3e60d7e4e080a0fc3e8b4889a8f022eac9395550155"
"signal-001326","src-c2d2af1021e8904a","group-71c89c4b72cd5782","train","pri","sparse-jittered","65","0.03","0.25","0.16483159479685128","1.0544507868587971","11.130488701122552","2.629863262948204","signals/train/signal-001326.csv","fe887b7a918a9cd47f8c7dc3bbe0948af25e2954b437663258677f421eed7fa3","881e0a70a421d743a9e6a3e60d7e4e080a0fc3e8b4889a8f022eac9395550155"
"signal-001327","src-33ead7833a4f1753","group-7ec1276e1d498907","train","frequency","clean","257","0","0","0.793399018002674","0.9949529837816954","12.841211395539665","0.9388602422868502","signals/train/signal-001327.csv","d9a7692cf2d5dce523205ce93adee516b3ec98d967c9fa1b5c7d67c411e5aca6","713a3a95486c1bf0ea129df82c1cd85dad7739ccf3eb31b022aed99be8e3f061"
"signal-001328","src-33ead7833a4f1753","group-7ec1276e1d498907","train","frequency","noisy","129","0.01","0","0.7390506046358496","1.7295778051018715","18.60336974319225","2.972301868153714","signals/train/signal-001328.csv","e7cf13c3577fe2db4ac304f52a381e4c6adb9c081b876f463f39b91c31a94b68","713a3a95486c1bf0ea129df82c1cd85dad7739ccf3eb31b022aed99be8e3f061"
"signal-001329","src-33ead7833a4f1753","group-7ec1276e1d498907","train","frequency","sparse-jittered","65","0.03","0.25","0.7629766820464283","1.5092714697122576","19.414802471931598","1.0562759210334676","signals/train/signal-001329.csv","99f1eebd6262fdc98b0debdab594864769158e110fd53b31f3f7f98ebe147ef4","713a3a95486c1bf0ea129df82c1cd85dad7739ccf3eb31b022aed99be8e3f061"
"signal-001330","src-33ead7833a4f1753","group-7ec1276e1d498907","train","pri","clean","257","0","0","0.49551167665049434","2.5988340174779294","13.16451238801574","2.8094035980108227","signals/train/signal-001330.csv","c4547e67113a30b02ea08ea407e0a41fdd61db4ea7d4cbb3f2537c482bcef2fd","713a3a95486c1bf0ea129df82c1cd85dad7739ccf3eb31b022aed99be8e3f061"
"signal-001331","src-33ead7833a4f1753","group-7ec1276e1d498907","train","pri","noisy","129","0.01","0","0.6057448498904705","1.8335435988381505","15.513149172462374","1.8471521738743633","signals/train/signal-001331.csv","77f62775eb47f3b4acf27b0f1bc7812d9d837ef0e95f4aa60046ea7b5b170dc1","713a3a95486c1bf0ea129df82c1cd85dad7739ccf3eb31b022aed99be8e3f061"
"signal-001332","src-33ead7833a4f1753","group-7ec1276e1d498907","train","pri","sparse-jittered","65","0.03","0.25","0.3536915280856192","1.5168556196615102","19.39670821188452","2.4677470798760197","signals/train/signal-001332.csv","e0567ba4db0bb26d5c2dfc0216bd49f3310aef7c5679aad5054f55009222b5a0","713a3a95486c1bf0ea129df82c1cd85dad7739ccf3eb31b022aed99be8e3f061"
"signal-001333","src-b825e3e93f2b1345","group-c3644d96300c8528","train","frequency","clean","257","0","0","0.7791028767824173","2.3383368821814656","19.855734282001954","2.6651715592159206","signals/train/signal-001333.csv","2da53070b5d2998a5729e0757f32af0b8708783f54daf5db15f9edfb4113871f","66c24ed0b8a9908b95ba68660ca234588989eecdf3258b2ee218eded96e0dab8"
"signal-001334","src-b825e3e93f2b1345","group-c3644d96300c8528","train","frequency","noisy","129","0.01","0","0.09517552587203681","1.5194061037153006","18.387341465686305","0.9929015292073444","signals/train/signal-001334.csv","a6044fda2694fb1fd7b5cf1ff3d6083104aa083ab1cc3d81482640d3a62fc74b","66c24ed0b8a9908b95ba68660ca234588989eecdf3258b2ee218eded96e0dab8"
"signal-001335","src-b825e3e93f2b1345","group-c3644d96300c8528","train","frequency","sparse-jittered","65","0.03","0.25","0.7606920346152037","0.8257401239126921","13.5233241210914","1.9014510717061235","signals/train/signal-001335.csv","a0cea3f8fd773cea939eaca15a85455fcf9d80c9c066f3a832562a5cd241e10c","66c24ed0b8a9908b95ba68660ca234588989eecdf3258b2ee218eded96e0dab8"
"signal-001336","src-b825e3e93f2b1345","group-c3644d96300c8528","train","pri","clean","257","0","0","0.09149875747971237","2.505005308613181","12.199510361666302","1.244746833039967","signals/train/signal-001336.csv","721600cef00a188fbf81d1587ef88bd19de3beea978b0a07db42a67405ebfc40","66c24ed0b8a9908b95ba68660ca234588989eecdf3258b2ee218eded96e0dab8"
"signal-001337","src-b825e3e93f2b1345","group-c3644d96300c8528","train","pri","noisy","129","0.01","0","0.017525097355246544","0.9929000305011869","14.548278826942154","1.3522318245296248","signals/train/signal-001337.csv","8e395f96ffcaacc11d8979eb7f94408d7da327dee6c0feef14c37ee55598a0ff","66c24ed0b8a9908b95ba68660ca234588989eecdf3258b2ee218eded96e0dab8"
"signal-001338","src-b825e3e93f2b1345","group-c3644d96300c8528","train","pri","sparse-jittered","65","0.03","0.25","0.39863939909264445","0.9494390344247222","19.889052521322665","2.0051247074366927","signals/train/signal-001338.csv","4aae4d060911c5245551398210aa6613e08263f170fdcb25bf4e0973dab060cd","66c24ed0b8a9908b95ba68660ca234588989eecdf3258b2ee218eded96e0dab8"
"signal-001339","src-5052ea62487b53e4","group-2685f1d6560e26a5","train","frequency","clean","257","0","0","0.7774294724222273","2.2389936465770006","12.774755445014026","1.3283638180402306","signals/train/signal-001339.csv","3ce1bca079b7085c803e58c13c1f58b5e5d025d0f415df4b040ce6b3823eae01","3f69318d51e567f7792ed99318c5a0c1204cf20fe28dce579d16a125b0319d36"
"signal-001340","src-5052ea62487b53e4","group-2685f1d6560e26a5","train","frequency","noisy","129","0.01","0","0.16459362930618227","1.1770531583577395","12.390828179902284","2.492128150530821","signals/train/signal-001340.csv","07e2030c8cd5b756ed0bd9cddc6dac949bfd2a3145bdf0f0a9f3d4d7f2b8d920","3f69318d51e567f7792ed99318c5a0c1204cf20fe28dce579d16a125b0319d36"
"signal-001341","src-5052ea62487b53e4","group-2685f1d6560e26a5","train","frequency","sparse-jittered","65","0.03","0.25","0.27596253366209567","1.8022294461727142","15.64959379815624","2.953031906058584","signals/train/signal-001341.csv","88cce79706233f3d0d226059ee53d1e133393fd5ca2cbe7b1d7c9a002f785b86","3f69318d51e567f7792ed99318c5a0c1204cf20fe28dce579d16a125b0319d36"
"signal-001342","src-5052ea62487b53e4","group-2685f1d6560e26a5","train","pri","clean","257","0","0","0.45401438139379025","2.21549395788461","10.195690236166904","0.9547807363848992","signals/train/signal-001342.csv","d43d915a9c692269f4fe731804c6e2b917fdd28a389b8e2dc24622ea2e847b0a","3f69318d51e567f7792ed99318c5a0c1204cf20fe28dce579d16a125b0319d36"
"signal-001343","src-5052ea62487b53e4","group-2685f1d6560e26a5","train","pri","noisy","129","0.01","0","0.8046039124019444","1.74150294046849","15.619508103506284","1.6888029565432294","signals/train/signal-001343.csv","98082896353023cbd3d8a5cf7e9ce737a6ca237b55320760e9e7464e85043757","3f69318d51e567f7792ed99318c5a0c1204cf20fe28dce579d16a125b0319d36"
"signal-001344","src-5052ea62487b53e4","group-2685f1d6560e26a5","train","pri","sparse-jittered","65","0.03","0.25","0.8997765639796853","1.7482511067762971","17.648603664594795","2.116808844848766","signals/train/signal-001344.csv","6ee7ab06688e457df33afd4a1f0e9abd5863b8eb4925ec185edd8f8fb1966a67","3f69318d51e567f7792ed99318c5a0c1204cf20fe28dce579d16a125b0319d36"
"signal-001345","src-fa091e23f2fcfdf0","group-41cfa1147af392be","train","frequency","clean","257","0","0","0.8609161302447319","2.1564702542498706","10.069145357419085","2.09656906634539","signals/train/signal-001345.csv","650621e6ba3e5d1a57332c486c8697e4eb32e560816eef859489c07c109d666e","8db27958e61e0ee53320f7f4c72237abaea088271d9b4e7ab9d2370206cdc5a3"
"signal-001346","src-fa091e23f2fcfdf0","group-41cfa1147af392be","train","frequency","noisy","129","0.01","0","0.034311408177018166","3.072954310663045","14.34173840308561","2.381134976114337","signals/train/signal-001346.csv","f33c7461a6fac062bb200e4365ce943d9b0b21d0a3b295649deb9e6384452a8e","8db27958e61e0ee53320f7f4c72237abaea088271d9b4e7ab9d2370206cdc5a3"
"signal-001347","src-fa091e23f2fcfdf0","group-41cfa1147af392be","train","frequency","sparse-jittered","65","0.03","0.25","0.32427572598680854","1.4293012788519264","14.47325242425493","2.805671660572033","signals/train/signal-001347.csv","6141d7bab443844e13cf509b30d8223cf67a525a74d0423137718fbec8d6deae","8db27958e61e0ee53320f7f4c72237abaea088271d9b4e7ab9d2370206cdc5a3"
"signal-001348","src-fa091e23f2fcfdf0","group-41cfa1147af392be","train","pri","clean","257","0","0","0.687964920187369","1.2053901478648186","14.176882987120447","0.8743275625988698","signals/train/signal-001348.csv","f67c91bd395f54c59a2b08df3f924e94ad361be070239ac8b752ac6a1395975f","8db27958e61e0ee53320f7f4c72237abaea088271d9b4e7ab9d2370206cdc5a3"
"signal-001349","src-fa091e23f2fcfdf0","group-41cfa1147af392be","train","pri","noisy","129","0.01","0","0.30938628991134465","1.8668860279023647","12.628110966915386","1.2817354417663402","signals/train/signal-001349.csv","f9aceaf717ba1a63b00a541a0107bb25b0f46f201124ee07e97e294194c976f0","8db27958e61e0ee53320f7f4c72237abaea088271d9b4e7ab9d2370206cdc5a3"
"signal-001350","src-fa091e23f2fcfdf0","group-41cfa1147af392be","train","pri","sparse-jittered","65","0.03","0.25","0.7695113099180162","1.6855864664539695","15.81561520357846","2.272935549667899","signals/train/signal-001350.csv","5c690b94e988b68b747ad192160c737918d4b7ba8e11b54f8c9b3eff35bdb018","8db27958e61e0ee53320f7f4c72237abaea088271d9b4e7ab9d2370206cdc5a3"
"signal-001351","src-aee2f8f3675e12b7","group-c7691deb90512ea7","train","frequency","clean","257","0","0","0.3896525346208364","2.144917323440313","14.476510908804105","2.2434849876338365","signals/train/signal-001351.csv","485e87d8c156d35a015aba03fa7e6a79b4db459a162b426e8117c8c0fd367a68","4bf25ec4632639580eb0c0dc79fd6ae2b6005cd11d88f8e236f54db1f856a8f0"
"signal-001352","src-aee2f8f3675e12b7","group-c7691deb90512ea7","train","frequency","noisy","129","0.01","0","0.47324906475842","2.1050313906744123","14.774607475772855","2.408990295881484","signals/train/signal-001352.csv","59d7ed87a100c048e6dca74beb0691eaecbdcb6d0d72aba0ce1b39de569a7624","4bf25ec4632639580eb0c0dc79fd6ae2b6005cd11d88f8e236f54db1f856a8f0"
"signal-001353","src-aee2f8f3675e12b7","group-c7691deb90512ea7","train","frequency","sparse-jittered","65","0.03","0.25","0.6912563506048173","2.987556874379516","18.64166219711607","1.2558634827635764","signals/train/signal-001353.csv","c3f6eaa8ec04fa6d27fa4909e55c9529330b2245a28992760322df24fb9b8843","4bf25ec4632639580eb0c0dc79fd6ae2b6005cd11d88f8e236f54db1f856a8f0"
"signal-001354","src-aee2f8f3675e12b7","group-c7691deb90512ea7","train","pri","clean","257","0","0","0.9083249131217599","2.1022471213713287","14.401103595068935","1.0625033342126198","signals/train/signal-001354.csv","09a3f386c2ae915f3f0dfd885b83d8fcf7bec4617f011da47590b4660879b471","4bf25ec4632639580eb0c0dc79fd6ae2b6005cd11d88f8e236f54db1f856a8f0"
"signal-001355","src-aee2f8f3675e12b7","group-c7691deb90512ea7","train","pri","noisy","129","0.01","0","0.6051896535791457","2.3467715544626118","18.702872971728404","2.7083669966767623","signals/train/signal-001355.csv","f94bd32916bfac5f9f1cbe5fbd7e2617cde202841d59807d110d7926d9197750","4bf25ec4632639580eb0c0dc79fd6ae2b6005cd11d88f8e236f54db1f856a8f0"
"signal-001356","src-aee2f8f3675e12b7","group-c7691deb90512ea7","train","pri","sparse-jittered","65","0.03","0.25","0.6026045230682939","0.9937310922890902","18.382703203041096","2.7517304703577103","signals/train/signal-001356.csv","ad45b3bfea5dbe90352f87cb4f6c4e3316e595be02f760a877b623e18414f66f","4bf25ec4632639580eb0c0dc79fd6ae2b6005cd11d88f8e236f54db1f856a8f0"
"signal-001357","src-9409760b4ba98474","group-b88a72dec9537910","train","frequency","clean","257","0","0","0.6080319050233811","2.445444452390075","16.640323967688378","2.4058796047258184","signals/train/signal-001357.csv","84efc33b31c366673fa8ffff93cc17a64e488a271be26e463c871c002fa5d329","ad4cf22d4430f33ba98f27a24a24006cf32486af205cec3e3eb23c2dc53c2544"
"signal-001358","src-9409760b4ba98474","group-b88a72dec9537910","train","frequency","noisy","129","0.01","0","0.9746446146164089","2.043549785017967","17.807487653694906","2.6762732605109285","signals/train/signal-001358.csv","660012494b03b4ed9e521bb470e8e4f81f590f3ce94507a2f8d1832a1cc50433","ad4cf22d4430f33ba98f27a24a24006cf32486af205cec3e3eb23c2dc53c2544"
"signal-001359","src-9409760b4ba98474","group-b88a72dec9537910","train","frequency","sparse-jittered","65","0.03","0.25","0.7406307726632804","1.7801265072077512","10.172074435889124","1.2844075057903588","signals/train/signal-001359.csv","67365337792d1b05f388d5907c5c333a01eeb858d7162a4f433f5973a2c33b45","ad4cf22d4430f33ba98f27a24a24006cf32486af205cec3e3eb23c2dc53c2544"
"signal-001360","src-9409760b4ba98474","group-b88a72dec9537910","train","pri","clean","257","0","0","0.46286044362932444","3.067273720540106","16.484354899810413","1.4030537955225917","signals/train/signal-001360.csv","0051c74a8111877f161e73653fbbf11da0f755a8ac003d5cba190606b1cafc9c","ad4cf22d4430f33ba98f27a24a24006cf32486af205cec3e3eb23c2dc53c2544"
"signal-001361","src-9409760b4ba98474","group-b88a72dec9537910","train","pri","noisy","129","0.01","0","0.737014887155965","2.9394557751715187","12.46629588780161","2.1480152219101356","signals/train/signal-001361.csv","3c4584fdc9e717a7c9eedc6d1771f66a15da326a42da0a1592140e14091e628f","ad4cf22d4430f33ba98f27a24a24006cf32486af205cec3e3eb23c2dc53c2544"
"signal-001362","src-9409760b4ba98474","group-b88a72dec9537910","train","pri","sparse-jittered","65","0.03","0.25","0.23236634442582726","1.600732292048633","17.846560315494887","2.6768725998104586","signals/train/signal-001362.csv","19d7816e74ca0d6a1e0127354f8014930a64c87af7006d9d460130e8146105e1","ad4cf22d4430f33ba98f27a24a24006cf32486af205cec3e3eb23c2dc53c2544"
"signal-001363","src-5add6cc6b57718fd","group-dcce73b1d903eb01","train","frequency","clean","257","0","0","0.1734055606648326","2.326404286362231","11.08887482423524","1.6748764461793737","signals/train/signal-001363.csv","51d804d903715ce1b36fca7f9a01a70809f7c334085ca3dbebf3301857fa559c","06ecf66acfc76781d8ad1d29b0db62a20cf4a084b50841a514acedf9477aa5b5"
"signal-001364","src-5add6cc6b57718fd","group-dcce73b1d903eb01","train","frequency","noisy","129","0.01","0","0.4302666401490569","1.957352147437632","12.296559734197412","0.83196478634515","signals/train/signal-001364.csv","bf02bed9ddd962177c0dbe0681b1b44b83bbe48465426bc92afea8e9ac679496","06ecf66acfc76781d8ad1d29b0db62a20cf4a084b50841a514acedf9477aa5b5"
"signal-001365","src-5add6cc6b57718fd","group-dcce73b1d903eb01","train","frequency","sparse-jittered","65","0.03","0.25","0.016550841741263866","1.1740764388814569","17.28337511512606","2.1672846436921844","signals/train/signal-001365.csv","e1b9ddebf1f8bf0e489ca28bf9a0c25871ed9fdb4843cf4068dfbea6910f72c4","06ecf66acfc76781d8ad1d29b0db62a20cf4a084b50841a514acedf9477aa5b5"
"signal-001366","src-5add6cc6b57718fd","group-dcce73b1d903eb01","train","pri","clean","257","0","0","0.37917531724087894","1.9135315369814634","13.533974410787273","1.6953125688260382","signals/train/signal-001366.csv","981b0d5a6c5766ee03bfbbccbf52c15f5e6b9c6286db2ada80a72c99c4164c74","06ecf66acfc76781d8ad1d29b0db62a20cf4a084b50841a514acedf9477aa5b5"
"signal-001367","src-5add6cc6b57718fd","group-dcce73b1d903eb01","train","pri","noisy","129","0.01","0","0.24532558675855398","1.8313715795055032","11.444567691833704","2.529197939846094","signals/train/signal-001367.csv","9ecd8ec86c8a1d95ec1a3cf031d5a702a8ad0871996e383176ed4478efe8bb37","06ecf66acfc76781d8ad1d29b0db62a20cf4a084b50841a514acedf9477aa5b5"
"signal-001368","src-5add6cc6b57718fd","group-dcce73b1d903eb01","train","pri","sparse-jittered","65","0.03","0.25","0.9064699003938586","2.0509386226534843","13.244663114406045","1.2191067027788751","signals/train/signal-001368.csv","c44b64311253f3c9ced511761da0f9ffbab035f850d5a40a88ebae98b3f5efc0","06ecf66acfc76781d8ad1d29b0db62a20cf4a084b50841a514acedf9477aa5b5"
"signal-001369","src-b837183d7ac43569","group-771e571628412b76","train","frequency","clean","257","0","0","0.6211813003756106","2.6098720921203493","17.961249006368966","0.7801338255077219","signals/train/signal-001369.csv","70faa5e1a0664d836c8153ef4a69a091537564b88cbda11b48bc106c5da353e7","459778b03d2bad1bdc12989018adeb11f772b45a240669e180287677731d8a36"
"signal-001370","src-b837183d7ac43569","group-771e571628412b76","train","frequency","noisy","129","0.01","0","0.6688452635426074","2.5781637229025365","13.90691721000794","0.7684251191325782","signals/train/signal-001370.csv","05592cda5876ef5e59c63a84ea9fa068d40b3dc3c5c9db11b51f3ec858d217c1","459778b03d2bad1bdc12989018adeb11f772b45a240669e180287677731d8a36"
"signal-001371","src-b837183d7ac43569","group-771e571628412b76","train","frequency","sparse-jittered","65","0.03","0.25","0.6696878916118294","2.594269585609436","16.471597755431915","1.0640961097975623","signals/train/signal-001371.csv","b07f22cbf836f6967913d533a7aff4119b5aa04000733a7c61dc6cb1becf6f2f","459778b03d2bad1bdc12989018adeb11f772b45a240669e180287677731d8a36"
"signal-001372","src-b837183d7ac43569","group-771e571628412b76","train","pri","clean","257","0","0","0.9013362973928452","1.7042172523215413","19.952015200062107","0.8067334041409211","signals/train/signal-001372.csv","db2cef5e613601028be473e826b0236fc9885f0cc5ab4af75f4aaa33178def66","459778b03d2bad1bdc12989018adeb11f772b45a240669e180287677731d8a36"
"signal-001373","src-b837183d7ac43569","group-771e571628412b76","train","pri","noisy","129","0.01","0","0.3796130975242704","1.7011559147387743","17.97876090390406","2.048845837613996","signals/train/signal-001373.csv","fd3a83efb71a5b29a9abed6b7a50120cc21d2c9cdb7308f3023c4d1d28a37f89","459778b03d2bad1bdc12989018adeb11f772b45a240669e180287677731d8a36"
"signal-001374","src-b837183d7ac43569","group-771e571628412b76","train","pri","sparse-jittered","65","0.03","0.25","0.6181088904850185","1.8918769901618362","17.96591509186962","0.8113103227771781","signals/train/signal-001374.csv","60200998009045a0b545e381ff101daa60cafc57aa6572f0c1567dcf6b40c96f","459778b03d2bad1bdc12989018adeb11f772b45a240669e180287677731d8a36"
"signal-001375","src-1ad46f4733410331","group-c80654d69747d0bd","train","frequency","clean","257","0","0","0.12339257984422147","3.159344768896699","17.15837919922644","1.3525673640895164","signals/train/signal-001375.csv","20a1e769ee77f6f9b5432b39709569d2e4c5017a11c657d6c8d68d5408bad2ac","d2aef6ef818d6450669c19dd28416a2d1c50fdbff64202411610148f2f78d545"
"signal-001376","src-1ad46f4733410331","group-c80654d69747d0bd","train","frequency","noisy","129","0.01","0","0.44480135198682547","3.0495161870494485","18.74586504266468","2.7490238930994195","signals/train/signal-001376.csv","ee36b36a5a34ad0a57400dcf0d677abf03eabb595b4c9bccfec13adf62dd3981","d2aef6ef818d6450669c19dd28416a2d1c50fdbff64202411610148f2f78d545"
"signal-001377","src-1ad46f4733410331","group-c80654d69747d0bd","train","frequency","sparse-jittered","65","0.03","0.25","0.1580124842002988","1.2469673508778214","13.732772804285643","1.3149614715393803","signals/train/signal-001377.csv","6156c86129d3324554b6549b57a22bc7fe79c0b3bcc06858e2d2b012d631636f","d2aef6ef818d6450669c19dd28416a2d1c50fdbff64202411610148f2f78d545"
"signal-001378","src-1ad46f4733410331","group-c80654d69747d0bd","train","pri","clean","257","0","0","0.7799297524616122","2.9525892088189725","19.664053954892708","2.7454161596744378","signals/train/signal-001378.csv","812b7d864a58a9f53588e279cae8d7951be539a26061bbedbb5f7121e984afd5","d2aef6ef818d6450669c19dd28416a2d1c50fdbff64202411610148f2f78d545"
"signal-001379","src-1ad46f4733410331","group-c80654d69747d0bd","train","pri","noisy","129","0.01","0","0.03425701358355582","1.154235665500164","11.194994882047068","1.0954032651504946","signals/train/signal-001379.csv","4387b30c4f2c8262d9666f456fe51205ab2cb14e0d8dbabefd0ad4f709058183","d2aef6ef818d6450669c19dd28416a2d1c50fdbff64202411610148f2f78d545"
"signal-001380","src-1ad46f4733410331","group-c80654d69747d0bd","train","pri","sparse-jittered","65","0.03","0.25","0.6396744647063315","2.0409617645666005","18.542748234073333","1.9978043981581664","signals/train/signal-001380.csv","a7cb5c6ab69db3332708cb883c2949131c34fa5f0e678d02ca046e0462fb3181","d2aef6ef818d6450669c19dd28416a2d1c50fdbff64202411610148f2f78d545"
"signal-001381","src-0df30da4a20dfe77","group-c9faf180629a36ca","train","frequency","clean","257","0","0","0.8000172064639628","2.8753713203594087","13.389934889400728","1.5686677582356072","signals/train/signal-001381.csv","6809bd3d7a20c23b80151335dce867254fc570234820a76081430d4ecc4e778a","2a06130e093ef8473a865657036e03ed8d1fc3548c8ac7c8d5251d991dd2ae09"
"signal-001382","src-0df30da4a20dfe77","group-c9faf180629a36ca","train","frequency","noisy","129","0.01","0","0.973699135472998","1.2286620739847423","17.11335420916747","2.285421246621693","signals/train/signal-001382.csv","1554f124404ff06695f937202e210d04f1384342a8f8e44c5ee2ca8b8d5d9a99","2a06130e093ef8473a865657036e03ed8d1fc3548c8ac7c8d5251d991dd2ae09"
"signal-001383","src-0df30da4a20dfe77","group-c9faf180629a36ca","train","frequency","sparse-jittered","65","0.03","0.25","0.28295863699167967","1.6509541222825646","12.37835687881566","3.1384981444364612","signals/train/signal-001383.csv","efba762698af1a637fb671711de10685a6dea27bbdc305391554deacaeed97ed","2a06130e093ef8473a865657036e03ed8d1fc3548c8ac7c8d5251d991dd2ae09"
"signal-001384","src-0df30da4a20dfe77","group-c9faf180629a36ca","train","pri","clean","257","0","0","0.000929676229134202","1.4391649141907692","13.938985807092216","1.2138662367709383","signals/train/signal-001384.csv","29249d1d38f95c6783fb619eec8d41bd0a156f614ca51eeb82eeaf685da37c19","2a06130e093ef8473a865657036e03ed8d1fc3548c8ac7c8d5251d991dd2ae09"
"signal-001385","src-0df30da4a20dfe77","group-c9faf180629a36ca","train","pri","noisy","129","0.01","0","0.31323317368514836","0.9516762576997281","16.206152474491677","1.162383112099917","signals/train/signal-001385.csv","7b673e6547405b763a398efac9068b1216f38d484439511c2d8aee6c9b4d1e2b","2a06130e093ef8473a865657036e03ed8d1fc3548c8ac7c8d5251d991dd2ae09"
"signal-001386","src-0df30da4a20dfe77","group-c9faf180629a36ca","train","pri","sparse-jittered","65","0.03","0.25","0.8006542823277414","2.8198268374428155","13.484339409153463","1.8505419980024964","signals/train/signal-001386.csv","7c0d41469465d3535bc26d95a1938f690ccf47f22ed1a1481ea2f0cbae6e0c4a","2a06130e093ef8473a865657036e03ed8d1fc3548c8ac7c8d5251d991dd2ae09"
"signal-001387","src-1e10621405be7958","group-df50f8192f9562e8","test","frequency","clean","257","0","0","0.30980245769023895","1.1034128757193684","18.681529669332733","2.5736860980836944","signals/test/signal-001387.csv","be8707db89e34ba786b8c5c3895c8e8ddfa7cc7b27ad8b5db118527ab723e5b7","3e91cefcebacf9a15052ae407faa256abaa88e85cc86c0a1fa09984d1c99b1be"
"signal-001388","src-1e10621405be7958","group-df50f8192f9562e8","test","frequency","noisy","129","0.01","0","0.8955184088554233","1.499539265409112","11.511326509608496","2.592706876777516","signals/test/signal-001388.csv","7d736340b91d7fef0d0b5a36363da070fb726c289790af1edbcb0b2d76337fb0","3e91cefcebacf9a15052ae407faa256abaa88e85cc86c0a1fa09984d1c99b1be"
"signal-001389","src-1e10621405be7958","group-df50f8192f9562e8","test","frequency","sparse-jittered","65","0.03","0.25","0.6154747458640486","2.1926825240254404","11.031590770901072","3.12480458237804","signals/test/signal-001389.csv","5cee9e9d9d91d21ec1f167eae6b4f9fd6482297cdede5d53e94220c5f74a86b3","3e91cefcebacf9a15052ae407faa256abaa88e85cc86c0a1fa09984d1c99b1be"
"signal-001390","src-1e10621405be7958","group-df50f8192f9562e8","test","pri","clean","257","0","0","0.006268917350098491","2.262291329726577","14.342428938666618","2.438549359573308","signals/test/signal-001390.csv","f23fff5f6cc44d49575abc1e626bc74e59c45cfcb5aada9545dc506ccf6759e5","3e91cefcebacf9a15052ae407faa256abaa88e85cc86c0a1fa09984d1c99b1be"
"signal-001391","src-1e10621405be7958","group-df50f8192f9562e8","test","pri","noisy","129","0.01","0","0.7576329924631864","1.3288461647927763","15.94523347018372","1.7635683050803852","signals/test/signal-001391.csv","0dda3f0feee0f3fe331f64bbb67e5b951d80b79b5da6ff8ca42408ae53e872f5","3e91cefcebacf9a15052ae407faa256abaa88e85cc86c0a1fa09984d1c99b1be"
"signal-001392","src-1e10621405be7958","group-df50f8192f9562e8","test","pri","sparse-jittered","65","0.03","0.25","0.6767926681786776","1.3439333396032453","13.411800789380855","1.7474807660908294","signals/test/signal-001392.csv","1e02297e6d10e7c4006c2723c98d188c7473cd0573b591bf86c78ae2d1c884b4","3e91cefcebacf9a15052ae407faa256abaa88e85cc86c0a1fa09984d1c99b1be"
"signal-001393","src-1a98aff2d0547d5a","group-207049b6f402cd6a","train","frequency","clean","257","0","0","0.543936065165326","2.5933000084012745","11.924905791205575","2.1402725373976796","signals/train/signal-001393.csv","9a86e16bd05ace273925a19894c2af7a143a37899fb2ab721b4375e93c75b29f","3a6fc8821feca222e527eea73975416c285846c9a9a4e4d6fd0a06fecaa841ba"
"signal-001394","src-1a98aff2d0547d5a","group-207049b6f402cd6a","train","frequency","noisy","129","0.01","0","0.607249130262062","2.1428375374525785","10.063960812774576","1.4573392379606638","signals/train/signal-001394.csv","40e6b22c4528be9095755778731d674b9a5d877757410758135c9b6b1a873f24","3a6fc8821feca222e527eea73975416c285846c9a9a4e4d6fd0a06fecaa841ba"
"signal-001395","src-1a98aff2d0547d5a","group-207049b6f402cd6a","train","frequency","sparse-jittered","65","0.03","0.25","0.4222625596448779","2.057182187773287","15.634605590270867","0.9865642457608708","signals/train/signal-001395.csv","a53f59b24683c37ec32bd8d72dcf7d30974427fc0c8fa8a3ac8259882bdd77d7","3a6fc8821feca222e527eea73975416c285846c9a9a4e4d6fd0a06fecaa841ba"
"signal-001396","src-1a98aff2d0547d5a","group-207049b6f402cd6a","train","pri","clean","257","0","0","0.7723411126062274","2.1413880297914147","16.988332658420944","1.1966070939855236","signals/train/signal-001396.csv","6853e873520027fd39eb58fc8d3cb0b50b81257fb9eecc6d4cac2966cee5fda2","3a6fc8821feca222e527eea73975416c285846c9a9a4e4d6fd0a06fecaa841ba"
"signal-001397","src-1a98aff2d0547d5a","group-207049b6f402cd6a","train","pri","noisy","129","0.01","0","0.7641107484232634","2.5496132384985684","11.422565332588864","0.9405445808515882","signals/train/signal-001397.csv","b8592dae779cf042ed313499ed61c972d358fb514e3b148df43cc0c4333c00ec","3a6fc8821feca222e527eea73975416c285846c9a9a4e4d6fd0a06fecaa841ba"
"signal-001398","src-1a98aff2d0547d5a","group-207049b6f402cd6a","train","pri","sparse-jittered","65","0.03","0.25","0.22635215567424893","2.765426987223327","12.179605410186415","0.9877886488267134","signals/train/signal-001398.csv","92feec878a27c266ae06700c9b19ab94ccee6d658688b56a90512fe4200397b2","3a6fc8821feca222e527eea73975416c285846c9a9a4e4d6fd0a06fecaa841ba"
"signal-001399","src-c193e286e657c272","group-2ee6e9c804380c0e","train","frequency","clean","257","0","0","0.19991479231975973","1.8169761095196009","11.355258581464078","2.660856312982192","signals/train/signal-001399.csv","0595a18b9fff06303efdb4b2a1020bc7580a3ae652e40957f8b99a4f08598446","59da359d3ea38ad687934516d3dae62243cf67be369be0e774658bb8e54e31a3"
"signal-001400","src-c193e286e657c272","group-2ee6e9c804380c0e","train","frequency","noisy","129","0.01","0","0.19084871746599674","1.022271944768727","14.066588378666989","1.3264591287914609","signals/train/signal-001400.csv","f62fc59374a21daf2b88f73e7face105272f3bffdd4d7c522d969b519cba4ee4","59da359d3ea38ad687934516d3dae62243cf67be369be0e774658bb8e54e31a3"
"signal-001401","src-c193e286e657c272","group-2ee6e9c804380c0e","train","frequency","sparse-jittered","65","0.03","0.25","0.8339094400871545","2.2335434906184672","13.093902804647744","0.963872033677271","signals/train/signal-001401.csv","945ce64b2fda6e2aada2470155bb0b4d1b5a754b8127de80cc76f22cf1a60059","59da359d3ea38ad687934516d3dae62243cf67be369be0e774658bb8e54e31a3"
"signal-001402","src-c193e286e657c272","group-2ee6e9c804380c0e","train","pri","clean","257","0","0","0.6518162414431572","2.6724325688555837","17.450993146519274","0.8437453053490245","signals/train/signal-001402.csv","747e4bcbabee046665f772cac6b71ef7ff66d881dcfe0ca774a7dda7d250e8f8","59da359d3ea38ad687934516d3dae62243cf67be369be0e774658bb8e54e31a3"
"signal-001403","src-c193e286e657c272","group-2ee6e9c804380c0e","train","pri","noisy","129","0.01","0","0.181661497335881","2.803336039744318","11.208076351440848","1.7954884831889544","signals/train/signal-001403.csv","05dbd48dea15ff29133bc4142401f74132d807f992f799fb0e2daf02978939b9","59da359d3ea38ad687934516d3dae62243cf67be369be0e774658bb8e54e31a3"
"signal-001404","src-c193e286e657c272","group-2ee6e9c804380c0e","train","pri","sparse-jittered","65","0.03","0.25","0.9084474097471684","2.3221327271312475","15.611018498423986","2.89024670293691","signals/train/signal-001404.csv","ea5b806fffb85b8a2b2ebbeb73dc717d8ab40e3a014a8e6cc7a3fffc24dc7b35","59da359d3ea38ad687934516d3dae62243cf67be369be0e774658bb8e54e31a3"
"signal-001405","src-dbea709cf7f4ea1a","group-28105a20c648d33d","validation","frequency","clean","257","0","0","0.6961657493375242","2.3171021988615395","16.2676690336029","2.9351899539511113","signals/validation/signal-001405.csv","6fda5ae2d951312c892718299a8f4a3061e67e3384ba8d716c80c4348fadd664","b652dfc60f97ad6294aacd9dae3b81b0a9064b7c0f0f6efeaa3ac4e5b7dcb25b"
"signal-001406","src-dbea709cf7f4ea1a","group-28105a20c648d33d","validation","frequency","noisy","129","0.01","0","0.5670616149436682","1.614732737466693","18.23802527822302","0.7600266280257735","signals/validation/signal-001406.csv","f84f06961c7aa48c5626abd298cc5cb5102e93b7b28ea3199c9f363b0c6e8fc5","b652dfc60f97ad6294aacd9dae3b81b0a9064b7c0f0f6efeaa3ac4e5b7dcb25b"
"signal-001407","src-dbea709cf7f4ea1a","group-28105a20c648d33d","validation","frequency","sparse-jittered","65","0.03","0.25","0.2747279037721455","0.9645012853667141","14.440137507570952","2.521563881458592","signals/validation/signal-001407.csv","84fc6787b999b1a04e42c6e5552a1ef5227b8a65ff6a2a0851a4739ac6a0be86","b652dfc60f97ad6294aacd9dae3b81b0a9064b7c0f0f6efeaa3ac4e5b7dcb25b"
"signal-001408","src-dbea709cf7f4ea1a","group-28105a20c648d33d","validation","pri","clean","257","0","0","0.7602458114270121","0.8917338594794274","14.451468535850722","1.882851703483711","signals/validation/signal-001408.csv","651dbdf734bcc5c01ef846798add3ff8ae60212fc3e92cd12d330a6c8faa72a2","b652dfc60f97ad6294aacd9dae3b81b0a9064b7c0f0f6efeaa3ac4e5b7dcb25b"
"signal-001409","src-dbea709cf7f4ea1a","group-28105a20c648d33d","validation","pri","noisy","129","0.01","0","0.22510877042077482","2.3580627206712963","18.808224943198006","2.899823062403094","signals/validation/signal-001409.csv","0a01084fd586d368a355cd1d556b3182399bc2573f941dbc9529067bfb383c33","b652dfc60f97ad6294aacd9dae3b81b0a9064b7c0f0f6efeaa3ac4e5b7dcb25b"
"signal-001410","src-dbea709cf7f4ea1a","group-28105a20c648d33d","validation","pri","sparse-jittered","65","0.03","0.25","0.43473465903662145","2.746135816350579","17.872520079710796","2.121127605847324","signals/validation/signal-001410.csv","adad5289b36882273cad8f5fd48edf2109b85ec71f8f841b9aea00de0078fbce","b652dfc60f97ad6294aacd9dae3b81b0a9064b7c0f0f6efeaa3ac4e5b7dcb25b"
"signal-001411","src-b58d90e6a4e822c6","group-2b08fd8ffc9f9df1","test","frequency","clean","257","0","0","0.8415134812239558","1.3778445824980736","15.50098146599451","1.6660465416656933","signals/test/signal-001411.csv","ed9c7f72af2e391e2575a90a1a8258e2d11c4b51200d0f45b270486c9f5444c8","d82761ff1d322baa5e00298d58f2876cadfa97bfc16835fc7f1757a0a852dc08"
"signal-001412","src-b58d90e6a4e822c6","group-2b08fd8ffc9f9df1","test","frequency","noisy","129","0.01","0","0.6849694249685854","1.0280345786362886","10.939837979773147","0.9094630774053236","signals/test/signal-001412.csv","c14f0d3a6699acf456ca949cd6a4c1f0bb97a6640f107f2267edae16decc4343","d82761ff1d322baa5e00298d58f2876cadfa97bfc16835fc7f1757a0a852dc08"
"signal-001413","src-b58d90e6a4e822c6","group-2b08fd8ffc9f9df1","test","frequency","sparse-jittered","65","0.03","0.25","0.25711332238279283","1.2401529300957919","12.19126608603307","2.1356973076545813","signals/test/signal-001413.csv","94a787fe58a0b506bd3337f905f19bcc4da5b3f7eb60b87cee6a7f563ed3841e","d82761ff1d322baa5e00298d58f2876cadfa97bfc16835fc7f1757a0a852dc08"
"signal-001414","src-b58d90e6a4e822c6","group-2b08fd8ffc9f9df1","test","pri","clean","257","0","0","0.5945118314120919","1.0004633665084839","10.215386616295444","1.4882359557584692","signals/test/signal-001414.csv","21604db4fd22e1cab2dbf9c64a458000d80393a1a643970de25e652611121978","d82761ff1d322baa5e00298d58f2876cadfa97bfc16835fc7f1757a0a852dc08"
"signal-001415","src-b58d90e6a4e822c6","group-2b08fd8ffc9f9df1","test","pri","noisy","129","0.01","0","0.5324863402638584","1.2371239215135574","14.414752736605436","2.529348421895536","signals/test/signal-001415.csv","18c4fdc8989064571ffdacd6a34a272fd138783a71f300b783c1b0b47ecc7faf","d82761ff1d322baa5e00298d58f2876cadfa97bfc16835fc7f1757a0a852dc08"
"signal-001416","src-b58d90e6a4e822c6","group-2b08fd8ffc9f9df1","test","pri","sparse-jittered","65","0.03","0.25","0.6044496733229607","2.99136934839189","10.133309281664157","2.3064158839968627","signals/test/signal-001416.csv","ca8ea8113e62d9ede8c41eac248642e51bba5893d30877e05ab2b43cdbfb820a","d82761ff1d322baa5e00298d58f2876cadfa97bfc16835fc7f1757a0a852dc08"
"signal-001417","src-96c0058b1cac97fe","group-8d450c97239a5746","test","frequency","clean","257","0","0","0.6368629136122763","2.1074390633031728","13.222203708157291","2.678342392416331","signals/test/signal-001417.csv","2761695a869a2c107bbfcf97b23b74b64b536d6efbf34b98b86511769f67c5c2","926c1d7e8a7f6e3c9bde643572d92209105d2ff09d51a42e93f6ba3936bdb43f"
"signal-001418","src-96c0058b1cac97fe","group-8d450c97239a5746","test","frequency","noisy","129","0.01","0","0.5186388855800033","1.1830905655398964","14.955135349828264","0.7647119396245792","signals/test/signal-001418.csv","39d13bc1ac68d875d6954a99c603856f5abe5a2a343977dc843d2b37adf2405c","926c1d7e8a7f6e3c9bde643572d92209105d2ff09d51a42e93f6ba3936bdb43f"
"signal-001419","src-96c0058b1cac97fe","group-8d450c97239a5746","test","frequency","sparse-jittered","65","0.03","0.25","0.8784595392644405","1.290491151995957","13.962666246659477","2.003938006562519","signals/test/signal-001419.csv","aedbb4ed18b44dfe86062819f6422c7e6b165aaf32b10d8e15e5b72c379e67bb","926c1d7e8a7f6e3c9bde643572d92209105d2ff09d51a42e93f6ba3936bdb43f"
"signal-001420","src-96c0058b1cac97fe","group-8d450c97239a5746","test","pri","clean","257","0","0","0.17127355723641813","2.8179022077471014","15.16199625937326","1.1398547357508448","signals/test/signal-001420.csv","dd43ada26374175d9bf871a9a9dc91b2e1899e48e7d667e5bb434aef5ccb5d04","926c1d7e8a7f6e3c9bde643572d92209105d2ff09d51a42e93f6ba3936bdb43f"
"signal-001421","src-96c0058b1cac97fe","group-8d450c97239a5746","test","pri","noisy","129","0.01","0","0.0037758781109005213","1.8269244998693466","18.647622208768592","2.2173388914958707","signals/test/signal-001421.csv","3596a9137ccfaef9214362195931f859c68b1e88c64d6c3c8ff20d972161b0c8","926c1d7e8a7f6e3c9bde643572d92209105d2ff09d51a42e93f6ba3936bdb43f"
"signal-001422","src-96c0058b1cac97fe","group-8d450c97239a5746","test","pri","sparse-jittered","65","0.03","0.25","0.3949648055713624","1.0591944690793753","11.005695320836201","2.1819344876990634","signals/test/signal-001422.csv","d7d8e47f671691ac3e44b075ccb85c94289819320c36249e1512c168d6f996cd","926c1d7e8a7f6e3c9bde643572d92209105d2ff09d51a42e93f6ba3936bdb43f"
"signal-001423","src-ca5c220fdf43214c","group-c7fac6b589fd12b6","test","frequency","clean","257","0","0","0.8815389843657613","2.020594661869109","12.067121409910472","2.825073519239144","signals/test/signal-001423.csv","6cbd07d6e489d176521ae6d3d3834bbd9b24309be286335b3d7894e7d3f25d9c","dfcb6f549962a86fa6748638b4ace3306cabd708bcd72acbbb1281783076fa67"
"signal-001424","src-ca5c220fdf43214c","group-c7fac6b589fd12b6","test","frequency","noisy","129","0.01","0","0.35421230434440076","3.1583661381155252","19.837158669266508","1.3075257523327046","signals/test/signal-001424.csv","f22d79af0603e35e8bc85264833c4152b27ffb0a85498651bb008dfefc63cde9","dfcb6f549962a86fa6748638b4ace3306cabd708bcd72acbbb1281783076fa67"
"signal-001425","src-ca5c220fdf43214c","group-c7fac6b589fd12b6","test","frequency","sparse-jittered","65","0.03","0.25","0.9157460909336805","1.8798733817413449","16.747189133091997","2.6260739045242403","signals/test/signal-001425.csv","181c2f83425d217218adc3842de8c28548c62ff94832a4113c4bc3e4dd0199e2","dfcb6f549962a86fa6748638b4ace3306cabd708bcd72acbbb1281783076fa67"
"signal-001426","src-ca5c220fdf43214c","group-c7fac6b589fd12b6","test","pri","clean","257","0","0","0.7051284098997712","2.0596325958147643","10.471298745285091","0.9189769638526784","signals/test/signal-001426.csv","51dbcaaed83af7518ec09b54714c182d274aad692c2a146c8b99495130c1ba33","dfcb6f549962a86fa6748638b4ace3306cabd708bcd72acbbb1281783076fa67"
"signal-001427","src-ca5c220fdf43214c","group-c7fac6b589fd12b6","test","pri","noisy","129","0.01","0","0.6532272926997393","2.84986258558929","17.02633204795593","1.7332635760953394","signals/test/signal-001427.csv","48dffddefee31ada13743e34a0c5ca8cc31af28b098e9e69b6204b22669a46ca","dfcb6f549962a86fa6748638b4ace3306cabd708bcd72acbbb1281783076fa67"
"signal-001428","src-ca5c220fdf43214c","group-c7fac6b589fd12b6","test","pri","sparse-jittered","65","0.03","0.25","0.6921464127954096","1.3404254365712405","14.238072972444812","0.9077996443094261","signals/test/signal-001428.csv","25cfc06b1acfe4acef28091a06d41ea02016ba617379291de6a46e96333bd51a","dfcb6f549962a86fa6748638b4ace3306cabd708bcd72acbbb1281783076fa67"
"signal-001429","src-50242a46d983447b","group-0461ed20de6abd31","train","frequency","clean","257","0","0","0.41661688638851047","2.684093189798295","19.930098857457203","1.4762633901827833","signals/train/signal-001429.csv","e08dfacffa66f6312cc5b76fb2468abcb22cfa27902ff82864c2bb9df0a9b908","0fba132c4187c99d0ceea294cc3fc8d54359acd9fcd29732130433e7f86330b7"
"signal-001430","src-50242a46d983447b","group-0461ed20de6abd31","train","frequency","noisy","129","0.01","0","0.8151173768565059","0.9328118452802301","11.684984259224684","1.5396754571584665","signals/train/signal-001430.csv","9d87aa8c70722e12852310a4831ea95e44ba1b30a93fa05efb11c0b402b68252","0fba132c4187c99d0ceea294cc3fc8d54359acd9fcd29732130433e7f86330b7"
"signal-001431","src-50242a46d983447b","group-0461ed20de6abd31","train","frequency","sparse-jittered","65","0.03","0.25","0.09077187883667648","3.1754884686321017","12.110962405643495","0.9418147389549674","signals/train/signal-001431.csv","35360eeec4f10c280c75c215017c8c0477ee4dd287ee5007736b88c4f347439f","0fba132c4187c99d0ceea294cc3fc8d54359acd9fcd29732130433e7f86330b7"
"signal-001432","src-50242a46d983447b","group-0461ed20de6abd31","train","pri","clean","257","0","0","0.4187430050224066","2.5661046670749785","18.073266655746444","1.868764469680034","signals/train/signal-001432.csv","b890247364d4feab06781cb53ef491dc1c45d594ef57c6eab7574bb744771171","0fba132c4187c99d0ceea294cc3fc8d54359acd9fcd29732130433e7f86330b7"
"signal-001433","src-50242a46d983447b","group-0461ed20de6abd31","train","pri","noisy","129","0.01","0","0.3811133545823395","1.5536444095894695","18.85850657873978","1.2702923142999154","signals/train/signal-001433.csv","288bc073ff9f3d62cde8af9c26e62aa47b6f7c37c6e9376f3d5bfebb346511e0","0fba132c4187c99d0ceea294cc3fc8d54359acd9fcd29732130433e7f86330b7"
"signal-001434","src-50242a46d983447b","group-0461ed20de6abd31","train","pri","sparse-jittered","65","0.03","0.25","0.9617766104638577","0.93594667930156","13.409576695835488","2.7093847490432488","signals/train/signal-001434.csv","e88e866b022cd3c4e15a688288bd7b06da6493ff3321e4357795a86e1ab55ec8","0fba132c4187c99d0ceea294cc3fc8d54359acd9fcd29732130433e7f86330b7"
"signal-001435","src-fd39e3ecdc4802a8","group-b0d6b4d4046d1bb2","calibration","frequency","clean","257","0","0","0.6981038230005652","1.0746723428368568","18.116790043626153","0.929155846186223","signals/calibration/signal-001435.csv","63919df890df82a036e2b7ec22146d2fa039d4cbae2120f6b459199176b4873f","8211504a346b72212c7fecf66e6ba3ca52e69cfa54b784b84a3ab94641240a15"
"signal-001436","src-fd39e3ecdc4802a8","group-b0d6b4d4046d1bb2","calibration","frequency","noisy","129","0.01","0","0.08801070228219032","2.96313795465976","10.703591471947874","2.587414009965542","signals/calibration/signal-001436.csv","606990ff621ae7860a24673b9afe78fd2c958194023433ced2751604b6a751be","8211504a346b72212c7fecf66e6ba3ca52e69cfa54b784b84a3ab94641240a15"
"signal-001437","src-fd39e3ecdc4802a8","group-b0d6b4d4046d1bb2","calibration","frequency","sparse-jittered","65","0.03","0.25","0.5055571778211743","2.9283302515745167","11.142561673908553","2.3534383784778345","signals/calibration/signal-001437.csv","c56c609ca1fc2582a55622f210604d2a0e941b0fdf5d39fac9cd31b581318b65","8211504a346b72212c7fecf66e6ba3ca52e69cfa54b784b84a3ab94641240a15"
"signal-001438","src-fd39e3ecdc4802a8","group-b0d6b4d4046d1bb2","calibration","pri","clean","257","0","0","0.4267155360430479","2.164158605225384","12.787137813264696","1.1593218337101359","signals/calibration/signal-001438.csv","9caddd082adb34b0b88460b95ad8a3d1bfb98fa7bbe17f781dc5697940b11a7f","8211504a346b72212c7fecf66e6ba3ca52e69cfa54b784b84a3ab94641240a15"
"signal-001439","src-fd39e3ecdc4802a8","group-b0d6b4d4046d1bb2","calibration","pri","noisy","129","0.01","0","0.14651883207261562","1.4510889576748014","13.379281297535728","1.7066998907394186","signals/calibration/signal-001439.csv","9988d4b26edb95793e98fa37743a981c73a7f5efad9b4d6061127102a63e762f","8211504a346b72212c7fecf66e6ba3ca52e69cfa54b784b84a3ab94641240a15"
"signal-001440","src-fd39e3ecdc4802a8","group-b0d6b4d4046d1bb2","calibration","pri","sparse-jittered","65","0.03","0.25","0.13898103195242584","2.9038780953735115","12.675482755343122","1.6435007302292526","signals/calibration/signal-001440.csv","611288f983970bfe758a5e05da5b6c141679799eb3a552882b50122eff9375ba","8211504a346b72212c7fecf66e6ba3ca52e69cfa54b784b84a3ab94641240a15"
"signal-001441","src-7e7e3e43bb02b090","group-6fd10aff11821a09","test","frequency","clean","257","0","0","0.16165796457789838","0.8983836356550455","14.115417210688733","2.796342840295676","signals/test/signal-001441.csv","f2718c08c59785be659ee3f67afb5a4c63e73b20d60e19134df6cead4bb1b677","2a25ee44c0a94eaab6b4ec8cd7d260e2b4e15f0234e777619588ab1c077e7aab"
"signal-001442","src-7e7e3e43bb02b090","group-6fd10aff11821a09","test","frequency","noisy","129","0.01","0","0.38855303754098713","1.8773377917706966","11.053156053823143","2.9813082153180126","signals/test/signal-001442.csv","c71b9cfbddd1b4499fcd07c321659c3b083bfe7e8551370b3dc0bb920d293829","2a25ee44c0a94eaab6b4ec8cd7d260e2b4e15f0234e777619588ab1c077e7aab"
"signal-001443","src-7e7e3e43bb02b090","group-6fd10aff11821a09","test","frequency","sparse-jittered","65","0.03","0.25","0.7356259871739894","2.2220728136599064","17.98303034256343","2.322402451062384","signals/test/signal-001443.csv","e7c881165da95ae31de19f8997cf768fa1a82d24b8c32880ed4ead5aa83a41af","2a25ee44c0a94eaab6b4ec8cd7d260e2b4e15f0234e777619588ab1c077e7aab"
"signal-001444","src-7e7e3e43bb02b090","group-6fd10aff11821a09","test","pri","clean","257","0","0","0.45069019263610244","1.8117358705028892","17.56837866674914","1.9250062336800973","signals/test/signal-001444.csv","6cfe3cdf9039aaa19aa089778d0c32ad9766348df49e266bae15f67e2095fde5","2a25ee44c0a94eaab6b4ec8cd7d260e2b4e15f0234e777619588ab1c077e7aab"
"signal-001445","src-7e7e3e43bb02b090","group-6fd10aff11821a09","test","pri","noisy","129","0.01","0","0.4228504130151123","1.7957128170877694","19.338903260502917","0.9916122632414748","signals/test/signal-001445.csv","038cacb1d7f751034774b56dcb2a2d7ea51dab46339ad366dc7e647e0e5ca9c1","2a25ee44c0a94eaab6b4ec8cd7d260e2b4e15f0234e777619588ab1c077e7aab"
"signal-001446","src-7e7e3e43bb02b090","group-6fd10aff11821a09","test","pri","sparse-jittered","65","0.03","0.25","0.6953796320594847","1.0772094650194048","14.36716014005675","2.1392505816567002","signals/test/signal-001446.csv","3eb25600fcd6e12fc437c19eb7c20e99fdf5eafd58f12cf610ee3f805e12d8f0","2a25ee44c0a94eaab6b4ec8cd7d260e2b4e15f0234e777619588ab1c077e7aab"
"signal-001447","src-cafb1aca90c56dee","group-41c860588ccb4fd0","test","frequency","clean","257","0","0","0.15668361843563616","2.0319570541381835","16.175463526167576","1.8708541585128096","signals/test/signal-001447.csv","176c144cae4287457f15566f4c93f25475ce3cba042c84120a335858ae393dc5","abf17d34566d3dc679fd26bf00a7c160665f8949f297f6eba5f62e2624da5f83"
"signal-001448","src-cafb1aca90c56dee","group-41c860588ccb4fd0","test","frequency","noisy","129","0.01","0","0.9946708746720105","1.966172894090414","18.749917129858154","2.8356471083434265","signals/test/signal-001448.csv","715507c01935a862e47b6e2800725cbfc5618b779b11312582299278b2163594","abf17d34566d3dc679fd26bf00a7c160665f8949f297f6eba5f62e2624da5f83"
"signal-001449","src-cafb1aca90c56dee","group-41c860588ccb4fd0","test","frequency","sparse-jittered","65","0.03","0.25","0.12012792215682566","1.0680544525384903","19.529142266378386","1.6432407484546694","signals/test/signal-001449.csv","e066a65162937cb0ea5743784f603fedb1783c0414b908d6d5ba650cb5b0b8f3","abf17d34566d3dc679fd26bf00a7c160665f8949f297f6eba5f62e2624da5f83"
"signal-001450","src-cafb1aca90c56dee","group-41c860588ccb4fd0","test","pri","clean","257","0","0","0.741374094504863","1.5415976790711285","18.513436555700068","1.5930587451873386","signals/test/signal-001450.csv","9c264ae84f0c11074dca63a133d90094916817e9719ca96fc94ccc4295ba27c3","abf17d34566d3dc679fd26bf00a7c160665f8949f297f6eba5f62e2624da5f83"
"signal-001451","src-cafb1aca90c56dee","group-41c860588ccb4fd0","test","pri","noisy","129","0.01","0","0.42959810560569167","1.9044237872585654","16.53270876420315","0.778192771363333","signals/test/signal-001451.csv","c39634e8468a4c8c038f6c838dddd28aa8dcca397f6da3eeeedef24714479939","abf17d34566d3dc679fd26bf00a7c160665f8949f297f6eba5f62e2624da5f83"
"signal-001452","src-cafb1aca90c56dee","group-41c860588ccb4fd0","test","pri","sparse-jittered","65","0.03","0.25","0.9846476600505412","0.8559716297313571","14.758037342758879","2.966605026997108","signals/test/signal-001452.csv","3ffe55b0412f86b923c06dcccaa240acfa6ba6230fe2b3da7d3f1fec7f548712","abf17d34566d3dc679fd26bf00a7c160665f8949f297f6eba5f62e2624da5f83"
"signal-001453","src-1ddc02004e261da5","group-00c5ce1e70301e5e","train","frequency","clean","257","0","0","0.25664024776779115","1.1274461675435306","12.078617276045641","2.572653370400877","signals/train/signal-001453.csv","883ee54fccc1e18e1f536fffa67bb23f65455eb23efd00bf36597dd1bd3ba738","adcb70a3ff991e35b6ae900e1fd927fcf0db478abb31d3f626f2c805364cd613"
"signal-001454","src-1ddc02004e261da5","group-00c5ce1e70301e5e","train","frequency","noisy","129","0.01","0","0.4101165742613375","0.8567521704360843","18.21225226417771","2.805674593451492","signals/train/signal-001454.csv","c068efe8c6a9ac048543845229401d222a4af742d7100c4850a232f83b39ab4b","adcb70a3ff991e35b6ae900e1fd927fcf0db478abb31d3f626f2c805364cd613"
"signal-001455","src-1ddc02004e261da5","group-00c5ce1e70301e5e","train","frequency","sparse-jittered","65","0.03","0.25","0.0771935610100627","1.2269263992086052","19.33989447061304","2.2511772460901476","signals/train/signal-001455.csv","0574e50344a31d7b15642eb757722c1ffde89ba7b28acdae0c45232e41a34207","adcb70a3ff991e35b6ae900e1fd927fcf0db478abb31d3f626f2c805364cd613"
"signal-001456","src-1ddc02004e261da5","group-00c5ce1e70301e5e","train","pri","clean","257","0","0","0.4191829750780016","2.777354924380779","18.633379645122325","1.5012875368557275","signals/train/signal-001456.csv","4c91d170677bbc212fa65e989950862a68c3c3e67bffa0c22e8312f16df07d9f","adcb70a3ff991e35b6ae900e1fd927fcf0db478abb31d3f626f2c805364cd613"
"signal-001457","src-1ddc02004e261da5","group-00c5ce1e70301e5e","train","pri","noisy","129","0.01","0","0.2657884927466512","2.519491975940764","14.778043867977349","1.5439984085934686","signals/train/signal-001457.csv","2a2a40babf8606711e9fc356545bb9e49e5aaf4af26ff9ec1d06279990e7eed9","adcb70a3ff991e35b6ae900e1fd927fcf0db478abb31d3f626f2c805364cd613"
"signal-001458","src-1ddc02004e261da5","group-00c5ce1e70301e5e","train","pri","sparse-jittered","65","0.03","0.25","0.6614230710547417","1.2397759970277549","17.987651746427694","2.039017782171271","signals/train/signal-001458.csv","98933445f2ae533dc82e66563f324da8743221b589479b95188f6308d7824188","adcb70a3ff991e35b6ae900e1fd927fcf0db478abb31d3f626f2c805364cd613"
"signal-001459","src-afcb2d305a0e0d13","group-a97e77737faba544","train","frequency","clean","257","0","0","0.39111038437113166","1.7036077907308935","13.01845614798367","2.5584925168426693","signals/train/signal-001459.csv","d11f069aeedb24936966ff3a2f70a2a74c9fca9610ace8ea9f67a1902632602a","89ef6958093ff603a9194653b6cf25c5e026d6511f5e434a312711659fd8cf84"
"signal-001460","src-afcb2d305a0e0d13","group-a97e77737faba544","train","frequency","noisy","129","0.01","0","0.14998757699504495","0.8099196745082736","10.467099962548644","2.8607420283473406","signals/train/signal-001460.csv","c2a837fe26c4e0dc149a89b224364ba695d6d0c55f10352b279a3eeebbf34210","89ef6958093ff603a9194653b6cf25c5e026d6511f5e434a312711659fd8cf84"
"signal-001461","src-afcb2d305a0e0d13","group-a97e77737faba544","train","frequency","sparse-jittered","65","0.03","0.25","0.7788465747144073","2.0651225451380015","16.192700611083872","2.23334013732757","signals/train/signal-001461.csv","ad9563fbc1635b8a940c6b22c9550c38eaa783cc33eca9988b85dfcbc62f5e60","89ef6958093ff603a9194653b6cf25c5e026d6511f5e434a312711659fd8cf84"
"signal-001462","src-afcb2d305a0e0d13","group-a97e77737faba544","train","pri","clean","257","0","0","0.11583390436135232","0.9191756147891283","17.319875035900623","2.3916068088263245","signals/train/signal-001462.csv","91c490884a1655562302344787ce964426944ac8c40f440d2177c18e75f794f3","89ef6958093ff603a9194653b6cf25c5e026d6511f5e434a312711659fd8cf84"
"signal-001463","src-afcb2d305a0e0d13","group-a97e77737faba544","train","pri","noisy","129","0.01","0","0.8728402107954025","1.1141345592215657","19.138149853852262","0.9739744360781692","signals/train/signal-001463.csv","91e43d948a90af8c018c52f530f6171846f1ce443656acf13fdcf5837561b35c","89ef6958093ff603a9194653b6cf25c5e026d6511f5e434a312711659fd8cf84"
"signal-001464","src-afcb2d305a0e0d13","group-a97e77737faba544","train","pri","sparse-jittered","65","0.03","0.25","0.8889886878896505","2.372019102424383","13.567777454411623","2.7388069815572464","signals/train/signal-001464.csv","f85fb531cbf3b53affdf7639486022e582f605b6ac466c8b4fe65e5b8a931274","89ef6958093ff603a9194653b6cf25c5e026d6511f5e434a312711659fd8cf84"
"signal-001465","src-59f791e87787690e","group-87cd39d1d7b10dc8","train","frequency","clean","257","0","0","0.25807348056696355","2.4294709656387568","12.190179110039026","0.7560780106112368","signals/train/signal-001465.csv","b4fd6ccd237c4a160f5932ada80fe180f1fb8ca5730d1f4e003c479f13173f2c","7978a1e227b2f88cf82f895c40029c9ba8aaed2cf7fd209354cc78dd776202a6"
"signal-001466","src-59f791e87787690e","group-87cd39d1d7b10dc8","train","frequency","noisy","129","0.01","0","0.6601626584306359","1.3946862841024994","11.473538521933602","1.6682117185194532","signals/train/signal-001466.csv","3dea90a2df0fcc69ab310d4115c767f0812a267ba844f2a170c1e50bce79a6fc","7978a1e227b2f88cf82f895c40029c9ba8aaed2cf7fd209354cc78dd776202a6"
"signal-001467","src-59f791e87787690e","group-87cd39d1d7b10dc8","train","frequency","sparse-jittered","65","0.03","0.25","0.6255401072558016","3.1887671578675505","16.782239682928086","1.6162174318057136","signals/train/signal-001467.csv","ec9f069e81a16c603d29e420ebc6acf7c16237bea53a3b7dff8359bb784ab131","7978a1e227b2f88cf82f895c40029c9ba8aaed2cf7fd209354cc78dd776202a6"
"signal-001468","src-59f791e87787690e","group-87cd39d1d7b10dc8","train","pri","clean","257","0","0","0.6679438650608063","1.9209548683837057","18.20358134340495","2.6771514956606524","signals/train/signal-001468.csv","e9311b39ce1c1256d21e8c3e25352f189a1c94b246d0c50af3f71e16fac76204","7978a1e227b2f88cf82f895c40029c9ba8aaed2cf7fd209354cc78dd776202a6"
"signal-001469","src-59f791e87787690e","group-87cd39d1d7b10dc8","train","pri","noisy","129","0.01","0","0.3503255813848227","1.0102503370493652","17.96055736884591","1.5703138428106662","signals/train/signal-001469.csv","390b25f60bad27fb033d6dc876f7f6e02b0b3fe1eb34a9d58ee7d37ed8e32c50","7978a1e227b2f88cf82f895c40029c9ba8aaed2cf7fd209354cc78dd776202a6"
"signal-001470","src-59f791e87787690e","group-87cd39d1d7b10dc8","train","pri","sparse-jittered","65","0.03","0.25","0.37698628241196275","1.8785954399034381","13.507106799299148","1.6128418662504327","signals/train/signal-001470.csv","ac9a558b24ec83f5b2b8da0f32a68e67064749b890b851aaf304b0a41505233c","7978a1e227b2f88cf82f895c40029c9ba8aaed2cf7fd209354cc78dd776202a6"
"signal-001471","src-44984662bc49f9ac","group-e8f81ad6c1f76b74","train","frequency","clean","257","0","0","0.8368814380373806","1.4096950445324183","15.043977763139821","0.7970422032619329","signals/train/signal-001471.csv","01d0055b707343a1d9006eaf588bcf13937287213498aadf543d51b0eaa7e648","82f31fcf57b71ead3716a86132130cf645f15758bfb4baea27999fc0f67a577a"
"signal-001472","src-44984662bc49f9ac","group-e8f81ad6c1f76b74","train","frequency","noisy","129","0.01","0","0.5989017160609365","2.8201383525505666","13.987935815567782","2.5268038887773265","signals/train/signal-001472.csv","c969c659a5a8b78a370e171ca49856e4e0171f6f920e43a126a5827ab8be830b","82f31fcf57b71ead3716a86132130cf645f15758bfb4baea27999fc0f67a577a"
"signal-001473","src-44984662bc49f9ac","group-e8f81ad6c1f76b74","train","frequency","sparse-jittered","65","0.03","0.25","0.15134949213825166","2.6517879296094176","16.15867817651181","2.0481379008454894","signals/train/signal-001473.csv","530877eafeeab8785e4792ffa984fe6bd9b8be6b973ac33d22890c236b595c2f","82f31fcf57b71ead3716a86132130cf645f15758bfb4baea27999fc0f67a577a"
"signal-001474","src-44984662bc49f9ac","group-e8f81ad6c1f76b74","train","pri","clean","257","0","0","0.11564243887551129","1.7680370144546032","13.24428007233983","1.09343394408444","signals/train/signal-001474.csv","4395aafc01eb57d4d6a61707c621cd435ba1b9efc657637013be5e7b88687333","82f31fcf57b71ead3716a86132130cf645f15758bfb4baea27999fc0f67a577a"
"signal-001475","src-44984662bc49f9ac","group-e8f81ad6c1f76b74","train","pri","noisy","129","0.01","0","0.80867191683501","2.1844685623422264","12.903376774822252","2.6947328922285276","signals/train/signal-001475.csv","cb6ee0e6778d09e6b73435e1cbcd205879864cb161a265f3d0146f5a8f53dcee","82f31fcf57b71ead3716a86132130cf645f15758bfb4baea27999fc0f67a577a"
"signal-001476","src-44984662bc49f9ac","group-e8f81ad6c1f76b74","train","pri","sparse-jittered","65","0.03","0.25","0.27896106662228703","2.47615565340966","14.725404172548247","2.4021288490960266","signals/train/signal-001476.csv","9eaa59410899db44ae074cb12370913e401e875fd2436b00a16d887e0509f84e","82f31fcf57b71ead3716a86132130cf645f15758bfb4baea27999fc0f67a577a"
"signal-001477","src-1e8478107cc22b37","group-4e21cec0e5b14754","calibration","frequency","clean","257","0","0","0.5587771767750382","2.3756409848108886","13.236689497716725","1.3777793317800402","signals/calibration/signal-001477.csv","05b35f00cfb7299e62801cc91c468610ad8108dfd6fd1ce8beaaf882bc42fc2d","a4c149993526734a4dc87915c376a75f3b73f5c200827677421e4bb9c6c2d307"
"signal-001478","src-1e8478107cc22b37","group-4e21cec0e5b14754","calibration","frequency","noisy","129","0.01","0","0.23280429164879024","2.4089775901287793","19.97841525739777","2.5061096232897278","signals/calibration/signal-001478.csv","278376413d09b1936829e7d9dc1d24081305f502eaf632f3d988cb9605d3cc3a","a4c149993526734a4dc87915c376a75f3b73f5c200827677421e4bb9c6c2d307"
"signal-001479","src-1e8478107cc22b37","group-4e21cec0e5b14754","calibration","frequency","sparse-jittered","65","0.03","0.25","0.033937639789655805","0.8148822389543057","18.435049257055244","2.899234990227164","signals/calibration/signal-001479.csv","9dce8f0c7b6c3a51cbc0cf02cae89ca42380f6b3044f7071a2f4a3f422d4e468","a4c149993526734a4dc87915c376a75f3b73f5c200827677421e4bb9c6c2d307"
"signal-001480","src-1e8478107cc22b37","group-4e21cec0e5b14754","calibration","pri","clean","257","0","0","0.7355510252527893","2.5103700434789062","19.429936921223998","2.566330423881297","signals/calibration/signal-001480.csv","9a7789d78cf491f1ccfcb7150c3f14432d234847ae37e471910b72aac1c36a19","a4c149993526734a4dc87915c376a75f3b73f5c200827677421e4bb9c6c2d307"
"signal-001481","src-1e8478107cc22b37","group-4e21cec0e5b14754","calibration","pri","noisy","129","0.01","0","0.7078643070999533","1.1873306646943091","12.267629227231211","2.9370432348612443","signals/calibration/signal-001481.csv","6a2d22ec0859fdb7c43433de547c6e8e55e4b6d92658c911dce0840e08cf0bb4","a4c149993526734a4dc87915c376a75f3b73f5c200827677421e4bb9c6c2d307"
"signal-001482","src-1e8478107cc22b37","group-4e21cec0e5b14754","calibration","pri","sparse-jittered","65","0.03","0.25","0.48469188483431935","1.0194585053250194","11.400402153853301","2.7113941377080124","signals/calibration/signal-001482.csv","07e7fe61be8bbe58a34df8cbcae23adeb8d6600cd449e26627f53758ca526582","a4c149993526734a4dc87915c376a75f3b73f5c200827677421e4bb9c6c2d307"
"signal-001483","src-20cd549c22b2ddfe","group-15797ca636975ead","validation","frequency","clean","257","0","0","0.9981529605574906","1.073620226792991","11.14257850641824","2.7082999360334146","signals/validation/signal-001483.csv","dcd546b8adea93a200327cd346cc909984955ed6accdc5be3adb23a80e2d1261","c1456dd14d13775ad8fe244ec5633bebf8e765f7f185d634d4b667803207440a"
"signal-001484","src-20cd549c22b2ddfe","group-15797ca636975ead","validation","frequency","noisy","129","0.01","0","0.3061149553395808","3.149171538464725","10.517909079892545","1.3873001827437506","signals/validation/signal-001484.csv","42d885cef43a467fb4fe5d930c0145ebcd93a5b05950ba71b7e7a01e47b53c1b","c1456dd14d13775ad8fe244ec5633bebf8e765f7f185d634d4b667803207440a"
"signal-001485","src-20cd549c22b2ddfe","group-15797ca636975ead","validation","frequency","sparse-jittered","65","0.03","0.25","0.030739343725144863","2.113264630176127","16.565736197274788","0.793569986514612","signals/validation/signal-001485.csv","4126256fca612dcceed80667db2250718c891d7e0ea7b57623157086a8c72e21","c1456dd14d13775ad8fe244ec5633bebf8e765f7f185d634d4b667803207440a"
"signal-001486","src-20cd549c22b2ddfe","group-15797ca636975ead","validation","pri","clean","257","0","0","0.7057926878333092","1.7859338076785207","16.82651511825405","1.5339677053946126","signals/validation/signal-001486.csv","3ae364498f8a9c36efce67043553fe9d44b4b0bbe5d9d7ae9ec246e9cc531829","c1456dd14d13775ad8fe244ec5633bebf8e765f7f185d634d4b667803207440a"
"signal-001487","src-20cd549c22b2ddfe","group-15797ca636975ead","validation","pri","noisy","129","0.01","0","0.20374357094988227","1.7133376291021705","14.506076472013499","0.8939802153324905","signals/validation/signal-001487.csv","7ddcd6df36b5b5f49e097e8f1100af77f36c6137575f6edfe40768867f888c5d","c1456dd14d13775ad8fe244ec5633bebf8e765f7f185d634d4b667803207440a"
"signal-001488","src-20cd549c22b2ddfe","group-15797ca636975ead","validation","pri","sparse-jittered","65","0.03","0.25","0.07673237472772598","2.0973496111109853","17.61840925476722","2.6583997008555684","signals/validation/signal-001488.csv","7de0b548e64c963d73f5c8a626a3d106234b9157e1550bed6820185b99ebe69f","c1456dd14d13775ad8fe244ec5633bebf8e765f7f185d634d4b667803207440a"
"signal-001489","src-a582fc8d4f165c46","group-3d5c697b30dbef63","test","frequency","clean","257","0","0","0.7086926370393485","2.0966991256922483","16.162456760515397","1.980318710639601","signals/test/signal-001489.csv","fedcbb99b48165adbc01b57c243b50c0fd4599ec62c0330a7f04ba44f243ead7","87d20501b13f4c505b9503d4c164d7849d24839ddeb32f3a40031bb6ceeeb027"
"signal-001490","src-a582fc8d4f165c46","group-3d5c697b30dbef63","test","frequency","noisy","129","0.01","0","0.3233020859770477","2.3448175942525267","16.950683222589614","2.178179216658691","signals/test/signal-001490.csv","445eeef0b20bca1846530c041ee9fa687c7b4c1f30f7fbfeda8de7e5d2b80790","87d20501b13f4c505b9503d4c164d7849d24839ddeb32f3a40031bb6ceeeb027"
"signal-001491","src-a582fc8d4f165c46","group-3d5c697b30dbef63","test","frequency","sparse-jittered","65","0.03","0.25","0.8426495343446732","2.2365382524207233","13.340977250972367","2.8115190011174036","signals/test/signal-001491.csv","31eea57687a3548658266109409147cd4338b6052f19845c8a8db7b508d0e70d","87d20501b13f4c505b9503d4c164d7849d24839ddeb32f3a40031bb6ceeeb027"
"signal-001492","src-a582fc8d4f165c46","group-3d5c697b30dbef63","test","pri","clean","257","0","0","0.07604820490814745","2.843086993694305","14.770273618275247","1.935850608595059","signals/test/signal-001492.csv","9b55a5e5911edcb510ff222aec04b031219ca2d895755ca09c93ba34e368bdc5","87d20501b13f4c505b9503d4c164d7849d24839ddeb32f3a40031bb6ceeeb027"
"signal-001493","src-a582fc8d4f165c46","group-3d5c697b30dbef63","test","pri","noisy","129","0.01","0","0.649866510881111","1.7391204487532377","11.804711927154486","2.31533895841425","signals/test/signal-001493.csv","ab0db2f41410a3ab6aa834070686f33e1f0da6f75104293e4b36655a2163ae83","87d20501b13f4c505b9503d4c164d7849d24839ddeb32f3a40031bb6ceeeb027"
"signal-001494","src-a582fc8d4f165c46","group-3d5c697b30dbef63","test","pri","sparse-jittered","65","0.03","0.25","0.8250257959589362","2.455285886861384","12.119257305971932","1.669525454652561","signals/test/signal-001494.csv","932e4d47574ed9361ca3076e19f3c9c0f42e818bc965e5bd0597dcd31daa4314","87d20501b13f4c505b9503d4c164d7849d24839ddeb32f3a40031bb6ceeeb027"
"signal-001495","src-19eccb3b6a9dd48b","group-561d922ae751ed77","train","frequency","clean","257","0","0","0.9525015333201736","1.3767598155885934","12.077524277838727","1.354793279056553","signals/train/signal-001495.csv","8110622a6c6e49a3f8e08fe9865f10d1d2ee4722dcc85eddd71a6f541bf30160","aa2c3d8283ea340e76f6f38aad8c7dfce5cb9085b79fb6e0b8ffe7cbc008e755"
"signal-001496","src-19eccb3b6a9dd48b","group-561d922ae751ed77","train","frequency","noisy","129","0.01","0","0.5638290010392666","1.5689032318070533","16.74034555743915","0.9848549408701537","signals/train/signal-001496.csv","8c18b0bd1dbca88b11974a1927ca68fdd93607a9dbbb8121c121742c8a4d8d20","aa2c3d8283ea340e76f6f38aad8c7dfce5cb9085b79fb6e0b8ffe7cbc008e755"
"signal-001497","src-19eccb3b6a9dd48b","group-561d922ae751ed77","train","frequency","sparse-jittered","65","0.03","0.25","0.3392078378237784","2.608772466890514","11.48430560542845","0.9548091659699178","signals/train/signal-001497.csv","1e0de6ea3d3130283c9c1221c910aa6a729513b8fa4ec318f055bf0c3052ba78","aa2c3d8283ea340e76f6f38aad8c7dfce5cb9085b79fb6e0b8ffe7cbc008e755"
"signal-001498","src-19eccb3b6a9dd48b","group-561d922ae751ed77","train","pri","clean","257","0","0","0.8130122909788042","0.9194068357348443","10.957561157140805","2.2724019736289094","signals/train/signal-001498.csv","a09bcc0c05939799a6a5372176dc0116603684be8ca4cef5d4985dfc547dc728","aa2c3d8283ea340e76f6f38aad8c7dfce5cb9085b79fb6e0b8ffe7cbc008e755"
"signal-001499","src-19eccb3b6a9dd48b","group-561d922ae751ed77","train","pri","noisy","129","0.01","0","0.07988421712070704","3.1007466340437535","18.577892081652035","1.6944727838548275","signals/train/signal-001499.csv","b08ecd8a77dc3ed2a73a685f4fff7513b80dac8447449ca8ec3e705fd43a0512","aa2c3d8283ea340e76f6f38aad8c7dfce5cb9085b79fb6e0b8ffe7cbc008e755"
"signal-001500","src-19eccb3b6a9dd48b","group-561d922ae751ed77","train","pri","sparse-jittered","65","0.03","0.25","0.2207687422633171","2.97018537838012","18.253916746552182","2.3166453920222594","signals/train/signal-001500.csv","fa80ef5cef5b8657e542bf28f06919c0d3ea1bd2670d97811499e1edf96d3da5","aa2c3d8283ea340e76f6f38aad8c7dfce5cb9085b79fb6e0b8ffe7cbc008e755"
"signal-001501","src-76891d46c8ca4642","group-3f696c14733304dc","train","frequency","clean","257","0","0","0.994026912143454","1.5386970404535534","11.074284761494113","2.2355862224716336","signals/train/signal-001501.csv","6ebe5f5f5f1b76b0b78c017c4f556620f977525fc3f9f196d03f4897ef636f69","b402b9af0b709cb2dce9e777ab7fed595266af25d8c81b755e634352f3cd7683"
"signal-001502","src-76891d46c8ca4642","group-3f696c14733304dc","train","frequency","noisy","129","0.01","0","0.047991398023441434","2.8997621886432174","16.765242476163387","1.755597025158833","signals/train/signal-001502.csv","8a69bed482c9d048079d108244a88ad8cedfa3b15053951e29b1b1a4be97ef89","b402b9af0b709cb2dce9e777ab7fed595266af25d8c81b755e634352f3cd7683"
"signal-001503","src-76891d46c8ca4642","group-3f696c14733304dc","train","frequency","sparse-jittered","65","0.03","0.25","0.283524266211316","1.7617189403623343","14.12760671957313","2.951481651290832","signals/train/signal-001503.csv","640b10fc452462514941e71eb62750ad0a675146c41ef0dbec006a890b67ff26","b402b9af0b709cb2dce9e777ab7fed595266af25d8c81b755e634352f3cd7683"
"signal-001504","src-76891d46c8ca4642","group-3f696c14733304dc","train","pri","clean","257","0","0","0.7471492532640696","2.9186422483995553","19.81283739180558","1.0622882542125147","signals/train/signal-001504.csv","b2fea4f1b442b1148eac03fdb3d6b6456169dc6e4580c2efba5d374951fd42e2","b402b9af0b709cb2dce9e777ab7fed595266af25d8c81b755e634352f3cd7683"
"signal-001505","src-76891d46c8ca4642","group-3f696c14733304dc","train","pri","noisy","129","0.01","0","0.6872331597842276","3.1699335081502795","15.60603232509581","2.9929074913878466","signals/train/signal-001505.csv","dae87db9ddf4e7e8672f123a5e73595b5a0707bb27b73eba456238cdd4ce29c9","b402b9af0b709cb2dce9e777ab7fed595266af25d8c81b755e634352f3cd7683"
"signal-001506","src-76891d46c8ca4642","group-3f696c14733304dc","train","pri","sparse-jittered","65","0.03","0.25","0.6279238893184811","2.8502280086278917","11.421688435007896","1.0686227154394992","signals/train/signal-001506.csv","bbf8b9f0044a64164cd77d141248a3c11940824db613b69a8dcc05ad6bd7d544","b402b9af0b709cb2dce9e777ab7fed595266af25d8c81b755e634352f3cd7683"
"signal-001507","src-b7583b42d8579663","group-85705acaad8c60c4","test","frequency","clean","257","0","0","0.7640567517373711","1.3932950854301454","12.786303420922996","0.749157551958632","signals/test/signal-001507.csv","b873df0592184429749fbaf3f8f346fe67b45e99065ca17b2dc1ccb08688a81a","de374473d66f823308cbffd8fb0f58e5e6bfbc8f3670b85232eb91132fce7279"
"signal-001508","src-b7583b42d8579663","group-85705acaad8c60c4","test","frequency","noisy","129","0.01","0","0.301081461366266","2.5660122415050863","17.013240154581123","2.7111093845928256","signals/test/signal-001508.csv","c061f5d1946545da8292e30c2f21bcec579b28af79d82924c98f8aebf5c31cc6","de374473d66f823308cbffd8fb0f58e5e6bfbc8f3670b85232eb91132fce7279"
"signal-001509","src-b7583b42d8579663","group-85705acaad8c60c4","test","frequency","sparse-jittered","65","0.03","0.25","0.7159425583668053","1.9304866759106516","16.27061612317749","1.9287733211911622","signals/test/signal-001509.csv","31efcebda824512db151e654242dda82e6c89ee1e00738180a11cac2fbb7ef2a","de374473d66f823308cbffd8fb0f58e5e6bfbc8f3670b85232eb91132fce7279"
"signal-001510","src-b7583b42d8579663","group-85705acaad8c60c4","test","pri","clean","257","0","0","0.9845797682646662","3.077009259164333","17.507403048846115","2.592523298681389","signals/test/signal-001510.csv","cea30fb6e825f8f21071679c17849a668e8c4e581adf24e1c65d121e275965ca","de374473d66f823308cbffd8fb0f58e5e6bfbc8f3670b85232eb91132fce7279"
"signal-001511","src-b7583b42d8579663","group-85705acaad8c60c4","test","pri","noisy","129","0.01","0","0.7542493189685047","0.8406587487086654","11.942811404664285","1.2167461721346058","signals/test/signal-001511.csv","5e4e25df8902d439b2ab317abb8f878415352f8e9048a1632bde653d4df60168","de374473d66f823308cbffd8fb0f58e5e6bfbc8f3670b85232eb91132fce7279"
"signal-001512","src-b7583b42d8579663","group-85705acaad8c60c4","test","pri","sparse-jittered","65","0.03","0.25","0.9639780921861529","1.9513204047456383","19.030082655618628","1.30238823091209","signals/test/signal-001512.csv","d7f295d454a45561deb1b87a8b40a9235dd263e6c11ae16c9baa3a6885736475","de374473d66f823308cbffd8fb0f58e5e6bfbc8f3670b85232eb91132fce7279"
"signal-001513","src-3e0d91bef6e5c778","group-86de43f07ddbdcad","train","frequency","clean","257","0","0","0.551985825644806","2.2832898311316967","19.886365092825145","1.6698673354927465","signals/train/signal-001513.csv","8f403c4109c99de6fb4888e7a6a44b01190bda1b6f2e2d479707b889ed94aa89","3edc3889591a4a80b47eace26c4df8f449588a59e148e012e73739e9d3bfedcb"
"signal-001514","src-3e0d91bef6e5c778","group-86de43f07ddbdcad","train","frequency","noisy","129","0.01","0","0.1357773686759174","2.7995360022410747","15.96564638979397","2.316715536934188","signals/train/signal-001514.csv","98050b9d50731d90220b23d0d630d88627f27b12549ba6d9317a41a7c64e436c","3edc3889591a4a80b47eace26c4df8f449588a59e148e012e73739e9d3bfedcb"
"signal-001515","src-3e0d91bef6e5c778","group-86de43f07ddbdcad","train","frequency","sparse-jittered","65","0.03","0.25","0.5421346118673682","2.691997126676142","17.805462430539066","3.2198753658012933","signals/train/signal-001515.csv","d127fca135f6663904cd2d6a381cbb5f028d24bbcb4c801be9d8db80ceeec579","3edc3889591a4a80b47eace26c4df8f449588a59e148e012e73739e9d3bfedcb"
"signal-001516","src-3e0d91bef6e5c778","group-86de43f07ddbdcad","train","pri","clean","257","0","0","0.11887864023447037","0.8611847074702382","10.174020971171558","1.7620753851486377","signals/train/signal-001516.csv","b2bd9578ae95135678fdfb69538534a2ccd2f2148a82451c9fcd8211209e4073","3edc3889591a4a80b47eace26c4df8f449588a59e148e012e73739e9d3bfedcb"
"signal-001517","src-3e0d91bef6e5c778","group-86de43f07ddbdcad","train","pri","noisy","129","0.01","0","0.42003415804356337","1.41866926047951","15.905973642393608","1.0925690323414798","signals/train/signal-001517.csv","31cfdc62e62f4c550357fc56830ef6c43da7d3425b73d5857f59ba4efa054a36","3edc3889591a4a80b47eace26c4df8f449588a59e148e012e73739e9d3bfedcb"
"signal-001518","src-3e0d91bef6e5c778","group-86de43f07ddbdcad","train","pri","sparse-jittered","65","0.03","0.25","0.0021719501819461584","2.1720192048698665","10.158167075793354","1.6098701966049571","signals/train/signal-001518.csv","bfcd4b6895f33cfc418bbae65f73b29c3ce715ebc3437b96f803de2410a0d510","3edc3889591a4a80b47eace26c4df8f449588a59e148e012e73739e9d3bfedcb"
"signal-001519","src-d116ca64a2a7ad09","group-61dddd115f8186af","train","frequency","clean","257","0","0","0.2617684167344123","2.1566338427364826","14.637513492936268","1.6306001892738404","signals/train/signal-001519.csv","46d6504fff51f5739e9b6a446aabc8ca64efefd5cf8ec857f7b6b13848f548af","e0b9f26f956103fccc8c3a9bca23aa778953ef569e2838d57612e546082fbd81"
"signal-001520","src-d116ca64a2a7ad09","group-61dddd115f8186af","train","frequency","noisy","129","0.01","0","0.34435025858692825","2.116659101471305","18.98916226397969","0.7041003172111076","signals/train/signal-001520.csv","d0eab47e2e1839c5a5fcd6864af16e2855fa6c83b43813560f9f5051ec0078d3","e0b9f26f956103fccc8c3a9bca23aa778953ef569e2838d57612e546082fbd81"
"signal-001521","src-d116ca64a2a7ad09","group-61dddd115f8186af","train","frequency","sparse-jittered","65","0.03","0.25","0.9438953769858927","1.9926911402493714","16.5698756581795","1.8089756761807703","signals/train/signal-001521.csv","183269654587917b8717c3b0bbf35ad42f8bf0fe6bf0f468bbbaf646523c56a4","e0b9f26f956103fccc8c3a9bca23aa778953ef569e2838d57612e546082fbd81"
"signal-001522","src-d116ca64a2a7ad09","group-61dddd115f8186af","train","pri","clean","257","0","0","0.6065239405725151","2.575083816051483","13.147959554745686","1.4972204890943726","signals/train/signal-001522.csv","e28abaada6ae8e3ee67462ace8e0d234d59d4662c80a5656159cd25d800b9a53","e0b9f26f956103fccc8c3a9bca23aa778953ef569e2838d57612e546082fbd81"
"signal-001523","src-d116ca64a2a7ad09","group-61dddd115f8186af","train","pri","noisy","129","0.01","0","0.8544650878757238","1.6943094180896878","13.979060335741298","1.5110245883661992","signals/train/signal-001523.csv","c9a2cf1f95a86b386688215cb87b2fe996a301da32ba786f4b65d833808b0b76","e0b9f26f956103fccc8c3a9bca23aa778953ef569e2838d57612e546082fbd81"
"signal-001524","src-d116ca64a2a7ad09","group-61dddd115f8186af","train","pri","sparse-jittered","65","0.03","0.25","0.8250811179168522","1.133186018280685","10.925727613326785","1.7253311885069156","signals/train/signal-001524.csv","55e6e14aa8c41d7c3492edcb1c5c71ddcde4a520e21a70b0138849308bfd6510","e0b9f26f956103fccc8c3a9bca23aa778953ef569e2838d57612e546082fbd81"
"signal-001525","src-9af16fdc9ca06617","group-f5972ff57151aab5","validation","frequency","clean","257","0","0","0.9181500254198909","1.4772102961316707","18.477638188590824","2.1899019703473037","signals/validation/signal-001525.csv","126f2344f149abf0f0ac7770598c5a0dbfa22d64d59ad9a13e5970e2c3a41351","4b86b52261986d9c8b4db5878bc880da1899e36e03d23ad1f6794dfd9ebf06e1"
"signal-001526","src-9af16fdc9ca06617","group-f5972ff57151aab5","validation","frequency","noisy","129","0.01","0","0.901663325028494","1.5164737664163113","11.092022334571482","0.8019410802787679","signals/validation/signal-001526.csv","ab824e3e618f4645a7e3005b32d72da6faadbfdefa56182767cb6cae629afaba","4b86b52261986d9c8b4db5878bc880da1899e36e03d23ad1f6794dfd9ebf06e1"
"signal-001527","src-9af16fdc9ca06617","group-f5972ff57151aab5","validation","frequency","sparse-jittered","65","0.03","0.25","0.9476011490914971","2.427939975261688","13.967607757415474","1.9880266693620392","signals/validation/signal-001527.csv","ad3ac335bc0fc60ce058530cb35bfbc6c34643f89c19f60a41387edf04134db1","4b86b52261986d9c8b4db5878bc880da1899e36e03d23ad1f6794dfd9ebf06e1"
"signal-001528","src-9af16fdc9ca06617","group-f5972ff57151aab5","validation","pri","clean","257","0","0","0.6569430502131581","1.8594062739983201","16.644885463012656","1.3756876903075597","signals/validation/signal-001528.csv","3dce6d1276ae408b3c49d01d8475186d17428dc5462af2bd551303dc1d97d516","4b86b52261986d9c8b4db5878bc880da1899e36e03d23ad1f6794dfd9ebf06e1"
"signal-001529","src-9af16fdc9ca06617","group-f5972ff57151aab5","validation","pri","noisy","129","0.01","0","0.8172369592357427","2.802143969386816","13.579381923691177","2.4254264553990907","signals/validation/signal-001529.csv","bfd25939992d5bec94c613739333a7e44afcf6d2af12ba601f434e84f30e97f9","4b86b52261986d9c8b4db5878bc880da1899e36e03d23ad1f6794dfd9ebf06e1"
"signal-001530","src-9af16fdc9ca06617","group-f5972ff57151aab5","validation","pri","sparse-jittered","65","0.03","0.25","0.6059861432295293","0.8815616097301245","14.6057106519198","2.352025683465623","signals/validation/signal-001530.csv","d9e71ca3a7ef89cde9d2eb8e66332d36a1d968f15c00a72c8ff3e2c2f170c338","4b86b52261986d9c8b4db5878bc880da1899e36e03d23ad1f6794dfd9ebf06e1"
"signal-001531","src-29b4da965c34db2f","group-f8d7fbd92bb29c6a","train","frequency","clean","257","0","0","0.32251034025102854","3.095873078145087","17.926336157778255","1.4932209936318017","signals/train/signal-001531.csv","7e13530d8f8765496a73a77d1cd8006108e2c75824fb1f0f52d83e325fd828e9","fea4655b095aae99d6ce79929a5b91c715213130932bdf501c7d50276d43fe52"
"signal-001532","src-29b4da965c34db2f","group-f8d7fbd92bb29c6a","train","frequency","noisy","129","0.01","0","0.5701402679551393","2.9449026755988594","19.534035997363695","1.5209186168827848","signals/train/signal-001532.csv","55ffcf3cb9c12c00b80c9d395970b8be7f61c480d4e653435e3fec1c83dacc1c","fea4655b095aae99d6ce79929a5b91c715213130932bdf501c7d50276d43fe52"
"signal-001533","src-29b4da965c34db2f","group-f8d7fbd92bb29c6a","train","frequency","sparse-jittered","65","0.03","0.25","0.059743848629295826","2.4956296855583786","17.380871971898713","1.7360886253449443","signals/train/signal-001533.csv","2b33adbb37c71522381ac8ebc00999445f96b0afe992171fe327c169e3c3e908","fea4655b095aae99d6ce79929a5b91c715213130932bdf501c7d50276d43fe52"
"signal-001534","src-29b4da965c34db2f","group-f8d7fbd92bb29c6a","train","pri","clean","257","0","0","0.12623550021089613","2.6045224145054817","15.160043424770016","1.9836131890728392","signals/train/signal-001534.csv","62c5e73bf8461a742c3df84daec697ffe62c206c2acd2e6a2a1edc1b864b9a78","fea4655b095aae99d6ce79929a5b91c715213130932bdf501c7d50276d43fe52"
"signal-001535","src-29b4da965c34db2f","group-f8d7fbd92bb29c6a","train","pri","noisy","129","0.01","0","0.25674499571323395","2.0821535916998983","15.307992069632153","1.0443617941018442","signals/train/signal-001535.csv","5f4fe6efcc43f4d7d6078b1d3c978364016de743b862c672413f7c751ac8528f","fea4655b095aae99d6ce79929a5b91c715213130932bdf501c7d50276d43fe52"
"signal-001536","src-29b4da965c34db2f","group-f8d7fbd92bb29c6a","train","pri","sparse-jittered","65","0.03","0.25","0.8812620202079415","2.103081395663321","10.522948007073559","1.0680018523038814","signals/train/signal-001536.csv","c42f3064ff9994ff45b8876ec833aac0dfe3163181676fc039ece672a4017807","fea4655b095aae99d6ce79929a5b91c715213130932bdf501c7d50276d43fe52"
"signal-001537","src-d075e03ce34d9efc","group-03f2124670ff2ed5","test","frequency","clean","257","0","0","0.9019605026114732","1.3645669750869276","18.378206447075886","2.430668332711001","signals/test/signal-001537.csv","384d8ce2952af8c3e21a66ac150ef381b45b1ef564e3ec74a5b18f74ec25a7f2","ac500c3082ef7dd02435ee44c6d082d38efdf153026eb3879ef0f427936fc828"
"signal-001538","src-d075e03ce34d9efc","group-03f2124670ff2ed5","test","frequency","noisy","129","0.01","0","0.0012784539721906185","1.689809005521238","11.253317821786151","1.1712376563055056","signals/test/signal-001538.csv","a3b4860aec183a6ca9043927ac961f63fbedaaf7d6e80943ee8ddb1857b51231","ac500c3082ef7dd02435ee44c6d082d38efdf153026eb3879ef0f427936fc828"
"signal-001539","src-d075e03ce34d9efc","group-03f2124670ff2ed5","test","frequency","sparse-jittered","65","0.03","0.25","0.6150918458588421","1.753365689329803","19.969574555114274","1.3297469863305977","signals/test/signal-001539.csv","b6abc5b247d8992c9662c66f3bd2e2e6e16c2b7b7b4cf761b0b0c4732b89b4eb","ac500c3082ef7dd02435ee44c6d082d38efdf153026eb3879ef0f427936fc828"
"signal-001540","src-d075e03ce34d9efc","group-03f2124670ff2ed5","test","pri","clean","257","0","0","0.05198753182776272","2.272564732283354","15.73986303407071","2.4418570392597765","signals/test/signal-001540.csv","298bdde4bfead7ad92e2d935d037cb1fca80df8481bc47160a2e4118e842f53e","ac500c3082ef7dd02435ee44c6d082d38efdf153026eb3879ef0f427936fc828"
"signal-001541","src-d075e03ce34d9efc","group-03f2124670ff2ed5","test","pri","noisy","129","0.01","0","0.8721496788784862","2.384744120575488","18.212895041308137","2.518283235789294","signals/test/signal-001541.csv","4472de87f6f87b0338387034d5b543a39e3b21e6245195735fb71eb1a643c0e5","ac500c3082ef7dd02435ee44c6d082d38efdf153026eb3879ef0f427936fc828"
"signal-001542","src-d075e03ce34d9efc","group-03f2124670ff2ed5","test","pri","sparse-jittered","65","0.03","0.25","0.18926648050546646","2.8734840543940665","14.21095701687984","0.799012243958618","signals/test/signal-001542.csv","4c925011a6a427598be081aa86a86fa2f3cfdf58b93fb301bc811c5a6db00eac","ac500c3082ef7dd02435ee44c6d082d38efdf153026eb3879ef0f427936fc828"
"signal-001543","src-f5574fe635cd6600","group-09b7a9b9eba503ae","train","frequency","clean","257","0","0","0.25545596494339406","2.3399930272251366","16.084318049176453","1.8364770443772986","signals/train/signal-001543.csv","84fd016ebc307ad7dfc6ed9a53130bc4aee577342a15c2ed69d5ee56edfff8f0","73ac482d99af60a6159c14cea8c811eb571fd70416776b4f5880cc367cfd6495"
"signal-001544","src-f5574fe635cd6600","group-09b7a9b9eba503ae","train","frequency","noisy","129","0.01","0","0.14617425436154008","2.255648188106716","10.688782495816803","1.4031969863581963","signals/train/signal-001544.csv","8ca96cc33493cf55591c64fc60f442f817bf0c9ae0c80de4796749fdfcb9db3d","73ac482d99af60a6159c14cea8c811eb571fd70416776b4f5880cc367cfd6495"
"signal-001545","src-f5574fe635cd6600","group-09b7a9b9eba503ae","train","frequency","sparse-jittered","65","0.03","0.25","0.4891265023034066","2.3814137395471335","10.296228681649064","3.012475918741302","signals/train/signal-001545.csv","b51c695f3abe9265773fdc2883bcb77ad448386813a391599f4283780a12f1f5","73ac482d99af60a6159c14cea8c811eb571fd70416776b4f5880cc367cfd6495"
"signal-001546","src-f5574fe635cd6600","group-09b7a9b9eba503ae","train","pri","clean","257","0","0","0.3508473059628159","2.9633215367794037","13.947154176705135","2.9696023881059226","signals/train/signal-001546.csv","86457a0dce20164d045256b9a09c616e812d202d84db313a9b56b207c37d5967","73ac482d99af60a6159c14cea8c811eb571fd70416776b4f5880cc367cfd6495"
"signal-001547","src-f5574fe635cd6600","group-09b7a9b9eba503ae","train","pri","noisy","129","0.01","0","0.8849348132498562","2.8183446822687985","13.958889812803102","2.9287699884939826","signals/train/signal-001547.csv","41ee6da809d8ed203df7a079134218a69f74d0c03844a1b809d264047f6eefc5","73ac482d99af60a6159c14cea8c811eb571fd70416776b4f5880cc367cfd6495"
"signal-001548","src-f5574fe635cd6600","group-09b7a9b9eba503ae","train","pri","sparse-jittered","65","0.03","0.25","0.3252318708691746","1.2723950415849685","18.003994047477946","0.8036159658336146","signals/train/signal-001548.csv","7dfbd7340c7eff0dc2709fe4b9cfb328c35c6ae1c7786795dafc366f66545346","73ac482d99af60a6159c14cea8c811eb571fd70416776b4f5880cc367cfd6495"
"signal-001549","src-40d9a6edfa563e16","group-f2b7ac189d4cd202","test","frequency","clean","257","0","0","0.8058508196845651","2.8782014632597566","11.90976314990531","1.1103059048267099","signals/test/signal-001549.csv","c9d69fd9f8fe7770eac38a06327c778fc3c41fa46292c7938833ef4a9b61f725","59356bbfc16bd71cc233a90ca20226882f5ab7aad63ae7cdb1dee7e4cd175f10"
"signal-001550","src-40d9a6edfa563e16","group-f2b7ac189d4cd202","test","frequency","noisy","129","0.01","0","0.23864596942439675","0.9513430429622531","15.189393304514027","1.8456204070700561","signals/test/signal-001550.csv","a25a5212031942aad81cb2a0735d752e3bdb1b03fa88079c3ed5f831196dd43f","59356bbfc16bd71cc233a90ca20226882f5ab7aad63ae7cdb1dee7e4cd175f10"
"signal-001551","src-40d9a6edfa563e16","group-f2b7ac189d4cd202","test","frequency","sparse-jittered","65","0.03","0.25","0.31857882742770016","3.0684447757899758","18.357849822970397","2.4857196521966998","signals/test/signal-001551.csv","9db55b4e89d72e8c08f30bebe812dcad51d54713352f7f813bd007e1f67316f4","59356bbfc16bd71cc233a90ca20226882f5ab7aad63ae7cdb1dee7e4cd175f10"
"signal-001552","src-40d9a6edfa563e16","group-f2b7ac189d4cd202","test","pri","clean","257","0","0","0.2886513222474605","1.5867671467363835","12.288883223059724","1.7658089881123011","signals/test/signal-001552.csv","1504e65b3173cfe46f6650fa979994c53daaff036b8041f73224c14f97f12e0f","59356bbfc16bd71cc233a90ca20226882f5ab7aad63ae7cdb1dee7e4cd175f10"
"signal-001553","src-40d9a6edfa563e16","group-f2b7ac189d4cd202","test","pri","noisy","129","0.01","0","0.5217328295111656","1.4971633227542043","13.103929950324789","0.918775689767866","signals/test/signal-001553.csv","e61d69a2655bf5ea7d2cb122f36fb9bbf6c08194cdadb80e7625048d95b61263","59356bbfc16bd71cc233a90ca20226882f5ab7aad63ae7cdb1dee7e4cd175f10"
"signal-001554","src-40d9a6edfa563e16","group-f2b7ac189d4cd202","test","pri","sparse-jittered","65","0.03","0.25","0.11189207783900201","1.0635117370635272","13.582658400493017","2.1851300718480875","signals/test/signal-001554.csv","cfd85d5ee90a29a556cbf5d9756bd24c67676a4a656d9780aa777c96e0f82cc1","59356bbfc16bd71cc233a90ca20226882f5ab7aad63ae7cdb1dee7e4cd175f10"
"signal-001555","src-76c412dc2a7b37ec","group-df401507ccd48cd6","validation","frequency","clean","257","0","0","0.9389090945478529","2.3854666490107777","19.335466815881574","0.9021996979562594","signals/validation/signal-001555.csv","795612e540f3a93656ad4ba4073a9ba471e32e5c5459c7492840d3461a13b1a8","a58da7ca9b349081b51fc46913c67eec0e2ac3b928d6084d3e72fb752e0de947"
"signal-001556","src-76c412dc2a7b37ec","group-df401507ccd48cd6","validation","frequency","noisy","129","0.01","0","0.016590661136433482","3.1490438815206288","15.142404375611166","2.9126098796322815","signals/validation/signal-001556.csv","d649745a999b06f120ab2849fee6e3789b75099c5cdbded31c4699723e953363","a58da7ca9b349081b51fc46913c67eec0e2ac3b928d6084d3e72fb752e0de947"
"signal-001557","src-76c412dc2a7b37ec","group-df401507ccd48cd6","validation","frequency","sparse-jittered","65","0.03","0.25","0.44103822903707623","2.280452716164291","13.009820927815738","3.009834044091276","signals/validation/signal-001557.csv","6577d4cdf06c3e2847a91c4b4828fa4aaf0da551de445aa2cfa501571cd8fee4","a58da7ca9b349081b51fc46913c67eec0e2ac3b928d6084d3e72fb752e0de947"
"signal-001558","src-76c412dc2a7b37ec","group-df401507ccd48cd6","validation","pri","clean","257","0","0","0.7392564387992024","2.42713043037802","19.359141596748792","2.2595857712142084","signals/validation/signal-001558.csv","2251f67f97b0b574fde1a0122d4d76afe0965fc059ca09d37ebdf6ed9c24bc25","a58da7ca9b349081b51fc46913c67eec0e2ac3b928d6084d3e72fb752e0de947"
"signal-001559","src-76c412dc2a7b37ec","group-df401507ccd48cd6","validation","pri","noisy","129","0.01","0","0.37039707973599434","1.3931007208302617","14.773292865912245","2.194204819993171","signals/validation/signal-001559.csv","46962133efe3899e2d8e3417da1cd8dd95ad8e496b33b3b0473a669bd135a801","a58da7ca9b349081b51fc46913c67eec0e2ac3b928d6084d3e72fb752e0de947"
"signal-001560","src-76c412dc2a7b37ec","group-df401507ccd48cd6","validation","pri","sparse-jittered","65","0.03","0.25","0.1383938305079937","3.017144644446671","15.227615355625097","0.8664606344262307","signals/validation/signal-001560.csv","926dc968048c6d62cb0fe3737fe0f0667c3ed8838b580598d4b659f94e28bb53","a58da7ca9b349081b51fc46913c67eec0e2ac3b928d6084d3e72fb752e0de947"
"signal-001561","src-5d395639b3315e50","group-857d64922e1a48ca","train","frequency","clean","257","0","0","0.1443653921596706","0.9914745872840286","18.3497753066111","1.4199212488108444","signals/train/signal-001561.csv","b19445d4749b8f4b00854538a1ca734fdf057beab7d53483d08f511bdbab1130","0c1096fb22b9387daee60ba37bdfb23f7b6fb1eef67d5b6620788313aa53d3ab"
"signal-001562","src-5d395639b3315e50","group-857d64922e1a48ca","train","frequency","noisy","129","0.01","0","0.730293860193342","1.431683107279241","13.708498953773661","0.7395670003366384","signals/train/signal-001562.csv","9ab53750ee538fcf41a3c8401493538b1de3cf5342c07b03c31ffa728f1b224f","0c1096fb22b9387daee60ba37bdfb23f7b6fb1eef67d5b6620788313aa53d3ab"
"signal-001563","src-5d395639b3315e50","group-857d64922e1a48ca","train","frequency","sparse-jittered","65","0.03","0.25","0.7762573298532516","2.9288292475044724","11.960116287069312","0.8904303764897499","signals/train/signal-001563.csv","e5eb52980615d9eeb6eb63d83a00b0bc0ae020f6412c47281f915daf1d068a2c","0c1096fb22b9387daee60ba37bdfb23f7b6fb1eef67d5b6620788313aa53d3ab"
"signal-001564","src-5d395639b3315e50","group-857d64922e1a48ca","train","pri","clean","257","0","0","0.5690025053918362","2.6376751186326146","16.431179817946653","0.8144560987460565","signals/train/signal-001564.csv","8bf141f9547e381bd984c0b37e7205f34fb324259c2d8030f53ffb437268b551","0c1096fb22b9387daee60ba37bdfb23f7b6fb1eef67d5b6620788313aa53d3ab"
"signal-001565","src-5d395639b3315e50","group-857d64922e1a48ca","train","pri","noisy","129","0.01","0","0.7741669812239707","1.6909078819677235","12.529818985650472","2.0880234929407226","signals/train/signal-001565.csv","56cf8e5247beff17a6c385b58230dbb23b8011ef5445b66266dd21aa5b53ae5f","0c1096fb22b9387daee60ba37bdfb23f7b6fb1eef67d5b6620788313aa53d3ab"
"signal-001566","src-5d395639b3315e50","group-857d64922e1a48ca","train","pri","sparse-jittered","65","0.03","0.25","0.24845654447562993","1.029641779512167","17.714965509695276","0.8229373945265657","signals/train/signal-001566.csv","ddef57567e5fb559a36d39be31fa1550ef49055e02d0bad25c9cc33e5efd37d7","0c1096fb22b9387daee60ba37bdfb23f7b6fb1eef67d5b6620788313aa53d3ab"
"signal-001567","src-3d0d08914b139657","group-681113f4045c7d2e","test","frequency","clean","257","0","0","0.7787098190747201","1.0496073683723808","19.464346581868156","2.1670804567971835","signals/test/signal-001567.csv","4fc23223da7e3c50955bb934f44ec391912ea7662d776d78827552e5372303c7","db4ec45fdc646c712ce6de17ec55a64286873c97cf45fed747e0486fb95bb64d"
"signal-001568","src-3d0d08914b139657","group-681113f4045c7d2e","test","frequency","noisy","129","0.01","0","0.06206911150366068","1.411733671464026","13.989764501032312","1.661499333632305","signals/test/signal-001568.csv","1d8d504657c82136fce39228e4edfed7e781fc6adc2456b9776f53f9027803c3","db4ec45fdc646c712ce6de17ec55a64286873c97cf45fed747e0486fb95bb64d"
"signal-001569","src-3d0d08914b139657","group-681113f4045c7d2e","test","frequency","sparse-jittered","65","0.03","0.25","0.7577576208859682","3.104108543880284","15.283765440007965","3.004320024618158","signals/test/signal-001569.csv","5aefeb48ce00ccd1b8fe842e56640a0ebaafb11ce979d0a5c427c9835ff6b09a","db4ec45fdc646c712ce6de17ec55a64286873c97cf45fed747e0486fb95bb64d"
"signal-001570","src-3d0d08914b139657","group-681113f4045c7d2e","test","pri","clean","257","0","0","0.21495428984053433","3.0900869481265545","18.09942411072503","2.112836403013471","signals/test/signal-001570.csv","84e55ba92474abfa9d574c94e924df2d78d640c89840b2f67a517a6ccee16f68","db4ec45fdc646c712ce6de17ec55a64286873c97cf45fed747e0486fb95bb64d"
"signal-001571","src-3d0d08914b139657","group-681113f4045c7d2e","test","pri","noisy","129","0.01","0","0.2912960755638778","1.9771354114636779","19.513773822026042","1.8940388470184288","signals/test/signal-001571.csv","718ad3164d427424613bcf2d68ed33ed698d9290891a20c373126775eaecf829","db4ec45fdc646c712ce6de17ec55a64286873c97cf45fed747e0486fb95bb64d"
"signal-001572","src-3d0d08914b139657","group-681113f4045c7d2e","test","pri","sparse-jittered","65","0.03","0.25","0.18396411929279566","3.172132446803152","16.36378640266072","1.2393614536813633","signals/test/signal-001572.csv","b5eabb7e16ea5cf27b3b77a0e4e763bf671353c4bf4c623075c774a6178e7389","db4ec45fdc646c712ce6de17ec55a64286873c97cf45fed747e0486fb95bb64d"
"signal-001573","src-b509775da292e63d","group-6116e67c3c42b5e3","test","frequency","clean","257","0","0","0.5378723491448909","3.111354634910822","10.582336452814044","2.165657332551472","signals/test/signal-001573.csv","d717c9112d6297120553dddc2721d68fc7ba0763ef01ffcace8ed6fc1d0edf13","5ede423a10015f295fcfcdcf56c663a6a8dd2a16449b37d5bb2519de5cf0d449"
"signal-001574","src-b509775da292e63d","group-6116e67c3c42b5e3","test","frequency","noisy","129","0.01","0","0.2910692794248462","0.9834571549668909","13.280116602948944","0.6914113898157588","signals/test/signal-001574.csv","b638051bda3560013e2609a2ee4fb45d71007dbd7d2f86a478d9f567ff106d6b","5ede423a10015f295fcfcdcf56c663a6a8dd2a16449b37d5bb2519de5cf0d449"
"signal-001575","src-b509775da292e63d","group-6116e67c3c42b5e3","test","frequency","sparse-jittered","65","0.03","0.25","0.5573490909300745","2.8435549100860955","10.054193067846356","0.8918943698512134","signals/test/signal-001575.csv","aa0088b881b38925688e911a1f10b70bc026b2f11176364e5194465c7d4a79ab","5ede423a10015f295fcfcdcf56c663a6a8dd2a16449b37d5bb2519de5cf0d449"
"signal-001576","src-b509775da292e63d","group-6116e67c3c42b5e3","test","pri","clean","257","0","0","0.12192318914458156","1.5614105379208922","11.01456382741222","2.3263661446362036","signals/test/signal-001576.csv","7ff743cdc943dcff95518fa6fb7a8b851fc384124fd4e037db61bb24bfe9b19e","5ede423a10015f295fcfcdcf56c663a6a8dd2a16449b37d5bb2519de5cf0d449"
"signal-001577","src-b509775da292e63d","group-6116e67c3c42b5e3","test","pri","noisy","129","0.01","0","0.3949117904994637","3.005439496040344","13.93577368368235","0.829294655132248","signals/test/signal-001577.csv","4bafba30b0d9f5b58b6688545c84d80019a1a1a23cce297acaf767bdc44fd55e","5ede423a10015f295fcfcdcf56c663a6a8dd2a16449b37d5bb2519de5cf0d449"
"signal-001578","src-b509775da292e63d","group-6116e67c3c42b5e3","test","pri","sparse-jittered","65","0.03","0.25","0.884167987620458","3.137151523306966","15.43538464551687","2.7062326966655217","signals/test/signal-001578.csv","89ed6503e2f26bf88205bf5efc5938201cd501dc9e06a9cf47a60bac68b63d82","5ede423a10015f295fcfcdcf56c663a6a8dd2a16449b37d5bb2519de5cf0d449"
"signal-001579","src-1814c14ffff20d06","group-1852b18ebff0d139","calibration","frequency","clean","257","0","0","0.8445050283335149","1.394155596755445","10.88008406472874","2.6362140174911737","signals/calibration/signal-001579.csv","c7dbc2148575172267ddf7ec6def290a27040b212122367f5e98ca05da4f5b84","7bc3dd5b4fce15fc01c8b7a0bb9c654bfc3768f218a3deae2058de0537e49a04"
"signal-001580","src-1814c14ffff20d06","group-1852b18ebff0d139","calibration","frequency","noisy","129","0.01","0","0.3345571628306061","1.8490637838840485","16.061757296895486","2.940473679262535","signals/calibration/signal-001580.csv","8ae31fe746cbf28df3ebdc9f25f0a7e3ac04f657ab8b1f5404f6574782c89681","7bc3dd5b4fce15fc01c8b7a0bb9c654bfc3768f218a3deae2058de0537e49a04"
"signal-001581","src-1814c14ffff20d06","group-1852b18ebff0d139","calibration","frequency","sparse-jittered","65","0.03","0.25","0.8880078347865492","2.6130080655217167","17.476475114389487","1.8205781099952354","signals/calibration/signal-001581.csv","034356bc68043ed753ac8ab4fc8ded13b93b27c38ee905ec6ce7b07ffe6063bc","7bc3dd5b4fce15fc01c8b7a0bb9c654bfc3768f218a3deae2058de0537e49a04"
"signal-001582","src-1814c14ffff20d06","group-1852b18ebff0d139","calibration","pri","clean","257","0","0","0.19104661280289292","2.894564430229366","17.600658190973427","2.090547351890894","signals/calibration/signal-001582.csv","e1b4bae8e61c824b5c8a06667883722f3d0ea10e615c1fcd4916b66caa9e445d","7bc3dd5b4fce15fc01c8b7a0bb9c654bfc3768f218a3deae2058de0537e49a04"
"signal-001583","src-1814c14ffff20d06","group-1852b18ebff0d139","calibration","pri","noisy","129","0.01","0","0.4025552151724696","2.7152207741513847","15.899441629278414","2.906023540662652","signals/calibration/signal-001583.csv","230e5fee71017cdbae4a60cc6776f045fd6f1a99cc70525f4618cc3df315dcf1","7bc3dd5b4fce15fc01c8b7a0bb9c654bfc3768f218a3deae2058de0537e49a04"
"signal-001584","src-1814c14ffff20d06","group-1852b18ebff0d139","calibration","pri","sparse-jittered","65","0.03","0.25","0.6697079907171428","1.5179808085784317","13.14344993658628","1.1348157266311336","signals/calibration/signal-001584.csv","1cd3c0c4ff1e4253f3cdd2240b82c18e9f418e121046026f56521f484b92232b","7bc3dd5b4fce15fc01c8b7a0bb9c654bfc3768f218a3deae2058de0537e49a04"
"signal-001585","src-78fb4cd4941a037b","group-7acab84be5c007aa","train","frequency","clean","257","0","0","0.7633210606873035","1.7571098865941166","17.918942518587514","0.7398801195533409","signals/train/signal-001585.csv","d7f7054e7d2d21082adbcfaa9eb6ba4c844cee3bb4a9012b6a633257a9a44c45","db6fc8534c640c217f9803461e8d594f2a970ac1e54661b7ce83fb2a2b8da11b"
"signal-001586","src-78fb4cd4941a037b","group-7acab84be5c007aa","train","frequency","noisy","129","0.01","0","0.2998357086908072","3.0054073642939327","11.08202371994245","1.6745358349584833","signals/train/signal-001586.csv","b02f319e780aaa4aff0bbd1e1aa0679c6c10c5112a8685ca51bc74921d5226c7","db6fc8534c640c217f9803461e8d594f2a970ac1e54661b7ce83fb2a2b8da11b"
"signal-001587","src-78fb4cd4941a037b","group-7acab84be5c007aa","train","frequency","sparse-jittered","65","0.03","0.25","0.07034567347727716","0.9498986560851336","17.57432940136342","2.37963514101898","signals/train/signal-001587.csv","4e499b140a1c128bb6c87f5f8f17b83c84c664160073efd091a247bd0a5f38e0","db6fc8534c640c217f9803461e8d594f2a970ac1e54661b7ce83fb2a2b8da11b"
"signal-001588","src-78fb4cd4941a037b","group-7acab84be5c007aa","train","pri","clean","257","0","0","0.2497470371890813","2.4494575165212154","19.330211640902455","1.0735212225984796","signals/train/signal-001588.csv","b713c99a54e9a5260a713b137bf83ad89138d621f6009f480c32520223b72c86","db6fc8534c640c217f9803461e8d594f2a970ac1e54661b7ce83fb2a2b8da11b"
"signal-001589","src-78fb4cd4941a037b","group-7acab84be5c007aa","train","pri","noisy","129","0.01","0","0.000548260984942317","2.4923161532729865","16.302209079987914","1.9581534050827596","signals/train/signal-001589.csv","b5554a6f20314d234d9a442241efb2d3201b8ce443f5f228b40d8355ca4430e3","db6fc8534c640c217f9803461e8d594f2a970ac1e54661b7ce83fb2a2b8da11b"
"signal-001590","src-78fb4cd4941a037b","group-7acab84be5c007aa","train","pri","sparse-jittered","65","0.03","0.25","0.2252636314369738","2.0948108209297063","19.76790148482002","2.261116287562622","signals/train/signal-001590.csv","e19dd9e5ce97407a4d169974f67c133d645197433e22f92245f36251f6188849","db6fc8534c640c217f9803461e8d594f2a970ac1e54661b7ce83fb2a2b8da11b"
"signal-001591","src-15c3efaafcd929d6","group-61dadaa20c2c41fa","calibration","frequency","clean","257","0","0","0.4922298996243626","0.81215400993824","16.749814932700247","2.553859295281427","signals/calibration/signal-001591.csv","8444ade8a310d4b15c0cf5c0f025e7ad81d5559ec92a7623cdd87078b43e6e4c","8f6e30286c4390b875fe770159fd61680300accc91f689fb67020ee0cbf918a8"
"signal-001592","src-15c3efaafcd929d6","group-61dadaa20c2c41fa","calibration","frequency","noisy","129","0.01","0","0.3531842459924519","1.8091340539976954","12.623960095593198","2.6415431916544208","signals/calibration/signal-001592.csv","470a048eea36e9012de4f9b47164b1cdda87f1e178990169026fdf40ab0e6eda","8f6e30286c4390b875fe770159fd61680300accc91f689fb67020ee0cbf918a8"
"signal-001593","src-15c3efaafcd929d6","group-61dadaa20c2c41fa","calibration","frequency","sparse-jittered","65","0.03","0.25","0.5504808265250176","1.8073895033448935","13.226164505269903","1.0050082062091743","signals/calibration/signal-001593.csv","dd5b63dfe86e00ad731ebfe8d72e2663ebf01c2065573b919b1b556f25a6f757","8f6e30286c4390b875fe770159fd61680300accc91f689fb67020ee0cbf918a8"
"signal-001594","src-15c3efaafcd929d6","group-61dadaa20c2c41fa","calibration","pri","clean","257","0","0","0.639667394105345","1.0426129383966327","19.44936579093337","2.5214103262503826","signals/calibration/signal-001594.csv","3cff3f021272a566537a37ba26f4319747524628af72510e0339507b3cd0021d","8f6e30286c4390b875fe770159fd61680300accc91f689fb67020ee0cbf918a8"
"signal-001595","src-15c3efaafcd929d6","group-61dadaa20c2c41fa","calibration","pri","noisy","129","0.01","0","0.00007399194873869419","1.493995274603367","11.035724381461868","1.3035294935266748","signals/calibration/signal-001595.csv","f61e3a25b22c556ae772fdf07cb31d7d7ae7f488913269ae8a3d94faa4612e85","8f6e30286c4390b875fe770159fd61680300accc91f689fb67020ee0cbf918a8"
"signal-001596","src-15c3efaafcd929d6","group-61dadaa20c2c41fa","calibration","pri","sparse-jittered","65","0.03","0.25","0.30882634967565536","3.0942684443667527","18.950059671921025","0.8290288521445142","signals/calibration/signal-001596.csv","e9c2fca29750a30e61af831debdbfd2d41ea72a2b61b4534ec4fc999f5ff1c0a","8f6e30286c4390b875fe770159fd61680300accc91f689fb67020ee0cbf918a8"
"signal-001597","src-1e421efc36416b59","group-4e7082b48750a2b9","calibration","frequency","clean","257","0","0","0.8376664253883064","1.9507407402619719","18.738498213435705","2.4094993246725664","signals/calibration/signal-001597.csv","be5860a25bbe00038f71277c1ced5d7927a9232625a5e3b3541190287912ae87","4283e48d53fa98b35843e9152808e7ad9836b55b18832780a264508a967e9fed"
"signal-001598","src-1e421efc36416b59","group-4e7082b48750a2b9","calibration","frequency","noisy","129","0.01","0","0.24821578594855964","1.6329016681760549","19.249257304757712","2.4986117928915235","signals/calibration/signal-001598.csv","3693261a640cd5feef82c59bf9c2b57e7ffcaa14e4e2ab7a80eb8ff5977d0f77","4283e48d53fa98b35843e9152808e7ad9836b55b18832780a264508a967e9fed"
"signal-001599","src-1e421efc36416b59","group-4e7082b48750a2b9","calibration","frequency","sparse-jittered","65","0.03","0.25","0.5833842135034502","1.9723003765568137","16.046101610193574","1.2690747183487812","signals/calibration/signal-001599.csv","d38eedfdfa17d1d9bd92d3057fb4cd140c004db65cf81f114db1a63b30ea088d","4283e48d53fa98b35843e9152808e7ad9836b55b18832780a264508a967e9fed"
"signal-001600","src-1e421efc36416b59","group-4e7082b48750a2b9","calibration","pri","clean","257","0","0","0.14429735392332077","1.878662064857781","15.583929842912756","2.8745937794552905","signals/calibration/signal-001600.csv","7482a3bb88b792429ba5684cf23052aff7d2e82cd72cb51c1817537c515f30b4","4283e48d53fa98b35843e9152808e7ad9836b55b18832780a264508a967e9fed"
"signal-001601","src-1e421efc36416b59","group-4e7082b48750a2b9","calibration","pri","noisy","129","0.01","0","0.45098799699917436","1.5687712235376239","11.191912258277924","1.704473609769714","signals/calibration/signal-001601.csv","ff6df0bcc30e46352a7eb1ae0c78043d3062816a8b09542b47749052697ccb20","4283e48d53fa98b35843e9152808e7ad9836b55b18832780a264508a967e9fed"
"signal-001602","src-1e421efc36416b59","group-4e7082b48750a2b9","calibration","pri","sparse-jittered","65","0.03","0.25","0.048818734707310796","2.4663568057119845","14.743014926843529","2.5463058898445965","signals/calibration/signal-001602.csv","5baba651131daf8df1cc6efc5854960f9941d28ed1d87000a55e334b0a77784f","4283e48d53fa98b35843e9152808e7ad9836b55b18832780a264508a967e9fed"
"signal-001603","src-2f470b79d9559d0a","group-9c180254383862b1","test","frequency","clean","257","0","0","0.00017297477461397648","2.6835777223110195","14.898409369658086","1.3577605415904745","signals/test/signal-001603.csv","4d311ebc45c48b598c051a1bee92b93bf9f7bb6170cf3438c457b38ad25fbd96","0dc9d189126f44dccb5f8d0e1ce0c7e41da00674722a4daa0f594009f38eb731"
"signal-001604","src-2f470b79d9559d0a","group-9c180254383862b1","test","frequency","noisy","129","0.01","0","0.4351623759139329","2.070053892582655","17.58504224398299","1.5565234496866402","signals/test/signal-001604.csv","c73090c637e290299851d50a73842ceeb3561320d62540d5476956d24c6f5cdf","0dc9d189126f44dccb5f8d0e1ce0c7e41da00674722a4daa0f594009f38eb731"
"signal-001605","src-2f470b79d9559d0a","group-9c180254383862b1","test","frequency","sparse-jittered","65","0.03","0.25","0.8511494977865368","0.8829519003629684","16.946683565088946","2.2668155231504805","signals/test/signal-001605.csv","a6aa68f30d688d8e74262a99ec766ed071931a606478a9ba7e5e38a9eef686e4","0dc9d189126f44dccb5f8d0e1ce0c7e41da00674722a4daa0f594009f38eb731"
"signal-001606","src-2f470b79d9559d0a","group-9c180254383862b1","test","pri","clean","257","0","0","0.5607466294895858","2.622643030807376","11.069875160579643","2.7023494872250886","signals/test/signal-001606.csv","6126326636b0b88360a91c5144ca102852c51025d046fad8256842b455a0350c","0dc9d189126f44dccb5f8d0e1ce0c7e41da00674722a4daa0f594009f38eb731"
"signal-001607","src-2f470b79d9559d0a","group-9c180254383862b1","test","pri","noisy","129","0.01","0","0.11122293793596327","1.319628854095936","19.101016631088903","0.7734496658119348","signals/test/signal-001607.csv","bbae62c9a87d22d17f27a2cd4f0317fb0eab042d062b19d1e88754492c285305","0dc9d189126f44dccb5f8d0e1ce0c7e41da00674722a4daa0f594009f38eb731"
"signal-001608","src-2f470b79d9559d0a","group-9c180254383862b1","test","pri","sparse-jittered","65","0.03","0.25","0.9644365378189832","2.042502697557211","15.743923947580019","2.519468354621992","signals/test/signal-001608.csv","8a8b87ec2531fda3eabb37371f6cfc41c316c97b65c6979f3b590fed7f9c2b95","0dc9d189126f44dccb5f8d0e1ce0c7e41da00674722a4daa0f594009f38eb731"
"signal-001609","src-52630b8cb4fda78b","group-7d38e74825286509","train","frequency","clean","257","0","0","0.5248184041120112","2.8309855891391633","15.231492803674051","2.8760215296180434","signals/train/signal-001609.csv","df00693a0d37e5164af1f9fc9c74f3c855e163be73eea5045427b9c8ae2a001d","9c6eedb4c5772e60fb5ec5361a8261fc8b090e7a908ef3cb96750823e1238618"
"signal-001610","src-52630b8cb4fda78b","group-7d38e74825286509","train","frequency","noisy","129","0.01","0","0.37964348238892853","1.3165971197187902","12.431563746452134","2.426641363174655","signals/train/signal-001610.csv","7dd2484500becdca855de22b7dbf2dc64ef1d84c112a45719046907a3d3d95d1","9c6eedb4c5772e60fb5ec5361a8261fc8b090e7a908ef3cb96750823e1238618"
"signal-001611","src-52630b8cb4fda78b","group-7d38e74825286509","train","frequency","sparse-jittered","65","0.03","0.25","0.549481597263366","1.8758455006405712","11.27459711338538","1.3257391835025327","signals/train/signal-001611.csv","eb9668501d336d62df744b9c877e06d56423ecfe1b30272af6c13186b34785b2","9c6eedb4c5772e60fb5ec5361a8261fc8b090e7a908ef3cb96750823e1238618"
"signal-001612","src-52630b8cb4fda78b","group-7d38e74825286509","train","pri","clean","257","0","0","0.08990617259405553","1.205762491002679","16.569094971730546","0.8774510420100512","signals/train/signal-001612.csv","6679f95746aeb5933a2bc117e259b65b03062d55d1ee3bca52114733e3c1a75c","9c6eedb4c5772e60fb5ec5361a8261fc8b090e7a908ef3cb96750823e1238618"
"signal-001613","src-52630b8cb4fda78b","group-7d38e74825286509","train","pri","noisy","129","0.01","0","0.4455131141003221","1.465485953167081","14.05348997313413","2.857758406740057","signals/train/signal-001613.csv","2a6243c4861103d6f0aba3bc8a0eaef95a052676cad052fe7bd424c9569a16c3","9c6eedb4c5772e60fb5ec5361a8261fc8b090e7a908ef3cb96750823e1238618"
"signal-001614","src-52630b8cb4fda78b","group-7d38e74825286509","train","pri","sparse-jittered","65","0.03","0.25","0.3444948166143149","2.134165437147021","14.500977815149842","2.6690759411807736","signals/train/signal-001614.csv","214e41ccfce45aeb7fb3a40c0f1965f7607d52b1d4fe603ac53309386fcd4b41","9c6eedb4c5772e60fb5ec5361a8261fc8b090e7a908ef3cb96750823e1238618"
"signal-001615","src-946b68e71946407c","group-c164947b46be16db","test","frequency","clean","257","0","0","0.6857771372888237","1.8587088465690613","19.6243366986743","1.5637422113471722","signals/test/signal-001615.csv","d3913cf30695c7fa414ca0c3b7a6d4a77972faa680531957f6a217077ed7e3b1","3a741b126c1d500ac1a0b719f6ae9d7048868af4727124e1a549c055d54afe11"
"signal-001616","src-946b68e71946407c","group-c164947b46be16db","test","frequency","noisy","129","0.01","0","0.12912193033844233","2.9714479589834806","14.951080156167162","2.085984565305951","signals/test/signal-001616.csv","f9c2e35cf74104679915d7d6416a49bb39733c4427e30c97785097f3486ef84b","3a741b126c1d500ac1a0b719f6ae9d7048868af4727124e1a549c055d54afe11"
"signal-001617","src-946b68e71946407c","group-c164947b46be16db","test","frequency","sparse-jittered","65","0.03","0.25","0.2237202024552971","2.6194878935813906","18.61239895778389","2.523386452206804","signals/test/signal-001617.csv","9de8cc75e7e2d80d8aebc10143f9753f30a388d61fe23fd7bf2565940f7ee468","3a741b126c1d500ac1a0b719f6ae9d7048868af4727124e1a549c055d54afe11"
"signal-001618","src-946b68e71946407c","group-c164947b46be16db","test","pri","clean","257","0","0","0.41773310606367886","1.9486829869449138","17.144075280508964","2.447625682601691","signals/test/signal-001618.csv","c3e81c0976343b3618e89c1920d102eaeae759fbb94a93022ce8a183cae5c4d0","3a741b126c1d500ac1a0b719f6ae9d7048868af4727124e1a549c055d54afe11"
"signal-001619","src-946b68e71946407c","group-c164947b46be16db","test","pri","noisy","129","0.01","0","0.4930991798173636","2.5265538047999145","12.250599832695091","1.781101878075276","signals/test/signal-001619.csv","7ad41ec84d960a143fcd597a840b7edbfd1f4645cf34efd98f9582a4691fe320","3a741b126c1d500ac1a0b719f6ae9d7048868af4727124e1a549c055d54afe11"
"signal-001620","src-946b68e71946407c","group-c164947b46be16db","test","pri","sparse-jittered","65","0.03","0.25","0.6450281883589923","1.551762497983873","16.82085701259097","0.7464846778626928","signals/test/signal-001620.csv","71325b88d5effc415fa9b7718689a845995b9ca2482be397920f7e3c60b2711d","3a741b126c1d500ac1a0b719f6ae9d7048868af4727124e1a549c055d54afe11"
"signal-001621","src-f4182dcafd56b67a","group-953112c8bec77145","validation","frequency","clean","257","0","0","0.4942327525932342","2.821963424235582","11.809155607128282","2.3853130667123157","signals/validation/signal-001621.csv","7d1e0853078510533c105072f2c35e751c93f092cfd7961bdc4df7f5aaf21785","66bde7002ee2072a807688a1efb816dd54a1d156d3bfe57244eaabd804ea4e8a"
"signal-001622","src-f4182dcafd56b67a","group-953112c8bec77145","validation","frequency","noisy","129","0.01","0","0.16749690030701458","0.8055293135344983","11.01311013354167","1.5386837049074078","signals/validation/signal-001622.csv","8552308855a1de6f9fb99de042c1effb8cf98150b13acb7f26f79ddb516e34ae","66bde7002ee2072a807688a1efb816dd54a1d156d3bfe57244eaabd804ea4e8a"
"signal-001623","src-f4182dcafd56b67a","group-953112c8bec77145","validation","frequency","sparse-jittered","65","0.03","0.25","0.6246372687164694","2.5374991789460184","14.106147502225738","1.5265272836813732","signals/validation/signal-001623.csv","9fd67f3a90861499a05aa518828dd8c324be5e978acbd0a2dca03479e21994e1","66bde7002ee2072a807688a1efb816dd54a1d156d3bfe57244eaabd804ea4e8a"
"signal-001624","src-f4182dcafd56b67a","group-953112c8bec77145","validation","pri","clean","257","0","0","0.8683743211440742","2.219881317578256","18.817440240685222","1.7411831812212846","signals/validation/signal-001624.csv","8e8402551764383b69ad9780e0be96895df07a2bbff08d666fa4b3931cb1d163","66bde7002ee2072a807688a1efb816dd54a1d156d3bfe57244eaabd804ea4e8a"
"signal-001625","src-f4182dcafd56b67a","group-953112c8bec77145","validation","pri","noisy","129","0.01","0","0.6687470907345414","0.8144392693415284","16.245374303130937","2.4219517474372356","signals/validation/signal-001625.csv","27de201a5a545416af6bcfcdd89bca69b5f519f9bfe2b0592d61e5d4b4479eec","66bde7002ee2072a807688a1efb816dd54a1d156d3bfe57244eaabd804ea4e8a"
"signal-001626","src-f4182dcafd56b67a","group-953112c8bec77145","validation","pri","sparse-jittered","65","0.03","0.25","0.2955379809718579","2.3541941549628973","18.28317392314525","2.1118546539587406","signals/validation/signal-001626.csv","4d9f40bb67e2ffb941c5cad7129b1161e3066d7366e11c958b7fc8a78b1f89cf","66bde7002ee2072a807688a1efb816dd54a1d156d3bfe57244eaabd804ea4e8a"
"signal-001627","src-4a4ea6a36dae19e7","group-51772c4fd2260386","validation","frequency","clean","257","0","0","0.5791384112089872","1.851123999245465","14.753121285237583","2.0103617167381707","signals/validation/signal-001627.csv","6586d1620cd3eae170d2c9e60d9d77d19fdb10209bb10cbb77fdc5359045e377","2df8adabbf247c4a352ea9fd41ca766b51bac91d50d371d19dc3bc414197472d"
"signal-001628","src-4a4ea6a36dae19e7","group-51772c4fd2260386","validation","frequency","noisy","129","0.01","0","0.46268776059150696","2.432020256109536","12.85411908659991","2.2194923652589544","signals/validation/signal-001628.csv","3897e7a337ca459a6fb17c8f9ed23d227a3059a8a7c586319a82c4318bdd3e81","2df8adabbf247c4a352ea9fd41ca766b51bac91d50d371d19dc3bc414197472d"
"signal-001629","src-4a4ea6a36dae19e7","group-51772c4fd2260386","validation","frequency","sparse-jittered","65","0.03","0.25","0.8473037015646696","1.1266418920829893","14.003964627325491","1.283684700755833","signals/validation/signal-001629.csv","6996b4a2ea6587d180151bb5c946ae5b707160ca0a2e6fd3e74e5315b8094414","2df8adabbf247c4a352ea9fd41ca766b51bac91d50d371d19dc3bc414197472d"
"signal-001630","src-4a4ea6a36dae19e7","group-51772c4fd2260386","validation","pri","clean","257","0","0","0.1779563648160547","2.9812610793858765","14.020226396566562","1.3621351996902007","signals/validation/signal-001630.csv","c6c1a9a94d48fb0ecd411721e2fb92fee1322e292f77e916e59e45a522c4bbe2","2df8adabbf247c4a352ea9fd41ca766b51bac91d50d371d19dc3bc414197472d"
"signal-001631","src-4a4ea6a36dae19e7","group-51772c4fd2260386","validation","pri","noisy","129","0.01","0","0.434183323988691","2.484436774253845","18.699525017197246","0.9827394028793357","signals/validation/signal-001631.csv","2fb435dbf9975d8f36555c546f427127a8aee9df83a51d40d0b39f56bea718ac","2df8adabbf247c4a352ea9fd41ca766b51bac91d50d371d19dc3bc414197472d"
"signal-001632","src-4a4ea6a36dae19e7","group-51772c4fd2260386","validation","pri","sparse-jittered","65","0.03","0.25","0.48837784701026976","3.0738290086388584","10.842891140098372","1.3763048027639364","signals/validation/signal-001632.csv","2c526417a3e7a6f8bbc74b7df9d828b51b8087e1298f2cc5ea20afee18209e1e","2df8adabbf247c4a352ea9fd41ca766b51bac91d50d371d19dc3bc414197472d"
"signal-001633","src-d95592c285383159","group-d8390054f03fc542","test","frequency","clean","257","0","0","0.19003719254396856","1.722605249658227","10.29062706278637","2.6256437687203302","signals/test/signal-001633.csv","d417b3e359dd36b13dde9ae78d3f4d86520e6890fe1c0e90faa36acea8cf8b2b","95974c720820ebff8679b3505215c0460fd650673c003c14a1ba560c5ff1b765"
"signal-001634","src-d95592c285383159","group-d8390054f03fc542","test","frequency","noisy","129","0.01","0","0.13588147098198533","0.8881600065156818","17.928032234583064","1.1230922806595096","signals/test/signal-001634.csv","f1efc63bcdc3030b62f91d92a99e4396f4b5343543086cee58fe29f03d49dbc4","95974c720820ebff8679b3505215c0460fd650673c003c14a1ba560c5ff1b765"
"signal-001635","src-d95592c285383159","group-d8390054f03fc542","test","frequency","sparse-jittered","65","0.03","0.25","0.3684916340280324","1.2867625020444393","13.879573010367682","1.8278565589414928","signals/test/signal-001635.csv","85a8deb1b4384d82aca8956d662b21aae77844f4d193cfd52736999662766de1","95974c720820ebff8679b3505215c0460fd650673c003c14a1ba560c5ff1b765"
"signal-001636","src-d95592c285383159","group-d8390054f03fc542","test","pri","clean","257","0","0","0.45054452517069876","3.1821532651782034","15.959516183938831","2.088452617591246","signals/test/signal-001636.csv","527656ccdfb7104a57ce3964cb1ceb77a3a32ce9299d539c732f25148d960cdb","95974c720820ebff8679b3505215c0460fd650673c003c14a1ba560c5ff1b765"
"signal-001637","src-d95592c285383159","group-d8390054f03fc542","test","pri","noisy","129","0.01","0","0.15408372646197677","2.4917947670444844","10.224671242345096","2.498237504588092","signals/test/signal-001637.csv","c226d6c871f8dea56e174cde74c61cff539ae46fa1235351cc90e33ab6da0429","95974c720820ebff8679b3505215c0460fd650673c003c14a1ba560c5ff1b765"
"signal-001638","src-d95592c285383159","group-d8390054f03fc542","test","pri","sparse-jittered","65","0.03","0.25","0.5696596908383071","2.082031456194818","18.215708602672144","0.8503901137319225","signals/test/signal-001638.csv","65762aca43909f77fcd31a3cd6849b80c7858af6483d7c420853070b6c89705a","95974c720820ebff8679b3505215c0460fd650673c003c14a1ba560c5ff1b765"
"signal-001639","src-7ad3e6ea4d76d755","group-904845d92dfd2952","validation","frequency","clean","257","0","0","0.5912376630585641","2.9226690705865623","17.922252137783275","2.5290639317416392","signals/validation/signal-001639.csv","8fea412d2c5447d69932376408cce2675cc8b0559778f663b770e513c69d6b9b","6bf27710a9ea9657f7f896c59c50e6568fcce02f4e5313275ea8075ed675769b"
"signal-001640","src-7ad3e6ea4d76d755","group-904845d92dfd2952","validation","frequency","noisy","129","0.01","0","0.4348133986350149","1.406199022009969","18.31096567349158","1.1357475113595008","signals/validation/signal-001640.csv","537d7be42456657d03fb5a9b517a931d72c24baeb6b0616e93a8debb738081f4","6bf27710a9ea9657f7f896c59c50e6568fcce02f4e5313275ea8075ed675769b"
"signal-001641","src-7ad3e6ea4d76d755","group-904845d92dfd2952","validation","frequency","sparse-jittered","65","0.03","0.25","0.7818688538391143","1.107956761866808","12.876737876134731","2.1127806425379525","signals/validation/signal-001641.csv","3972df666e4d820970ba8d0cc9eedeb86da7d3016484790e7f9e1cb7554e71ed","6bf27710a9ea9657f7f896c59c50e6568fcce02f4e5313275ea8075ed675769b"
"signal-001642","src-7ad3e6ea4d76d755","group-904845d92dfd2952","validation","pri","clean","257","0","0","0.8462059739977121","2.1710832731798293","18.965682960065365","1.208535723550817","signals/validation/signal-001642.csv","27137ce277d31f034db5a7b86665883cea5c6aaa58284f9c7ab45775a25b2ab2","6bf27710a9ea9657f7f896c59c50e6568fcce02f4e5313275ea8075ed675769b"
"signal-001643","src-7ad3e6ea4d76d755","group-904845d92dfd2952","validation","pri","noisy","129","0.01","0","0.8977264650166035","3.1074833216145636","10.9932436529934","1.4449508352858356","signals/validation/signal-001643.csv","450123fed7f9612b3a474be9e1dfe0fa2f3ccc8b422485e07bbbe13fd5ed8241","6bf27710a9ea9657f7f896c59c50e6568fcce02f4e5313275ea8075ed675769b"
"signal-001644","src-7ad3e6ea4d76d755","group-904845d92dfd2952","validation","pri","sparse-jittered","65","0.03","0.25","0.5054390740115196","0.9255365617573261","13.804072311188454","1.1497555318816701","signals/validation/signal-001644.csv","24577a1d4f50b7e53ca14fee4c93fbcd619d378805abc5b36e37360d182c4f6b","6bf27710a9ea9657f7f896c59c50e6568fcce02f4e5313275ea8075ed675769b"
"signal-001645","src-ae8fb200477a2841","group-7b35148257b3ef1e","validation","frequency","clean","257","0","0","0.14426557440310717","2.3659833246842026","12.333679533865045","0.7965084402774796","signals/validation/signal-001645.csv","b9a092c458e86c942a19a33d0f8ef5925a46e26acb43ba7fd793f447ae6c4f5e","8c4aaf786704e0df07224c03cb9e4734b063de3fe58f6c015bd311a604125254"
"signal-001646","src-ae8fb200477a2841","group-7b35148257b3ef1e","validation","frequency","noisy","129","0.01","0","0.08797477767802775","2.537050226330757","10.394013812415835","0.8262855336381545","signals/validation/signal-001646.csv","abefdd299386e01f2c308ac90867d7298fa8472cafbaf170945687de05afcfb1","8c4aaf786704e0df07224c03cb9e4734b063de3fe58f6c015bd311a604125254"
"signal-001647","src-ae8fb200477a2841","group-7b35148257b3ef1e","validation","frequency","sparse-jittered","65","0.03","0.25","0.9778499619569629","2.1207665178924797","16.04169585569479","2.692335436429536","signals/validation/signal-001647.csv","b39e35d45c00489c904d68bf7d83a1b9e912aafbbcc740d64aedd3007ef127e2","8c4aaf786704e0df07224c03cb9e4734b063de3fe58f6c015bd311a604125254"
"signal-001648","src-ae8fb200477a2841","group-7b35148257b3ef1e","validation","pri","clean","257","0","0","0.8169328789226711","1.10753970798105","10.412459533820451","1.066585805812469","signals/validation/signal-001648.csv","2e5aa4f79b9ca386ffa2f573424b505c3c9b2e71d7d795687d0202325db4db1e","8c4aaf786704e0df07224c03cb9e4734b063de3fe58f6c015bd311a604125254"
"signal-001649","src-ae8fb200477a2841","group-7b35148257b3ef1e","validation","pri","noisy","129","0.01","0","0.6559337305370718","2.858867229521275","18.93143453508538","2.183434896185215","signals/validation/signal-001649.csv","cc088cdb4957505040d2e2d26233e73163bb192b0a8a33c9fdb8085fb2eba373","8c4aaf786704e0df07224c03cb9e4734b063de3fe58f6c015bd311a604125254"
"signal-001650","src-ae8fb200477a2841","group-7b35148257b3ef1e","validation","pri","sparse-jittered","65","0.03","0.25","0.8165547652170062","1.3244352290406822","13.823184878482358","1.292416495980076","signals/validation/signal-001650.csv","41f01446876758116e33c619d614380bfe67dd7b5287d4236d18371baa7dc255","8c4aaf786704e0df07224c03cb9e4734b063de3fe58f6c015bd311a604125254"
"signal-001651","src-cbe59f91f069cf10","group-3903dc3a20bbea11","test","frequency","clean","257","0","0","0.8135594783816487","3.006850543618202","10.281996047639787","1.3947633463686469","signals/test/signal-001651.csv","dbf2131090ce82df2b6738efad458942d3797cfe4fece21b3767a200e982a826","c4712cc1ed184311e51eb03d07e38ae98be5e6ec0542fb0d7205c871bc467192"
"signal-001652","src-cbe59f91f069cf10","group-3903dc3a20bbea11","test","frequency","noisy","129","0.01","0","0.5683031124062836","2.8455357460305093","18.122441351405417","2.533330782736712","signals/test/signal-001652.csv","3a541886820355febddb07e42a9d6a0c560b82a09e1c94e1e8693e8e1726f021","c4712cc1ed184311e51eb03d07e38ae98be5e6ec0542fb0d7205c871bc467192"
"signal-001653","src-cbe59f91f069cf10","group-3903dc3a20bbea11","test","frequency","sparse-jittered","65","0.03","0.25","0.17074960912577808","0.9845942031592131","19.268280884204266","1.9508967318379362","signals/test/signal-001653.csv","21ef12a7a9f8eb27f6e69b4df59094d8e8660ee9358b2cea517d147a69e24804","c4712cc1ed184311e51eb03d07e38ae98be5e6ec0542fb0d7205c871bc467192"
"signal-001654","src-cbe59f91f069cf10","group-3903dc3a20bbea11","test","pri","clean","257","0","0","0.8522279663011432","2.4724008033052085","12.9737021307834","2.476641582349732","signals/test/signal-001654.csv","eb0dec7aa242a9e39ea4379d0723a17fcb4d92a28ef6ab3c2a47552c76721f34","c4712cc1ed184311e51eb03d07e38ae98be5e6ec0542fb0d7205c871bc467192"
"signal-001655","src-cbe59f91f069cf10","group-3903dc3a20bbea11","test","pri","noisy","129","0.01","0","0.014757497701793909","1.310717816464603","16.425680686352823","0.8832892644545343","signals/test/signal-001655.csv","4faa5a2863baaaab5382e63f25aafb97f17bab5961c2b57b86c3a68de85614e6","c4712cc1ed184311e51eb03d07e38ae98be5e6ec0542fb0d7205c871bc467192"
"signal-001656","src-cbe59f91f069cf10","group-3903dc3a20bbea11","test","pri","sparse-jittered","65","0.03","0.25","0.5964589903596789","2.111239831149578","13.52523263689974","1.214778222584485","signals/test/signal-001656.csv","efc4a8d98b1fdfcabc03d61056a97b0c565e385a944d9eb91eba84f38a8205c0","c4712cc1ed184311e51eb03d07e38ae98be5e6ec0542fb0d7205c871bc467192"
"signal-001657","src-6d32d361cbdb840d","group-fc4e0217f8343043","calibration","frequency","clean","257","0","0","0.8656925009563565","1.465954982675612","17.01708857435733","1.092278169185633","signals/calibration/signal-001657.csv","dbf90b5053434b843ad085206b6df588c854a984f605708c43599ce8de150389","3127f32e87a10292cf44e7d34588cc1555e3a8ce24fdb9869b2caca50037cb0c"
"signal-001658","src-6d32d361cbdb840d","group-fc4e0217f8343043","calibration","frequency","noisy","129","0.01","0","0.3034362366888672","2.0801702797412873","10.000904026332073","1.9352511249271007","signals/calibration/signal-001658.csv","d6730977bc1d24ef946771dec1705a68c943cbf2bce653b4651d4035a43b06d1","3127f32e87a10292cf44e7d34588cc1555e3a8ce24fdb9869b2caca50037cb0c"
"signal-001659","src-6d32d361cbdb840d","group-fc4e0217f8343043","calibration","frequency","sparse-jittered","65","0.03","0.25","0.823409853503108","3.0373670207336545","17.94556730772165","2.173558540861144","signals/calibration/signal-001659.csv","3039071cc01413ef2dee04828b5f2de86877e791d693ef979695145a5a86a44d","3127f32e87a10292cf44e7d34588cc1555e3a8ce24fdb9869b2caca50037cb0c"
"signal-001660","src-6d32d361cbdb840d","group-fc4e0217f8343043","calibration","pri","clean","257","0","0","0.7951317206025124","1.002550712414086","17.046434129588306","2.565385038883875","signals/calibration/signal-001660.csv","415148d21d99c1b950503326909ebcd8f238bed9a316d704224600cd293fb27b","3127f32e87a10292cf44e7d34588cc1555e3a8ce24fdb9869b2caca50037cb0c"
"signal-001661","src-6d32d361cbdb840d","group-fc4e0217f8343043","calibration","pri","noisy","129","0.01","0","0.9499150048941374","1.8672228323295712","18.554294184108663","2.070681991116178","signals/calibration/signal-001661.csv","307ad2eed5c9f82ff4dd411dc44a08428e3afde6ee1663132464ca84bce275d5","3127f32e87a10292cf44e7d34588cc1555e3a8ce24fdb9869b2caca50037cb0c"
"signal-001662","src-6d32d361cbdb840d","group-fc4e0217f8343043","calibration","pri","sparse-jittered","65","0.03","0.25","0.25164987659081817","2.7454323014244437","18.65000910072679","1.864008591499882","signals/calibration/signal-001662.csv","81b6829daa8a6fa0b3a270f309ca4ac3da90331cf3eab44957148ddbe9c0078c","3127f32e87a10292cf44e7d34588cc1555e3a8ce24fdb9869b2caca50037cb0c"
"signal-001663","src-2eb265b673c0aebb","group-d0c83105d405cd6b","train","frequency","clean","257","0","0","0.16941051208414137","2.154039831459522","13.820930783918374","2.2031415984139944","signals/train/signal-001663.csv","b736ca10e1916a2017d81e68bc47499e57d0d322341d5107b4fdb91c8285b1ef","07df97c5bd05e4deadcabccd5b4059f78b1774030d007f87fa07c6adc8b4419c"
"signal-001664","src-2eb265b673c0aebb","group-d0c83105d405cd6b","train","frequency","noisy","129","0.01","0","0.2988262977451086","2.3456167148426177","19.288940201832055","1.8275416349740965","signals/train/signal-001664.csv","044aad55c5b9d8ad9599f79be754cc4f7269291f01baa38691dccbcc2b63c0ed","07df97c5bd05e4deadcabccd5b4059f78b1774030d007f87fa07c6adc8b4419c"
"signal-001665","src-2eb265b673c0aebb","group-d0c83105d405cd6b","train","frequency","sparse-jittered","65","0.03","0.25","0.072370141511783","3.1716519463807344","13.860828859298582","0.9528487252442535","signals/train/signal-001665.csv","a093eb48bfc1a6533226c671c0bf6f66974bbd2fa75abd0dad98d836c5a2c21c","07df97c5bd05e4deadcabccd5b4059f78b1774030d007f87fa07c6adc8b4419c"
"signal-001666","src-2eb265b673c0aebb","group-d0c83105d405cd6b","train","pri","clean","257","0","0","0.6789039063733071","1.775870006904006","19.124187404523937","0.8691472834818406","signals/train/signal-001666.csv","fe8025030de449510135d3faae8246518cea97ca89a57b9240c658bd2f56b038","07df97c5bd05e4deadcabccd5b4059f78b1774030d007f87fa07c6adc8b4419c"
"signal-001667","src-2eb265b673c0aebb","group-d0c83105d405cd6b","train","pri","noisy","129","0.01","0","0.4482792867347598","1.3906449863687158","12.967713756670193","0.8816202269738795","signals/train/signal-001667.csv","3177720f722130acc45e017eaa8f58b5dbf1bc71c811ccb199dda8494cb893ee","07df97c5bd05e4deadcabccd5b4059f78b1774030d007f87fa07c6adc8b4419c"
"signal-001668","src-2eb265b673c0aebb","group-d0c83105d405cd6b","train","pri","sparse-jittered","65","0.03","0.25","0.09008848969824612","2.2137529723346234","15.558683005743454","0.9882072586754926","signals/train/signal-001668.csv","ec716d3a2f11f76f6d2644942d9da423187f6225146b739d8e8148ca805d7249","07df97c5bd05e4deadcabccd5b4059f78b1774030d007f87fa07c6adc8b4419c"
"signal-001669","src-b66b7b95e1100d75","group-ff224bacce6a8073","train","frequency","clean","257","0","0","0.1382422677706927","1.7848818402737379","10.882269910071045","1.3170303690247245","signals/train/signal-001669.csv","fab0ce7f3435159f51d4d8df34ce359cc4f98e0ff17ef704eb678a98e1f8cad2","4c0c7d92fd1eb92bedcdfd9d42df42bb7aafc316049535f8873843cdedceeede"
"signal-001670","src-b66b7b95e1100d75","group-ff224bacce6a8073","train","frequency","noisy","129","0.01","0","0.2772528489585966","1.6252346653491259","14.585578236962217","1.723223002349986","signals/train/signal-001670.csv","825b690dcb1829783eef9c1f1abd5afd37100f49e3b82e88125ad61c4d465865","4c0c7d92fd1eb92bedcdfd9d42df42bb7aafc316049535f8873843cdedceeede"
"signal-001671","src-b66b7b95e1100d75","group-ff224bacce6a8073","train","frequency","sparse-jittered","65","0.03","0.25","0.9347882370930165","2.720478495582938","10.964908438912072","0.8300332248371074","signals/train/signal-001671.csv","c63f1f118e4dbe9e233426a6ad54110750a1b3d64973f55adff2376fd4c050d6","4c0c7d92fd1eb92bedcdfd9d42df42bb7aafc316049535f8873843cdedceeede"
"signal-001672","src-b66b7b95e1100d75","group-ff224bacce6a8073","train","pri","clean","257","0","0","0.4598350250162184","1.2924276633188128","14.678537007421255","1.659780246415174","signals/train/signal-001672.csv","d945c1ca36bb10de7656f6ae60c57b3f01e8dd6b46119127b31e907a4df55777","4c0c7d92fd1eb92bedcdfd9d42df42bb7aafc316049535f8873843cdedceeede"
"signal-001673","src-b66b7b95e1100d75","group-ff224bacce6a8073","train","pri","noisy","129","0.01","0","0.6851794321555644","1.7755017854273318","15.32358271702262","0.971520330794851","signals/train/signal-001673.csv","77429407cb80fb4fb507a84c12aaa8c44010721a86d58cef8b1cf558103d2ec3","4c0c7d92fd1eb92bedcdfd9d42df42bb7aafc316049535f8873843cdedceeede"
"signal-001674","src-b66b7b95e1100d75","group-ff224bacce6a8073","train","pri","sparse-jittered","65","0.03","0.25","0.783641843823716","2.426990621909499","19.72484220602528","2.9336625918903856","signals/train/signal-001674.csv","70760dcb3d02015c69a9f1b025a7d6ab4e3b4627f4e6dd90c23156264b66c892","4c0c7d92fd1eb92bedcdfd9d42df42bb7aafc316049535f8873843cdedceeede"
"signal-001675","src-d4757d66fb36f098","group-7d087e4e7c22321c","train","frequency","clean","257","0","0","0.7536961848381907","1.0008037075400353","10.657731345059105","2.403737189353855","signals/train/signal-001675.csv","4b7b013185666b32298347d408db4bfac5d9386f6cf014d569a7c9d5170bdf03","c2097b62bb3c0d2158d1d48c14da8f1ee0a2bf8442eecba6076c0f6c1f8072f7"
"signal-001676","src-d4757d66fb36f098","group-7d087e4e7c22321c","train","frequency","noisy","129","0.01","0","0.27323058736510575","2.029226491600275","18.30435973508027","2.26510686373933","signals/train/signal-001676.csv","5f55647bcd740fd1bdd6a27db5e5b88e1951e64961e1aaf0da2343378089b393","c2097b62bb3c0d2158d1d48c14da8f1ee0a2bf8442eecba6076c0f6c1f8072f7"
"signal-001677","src-d4757d66fb36f098","group-7d087e4e7c22321c","train","frequency","sparse-jittered","65","0.03","0.25","0.3877544340211898","1.813095385581255","16.513422271831587","3.3365558897815966","signals/train/signal-001677.csv","4c21d51d8d352a76ff694e7d3f2b8770532082687f1abc13c98878927cf519a0","c2097b62bb3c0d2158d1d48c14da8f1ee0a2bf8442eecba6076c0f6c1f8072f7"
"signal-001678","src-d4757d66fb36f098","group-7d087e4e7c22321c","train","pri","clean","257","0","0","0.8352226635906845","1.8630931317806243","16.923911881874123","2.237021890100621","signals/train/signal-001678.csv","9416ac8f288adc0ba879a98ceba9c25086a9912b44e7a5bfc3924b08fe10ab06","c2097b62bb3c0d2158d1d48c14da8f1ee0a2bf8442eecba6076c0f6c1f8072f7"
"signal-001679","src-d4757d66fb36f098","group-7d087e4e7c22321c","train","pri","noisy","129","0.01","0","0.48550439323298633","2.0841220866888763","17.856934661979828","2.294567113803211","signals/train/signal-001679.csv","a8e823c1475c22aa628e944d4db43c1de4e505e8ae31d5a7a37050abf1ac74f2","c2097b62bb3c0d2158d1d48c14da8f1ee0a2bf8442eecba6076c0f6c1f8072f7"
"signal-001680","src-d4757d66fb36f098","group-7d087e4e7c22321c","train","pri","sparse-jittered","65","0.03","0.25","0.03925590612925589","3.0376512929797173","19.542224846103032","2.877411665652975","signals/train/signal-001680.csv","5760f078b29398cbe9b0c61a3006ce308a731492b788598686e8aa4feb7dc09c","c2097b62bb3c0d2158d1d48c14da8f1ee0a2bf8442eecba6076c0f6c1f8072f7"
"signal-001681","src-7ab144e2e10e1174","group-4c7e96c2ae749369","test","frequency","clean","257","0","0","0.5500495699234307","1.2610169617459177","15.10264152107425","0.7520815015517286","signals/test/signal-001681.csv","e65e5f4ae6671a8a468c60d9b78c6fdc67b9b370205c0997c6845dfc342bd392","2ea23ee003d684324c2dfc4d9797e5797b509c1d8eb3633b6f02a69519fb527e"
"signal-001682","src-7ab144e2e10e1174","group-4c7e96c2ae749369","test","frequency","noisy","129","0.01","0","0.1922527956776321","1.246318498812616","13.615755240978434","0.8711563813736483","signals/test/signal-001682.csv","8cdbd07bc16022bdf2963649daae937e2b5861e5fc5bbd0642ff6d9b8b3d3c51","2ea23ee003d684324c2dfc4d9797e5797b509c1d8eb3633b6f02a69519fb527e"
"signal-001683","src-7ab144e2e10e1174","group-4c7e96c2ae749369","test","frequency","sparse-jittered","65","0.03","0.25","0.12917445902712643","2.597201394289732","10.051665681160987","1.3961982559032133","signals/test/signal-001683.csv","9a50b199eb2fbc545750fcb1959be49acc8350d106da5734654470625521c12b","2ea23ee003d684324c2dfc4d9797e5797b509c1d8eb3633b6f02a69519fb527e"
"signal-001684","src-7ab144e2e10e1174","group-4c7e96c2ae749369","test","pri","clean","257","0","0","0.07292800559662282","1.5290997300297022","18.727939524105572","1.667748005913463","signals/test/signal-001684.csv","c7d106e13ce67ffd2d50e4ec97fa87589de93beabc4e0eb0801c2e4783cbb59c","2ea23ee003d684324c2dfc4d9797e5797b509c1d8eb3633b6f02a69519fb527e"
"signal-001685","src-7ab144e2e10e1174","group-4c7e96c2ae749369","test","pri","noisy","129","0.01","0","0.14508837065659463","2.31761480756104","11.480739797735126","2.9776329183216657","signals/test/signal-001685.csv","7c6989ba09505d432f7e6c03f5dba9adfdd918c98dd0a05924c39b8fddf30f42","2ea23ee003d684324c2dfc4d9797e5797b509c1d8eb3633b6f02a69519fb527e"
"signal-001686","src-7ab144e2e10e1174","group-4c7e96c2ae749369","test","pri","sparse-jittered","65","0.03","0.25","0.4623848185874522","1.4172147108241915","17.914704203099298","1.9908996796790035","signals/test/signal-001686.csv","c4c56664fd1924c5f9ccd1367aa461189cc6fd1b2b2f6b4811280e9dc99cfb5d","2ea23ee003d684324c2dfc4d9797e5797b509c1d8eb3633b6f02a69519fb527e"
"signal-001687","src-d8c1376893cc4ea9","group-f954edecc17238af","calibration","frequency","clean","257","0","0","0.9803278299514204","1.0335961535573006","13.353505260766347","2.704848529129487","signals/calibration/signal-001687.csv","95cde9c7c5cff2e64d91c999a4e616400f2478aa3e1beeeb98eba3c811d78a48","d5c859b84999b2469346402f1d7814d1634c3c56c15978486e641fb01daacaf7"
"signal-001688","src-d8c1376893cc4ea9","group-f954edecc17238af","calibration","frequency","noisy","129","0.01","0","0.12417314597405493","2.4811845287680625","12.687472630494682","1.439320523385076","signals/calibration/signal-001688.csv","8039f98fc53282335fe7c0f969d90b42ae5d707ee7d702dd19014943c4b48d79","d5c859b84999b2469346402f1d7814d1634c3c56c15978486e641fb01daacaf7"
"signal-001689","src-d8c1376893cc4ea9","group-f954edecc17238af","calibration","frequency","sparse-jittered","65","0.03","0.25","0.8428504611365497","2.819687617383897","17.92376525366723","1.053967945394767","signals/calibration/signal-001689.csv","0cd3b8b74c68ba6d4456de7f491b6c8d76fb0fa710637bf26e3186b8491294b7","d5c859b84999b2469346402f1d7814d1634c3c56c15978486e641fb01daacaf7"
"signal-001690","src-d8c1376893cc4ea9","group-f954edecc17238af","calibration","pri","clean","257","0","0","0.48260402656160295","1.855402361229062","17.423459576420775","1.4538186248547866","signals/calibration/signal-001690.csv","dab0ce5dcfc32f0d7047cdd0b216d5bed98f70975c4946ab0d3acc806525f402","d5c859b84999b2469346402f1d7814d1634c3c56c15978486e641fb01daacaf7"
"signal-001691","src-d8c1376893cc4ea9","group-f954edecc17238af","calibration","pri","noisy","129","0.01","0","0.44928332418203354","1.2619973929598927","14.899636263013486","1.428688587272621","signals/calibration/signal-001691.csv","2e2e7e6fa507654c6ab2a80178acf2bc033817b17a7aa5eeca38cc67b78f6363","d5c859b84999b2469346402f1d7814d1634c3c56c15978486e641fb01daacaf7"
"signal-001692","src-d8c1376893cc4ea9","group-f954edecc17238af","calibration","pri","sparse-jittered","65","0.03","0.25","0.09077704907394946","1.4258485198020936","17.85901164151587","2.259115971195225","signals/calibration/signal-001692.csv","356cd4d73a55ae48cc9737c9b401b763222697a8a16180eff6c9774499da9126","d5c859b84999b2469346402f1d7814d1634c3c56c15978486e641fb01daacaf7"
"signal-001693","src-f4d20057d4fd228a","group-c5426e1446fccddc","test","frequency","clean","257","0","0","0.1803566343151033","3.1074767848476768","15.674424950307973","1.3095154220284595","signals/test/signal-001693.csv","6a8808b0cf9060861eabb3cdeb1c0fbe4bb85c51d0ab0da3f73f0db913ac4905","0515f733feb916d1d211637528e8ecf7ac677a85d265418991c6a0a3fd5db33d"
"signal-001694","src-f4d20057d4fd228a","group-c5426e1446fccddc","test","frequency","noisy","129","0.01","0","0.016884012380614877","0.8926960796117783","17.955290320209972","2.53782696984932","signals/test/signal-001694.csv","1e7304069ae7a8df9f9558a1e8e5a1f490d2050c05e65a72b4d6d6b3cf620e8a","0515f733feb916d1d211637528e8ecf7ac677a85d265418991c6a0a3fd5db33d"
"signal-001695","src-f4d20057d4fd228a","group-c5426e1446fccddc","test","frequency","sparse-jittered","65","0.03","0.25","0.6179118980653584","2.6343235967680814","11.871020798502197","2.278956422987383","signals/test/signal-001695.csv","6bac43c4a27a8b62bd030b0160b3b4f0cb3169ac586b30a196dc33e9b9b405eb","0515f733feb916d1d211637528e8ecf7ac677a85d265418991c6a0a3fd5db33d"
"signal-001696","src-f4d20057d4fd228a","group-c5426e1446fccddc","test","pri","clean","257","0","0","0.729803557973355","2.8696274792775514","16.860447834066797","0.7293333885096587","signals/test/signal-001696.csv","c2dfc06eecae374efdf72d4a8e9d5758ac813f84c98b977743aca41c45f31d5b","0515f733feb916d1d211637528e8ecf7ac677a85d265418991c6a0a3fd5db33d"
"signal-001697","src-f4d20057d4fd228a","group-c5426e1446fccddc","test","pri","noisy","129","0.01","0","0.24510911502875388","3.174922709167004","18.285761757225096","2.136971476441584","signals/test/signal-001697.csv","d7f712292d3d625bf7aaca453d3fca9d6a346de77c623e41fea8c628e2d122e9","0515f733feb916d1d211637528e8ecf7ac677a85d265418991c6a0a3fd5db33d"
"signal-001698","src-f4d20057d4fd228a","group-c5426e1446fccddc","test","pri","sparse-jittered","65","0.03","0.25","0.055856521939858794","2.186188854649663","14.115909569728572","3.124770214697703","signals/test/signal-001698.csv","063206be51a140505845577f4ba20ef4f6a85e6d8fc215e6be61a2235c2a1c3b","0515f733feb916d1d211637528e8ecf7ac677a85d265418991c6a0a3fd5db33d"
"signal-001699","src-a4cac0f3ddf9d171","group-bce78d2c2a6e8488","train","frequency","clean","257","0","0","0.8054289303254336","2.9109375219792124","13.522231513843026","1.830290164852837","signals/train/signal-001699.csv","f838e2cf8d0d463b975082522699eaa03dce15e9147d17a045c62a0022f06b31","44ee1842d859a807d3acc7b66b6d6257140d82a55c7d3ade6cbe9e166835c6cd"
"signal-001700","src-a4cac0f3ddf9d171","group-bce78d2c2a6e8488","train","frequency","noisy","129","0.01","0","0.33430177392438054","2.8339739231392738","10.889017573977918","1.8029936142224976","signals/train/signal-001700.csv","4693721b4de6b3dc4a4776be1a8bdf81c9e1280cb5f55701580691f8e7b5d8d9","44ee1842d859a807d3acc7b66b6d6257140d82a55c7d3ade6cbe9e166835c6cd"
"signal-001701","src-a4cac0f3ddf9d171","group-bce78d2c2a6e8488","train","frequency","sparse-jittered","65","0.03","0.25","0.16613313811831176","2.027837124094367","12.32585798663918","2.1209950293292046","signals/train/signal-001701.csv","28a0bd2d84623f2ba07f602c7c03e12668e980b70c4ecdbcb3bac4a8b29be6c1","44ee1842d859a807d3acc7b66b6d6257140d82a55c7d3ade6cbe9e166835c6cd"
"signal-001702","src-a4cac0f3ddf9d171","group-bce78d2c2a6e8488","train","pri","clean","257","0","0","0.6117234632838517","2.649081092327833","12.799043016964283","2.547465246501206","signals/train/signal-001702.csv","264a62b38dc06348fc752a777280241a7c3704ce02c2589ffc875bb8e4870df3","44ee1842d859a807d3acc7b66b6d6257140d82a55c7d3ade6cbe9e166835c6cd"
"signal-001703","src-a4cac0f3ddf9d171","group-bce78d2c2a6e8488","train","pri","noisy","129","0.01","0","0.8622657880187035","1.9205304892733692","14.91429507390356","1.5465603717638334","signals/train/signal-001703.csv","0cca52cd1b08d744ec7fbf62b9c9b12fb5c9ecd1b96e0cedd01256caa29ebc5e","44ee1842d859a807d3acc7b66b6d6257140d82a55c7d3ade6cbe9e166835c6cd"
"signal-001704","src-a4cac0f3ddf9d171","group-bce78d2c2a6e8488","train","pri","sparse-jittered","65","0.03","0.25","0.8754985923878849","3.133518624864519","19.38182896446711","1.4099130163044187","signals/train/signal-001704.csv","a36c75b56562f9fc84c8efb49fb3e85c243f74aaf6aa14b17a46ff0b1f30cbb2","44ee1842d859a807d3acc7b66b6d6257140d82a55c7d3ade6cbe9e166835c6cd"
"signal-001705","src-c8572171aa256414","group-e1e7e4e17dcd3a04","test","frequency","clean","257","0","0","0.11060676514171064","2.271833008900285","10.857252575083198","2.7648364654942057","signals/test/signal-001705.csv","9d6ff3e31f3d99e17c1b99be530f87c0273aca238ab16dc8ec84b35cb6e5193f","9f4030325087e11505ce55409fd9956156df7c1e6cf35b8bf1ffa279e1b4eb2f"
"signal-001706","src-c8572171aa256414","group-e1e7e4e17dcd3a04","test","frequency","noisy","129","0.01","0","0.8328737590927631","1.2071728982031344","18.50019961316737","1.5801317597892464","signals/test/signal-001706.csv","1d1e1c1e750952780666734b1d6e7181e5f5af61646b548cb3a654c6bf8f2581","9f4030325087e11505ce55409fd9956156df7c1e6cf35b8bf1ffa279e1b4eb2f"
"signal-001707","src-c8572171aa256414","group-e1e7e4e17dcd3a04","test","frequency","sparse-jittered","65","0.03","0.25","0.22515584202483296","0.9186653463169933","18.352817108267985","2.203112290904361","signals/test/signal-001707.csv","b8fc5edf9f79339e6b5055fcd67eb59feea8e0f28b4b0e7e1423a136de14ebfe","9f4030325087e11505ce55409fd9956156df7c1e6cf35b8bf1ffa279e1b4eb2f"
"signal-001708","src-c8572171aa256414","group-e1e7e4e17dcd3a04","test","pri","clean","257","0","0","0.38454542541876435","1.9896248562261463","10.334901475184932","0.8621676638059235","signals/test/signal-001708.csv","37915b93b727e675a46acced5edb90fc05ea082286a5fbfb5dbe83f98449b05d","9f4030325087e11505ce55409fd9956156df7c1e6cf35b8bf1ffa279e1b4eb2f"
"signal-001709","src-c8572171aa256414","group-e1e7e4e17dcd3a04","test","pri","noisy","129","0.01","0","0.4162480409722775","2.8383066680282356","10.714764901343333","2.328493589749444","signals/test/signal-001709.csv","b2707b84d813e23681ce2f951c68e32de6fb1c8746a187cd50074f4167991389","9f4030325087e11505ce55409fd9956156df7c1e6cf35b8bf1ffa279e1b4eb2f"
"signal-001710","src-c8572171aa256414","group-e1e7e4e17dcd3a04","test","pri","sparse-jittered","65","0.03","0.25","0.053742198972031474","2.0312304671853783","16.894509824540968","1.6669044018363017","signals/test/signal-001710.csv","ae95aa64dc51f1d6ab0317bc68e1492127cd1807c1d6eed3f8fd0a11a87a4b3e","9f4030325087e11505ce55409fd9956156df7c1e6cf35b8bf1ffa279e1b4eb2f"
"signal-001711","src-29febb8c636ffad1","group-8acb265587006d8a","train","frequency","clean","257","0","0","0.25388536555692554","1.944197410903871","17.340393520929567","2.6994646829073012","signals/train/signal-001711.csv","20a5020174188d9bfcc20dccdd6ce17703fc01fe8db4e275f75a6c2cfe5e9a13","2f41fb513ae89cdd26eecd72f9a2cd6994921e70ac9ca71ef5afa178acd46bc6"
"signal-001712","src-29febb8c636ffad1","group-8acb265587006d8a","train","frequency","noisy","129","0.01","0","0.18960558902472258","1.2979549238458277","19.125940718884465","1.3256680490164072","signals/train/signal-001712.csv","346abb3a5e569a4046c0ceb7f48e5ac3ec3ad7e6e06b0d0e365575281c554721","2f41fb513ae89cdd26eecd72f9a2cd6994921e70ac9ca71ef5afa178acd46bc6"
"signal-001713","src-29febb8c636ffad1","group-8acb265587006d8a","train","frequency","sparse-jittered","65","0.03","0.25","0.3907380469609052","0.8602305255830288","12.443206783972661","2.9048045094901553","signals/train/signal-001713.csv","ea27bf983a2fda4bab556ce5ede12714ebdcc550255e647ec55a2f817450eb0b","2f41fb513ae89cdd26eecd72f9a2cd6994921e70ac9ca71ef5afa178acd46bc6"
"signal-001714","src-29febb8c636ffad1","group-8acb265587006d8a","train","pri","clean","257","0","0","0.8447900156024843","1.4120542094111443","17.081120537546436","1.5310822366368697","signals/train/signal-001714.csv","fef9b60c2ed88673c2871640f9af752344091f5ef71eff6dfb821855626785d7","2f41fb513ae89cdd26eecd72f9a2cd6994921e70ac9ca71ef5afa178acd46bc6"
"signal-001715","src-29febb8c636ffad1","group-8acb265587006d8a","train","pri","noisy","129","0.01","0","0.7054613579530269","2.0174243427813052","14.266540252648399","1.7829763188749617","signals/train/signal-001715.csv","0d91138d4069df22f05afc642afa1570aace8f55f603e7236160b63e5de9d128","2f41fb513ae89cdd26eecd72f9a2cd6994921e70ac9ca71ef5afa178acd46bc6"
"signal-001716","src-29febb8c636ffad1","group-8acb265587006d8a","train","pri","sparse-jittered","65","0.03","0.25","0.9453041334636509","1.251795089058578","16.605728467142548","0.9055636147300206","signals/train/signal-001716.csv","6541361c639188d9218ba4b3dbb5f2f4aeb0ebb95b113cd0b5f169613df53cf5","2f41fb513ae89cdd26eecd72f9a2cd6994921e70ac9ca71ef5afa178acd46bc6"
"signal-001717","src-9f8fece272de447a","group-b0439bc601feafa9","train","frequency","clean","257","0","0","0.9061728219967335","2.377440270408988","12.219440889536273","2.105787592679924","signals/train/signal-001717.csv","70022ab145883ae39563035ecf3a0e5034ae511139976c9683af19d627c18f2b","1037d05e4e1bd49291ff0002d162f050e871e23db2014160c49cd6e1f29611f9"
"signal-001718","src-9f8fece272de447a","group-b0439bc601feafa9","train","frequency","noisy","129","0.01","0","0.4056651252321899","3.1454148566350337","15.960069500900556","0.7898062262751058","signals/train/signal-001718.csv","069fba1d609a7cbeaaac85f942b4a06ffec62728f1ccace8239affae176ac81b","1037d05e4e1bd49291ff0002d162f050e871e23db2014160c49cd6e1f29611f9"
"signal-001719","src-9f8fece272de447a","group-b0439bc601feafa9","train","frequency","sparse-jittered","65","0.03","0.25","0.2861756032798439","0.8568260669708252","10.739935657274962","2.9625799888854605","signals/train/signal-001719.csv","b064dcdbc4c029724dd8c236065703e5a46fa61ce151a77f987466b32495ae42","1037d05e4e1bd49291ff0002d162f050e871e23db2014160c49cd6e1f29611f9"
"signal-001720","src-9f8fece272de447a","group-b0439bc601feafa9","train","pri","clean","257","0","0","0.5247029387392104","0.9655367655679584","16.04695876827719","2.2309603438025523","signals/train/signal-001720.csv","e7cd13025b5b1fd292ff79a3ba9452f03c8eed5d1e3fe18a89e9ff5da08f9779","1037d05e4e1bd49291ff0002d162f050e871e23db2014160c49cd6e1f29611f9"
"signal-001721","src-9f8fece272de447a","group-b0439bc601feafa9","train","pri","noisy","129","0.01","0","0.9478171202354133","2.355330297909677","18.044880419314453","1.1214733320392511","signals/train/signal-001721.csv","cb7c7c017d39318f4796023c7d7f34d1bb087925bff5b320c552f58743210f31","1037d05e4e1bd49291ff0002d162f050e871e23db2014160c49cd6e1f29611f9"
"signal-001722","src-9f8fece272de447a","group-b0439bc601feafa9","train","pri","sparse-jittered","65","0.03","0.25","0.8936911281198263","1.0924658821895719","15.576430695326064","0.8932053185731235","signals/train/signal-001722.csv","b87a63444040ad6e9ae5d58d4a4f581a08f93e8122da8aa03b5179dc0d0ebb70","1037d05e4e1bd49291ff0002d162f050e871e23db2014160c49cd6e1f29611f9"
"signal-001723","src-0d609695be4ba1a8","group-2e4250fa8b01a78e","train","frequency","clean","257","0","0","0.8350391031708568","2.0806037459522484","16.319976529589677","0.8926943387442794","signals/train/signal-001723.csv","12ef3d06691abf99b11c0451ddcca9ab44d2437ac1cdad697f28f9abfb9e5a0c","2445b4f8e45b8e994feb3581573d2c0470337245a24ce77fa3618aa3926e5774"
"signal-001724","src-0d609695be4ba1a8","group-2e4250fa8b01a78e","train","frequency","noisy","129","0.01","0","0.750248407246545","3.1925955273211004","18.489404393254794","0.7670741015305325","signals/train/signal-001724.csv","d10518cc7ef02003adaf6a8f4327f66ad6c98acf045a9348eaae24ff96052ece","2445b4f8e45b8e994feb3581573d2c0470337245a24ce77fa3618aa3926e5774"
"signal-001725","src-0d609695be4ba1a8","group-2e4250fa8b01a78e","train","frequency","sparse-jittered","65","0.03","0.25","0.2142115468159318","1.079889985360205","15.223733573753933","2.1380878808966113","signals/train/signal-001725.csv","6fa1ad3716dfb815fd8d1dc6186893b767f6d64f312ab020265c49d54d9a3065","2445b4f8e45b8e994feb3581573d2c0470337245a24ce77fa3618aa3926e5774"
"signal-001726","src-0d609695be4ba1a8","group-2e4250fa8b01a78e","train","pri","clean","257","0","0","0.3728801989927888","1.5721566284075381","10.743596411660041","2.435616879264675","signals/train/signal-001726.csv","e2762d2b9031b7ae5dcf7d358b9b0a9b909e24fe785cc78ec4effb463df58b67","2445b4f8e45b8e994feb3581573d2c0470337245a24ce77fa3618aa3926e5774"
"signal-001727","src-0d609695be4ba1a8","group-2e4250fa8b01a78e","train","pri","noisy","129","0.01","0","0.10560244112275541","3.131730032339692","14.567527366115751","2.2346914766654127","signals/train/signal-001727.csv","820f313db9d5a64279c9efc3409a78fbf1c59d417491c1ffaa102354edd01945","2445b4f8e45b8e994feb3581573d2c0470337245a24ce77fa3618aa3926e5774"
"signal-001728","src-0d609695be4ba1a8","group-2e4250fa8b01a78e","train","pri","sparse-jittered","65","0.03","0.25","0.8187718773260713","1.7522547328844666","14.89736262124621","0.8283137354005738","signals/train/signal-001728.csv","bc1e5d10fc3b339c246803282753a82a6b1a0d569bec45615ea9a01513d822d2","2445b4f8e45b8e994feb3581573d2c0470337245a24ce77fa3618aa3926e5774"
"signal-001729","src-bb4ae70e0f0080b5","group-40e6eeb1572b0a4e","test","frequency","clean","257","0","0","0.49418352474458516","1.3615416310727597","16.041880596319384","2.4540246385048246","signals/test/signal-001729.csv","0253f5c820e36e8e5d6649204fabcbef760bc8e3da4c357f7554febfc57e5d7c","b2169fc91c9da3170ee0c767c589fec0400ec71a2cfac0fb9d73e541d9c8371e"
"signal-001730","src-bb4ae70e0f0080b5","group-40e6eeb1572b0a4e","test","frequency","noisy","129","0.01","0","0.6800359257031232","1.6015686355531216","18.330718298065197","2.2132115720524297","signals/test/signal-001730.csv","a46b122b9722279ec854dd2c5a0520aa92bebd6fbc6f5c65b4d1a2ad05c37da3","b2169fc91c9da3170ee0c767c589fec0400ec71a2cfac0fb9d73e541d9c8371e"
"signal-001731","src-bb4ae70e0f0080b5","group-40e6eeb1572b0a4e","test","frequency","sparse-jittered","65","0.03","0.25","0.3594104521907866","2.0234840078279377","11.171305843852846","2.1395475655452216","signals/test/signal-001731.csv","c530cfd331930952bbc0b521abc63c3d518f1319c740549685c1e8717d6769b7","b2169fc91c9da3170ee0c767c589fec0400ec71a2cfac0fb9d73e541d9c8371e"
"signal-001732","src-bb4ae70e0f0080b5","group-40e6eeb1572b0a4e","test","pri","clean","257","0","0","0.9767655483447015","1.9085357746109366","15.319973243404363","2.3920855071467972","signals/test/signal-001732.csv","f2844188306c8fea08743046732da8ff45a65d544f50f6b0508b77af8983062c","b2169fc91c9da3170ee0c767c589fec0400ec71a2cfac0fb9d73e541d9c8371e"
"signal-001733","src-bb4ae70e0f0080b5","group-40e6eeb1572b0a4e","test","pri","noisy","129","0.01","0","0.5790198489557952","2.9568343650549647","12.023915061055984","2.25151913829888","signals/test/signal-001733.csv","b893f12e1192096f3e69fdc598176ac109d1b339cd1fccdb47df61a42cd65019","b2169fc91c9da3170ee0c767c589fec0400ec71a2cfac0fb9d73e541d9c8371e"
"signal-001734","src-bb4ae70e0f0080b5","group-40e6eeb1572b0a4e","test","pri","sparse-jittered","65","0.03","0.25","0.2960164612159133","1.182320592738688","14.787459799247916","1.9562464265143422","signals/test/signal-001734.csv","353ee97f80a84d230bda2b0e2f977d718002256ec64c96bfbab683feb326a767","b2169fc91c9da3170ee0c767c589fec0400ec71a2cfac0fb9d73e541d9c8371e"
"signal-001735","src-0d7f6612813d53e5","group-134ba01f3abb6882","train","frequency","clean","257","0","0","0.9219690568279475","2.457987145707011","16.75118869577836","2.1520083185178738","signals/train/signal-001735.csv","21a89829f5f42f5b4170ddf08c1aa6286915b0146a69d00b9d60153537ac596f","8dfc167f9c894981fe04da1d13fd2c99d6208131daab68aa3b0ae98bbfe37242"
"signal-001736","src-0d7f6612813d53e5","group-134ba01f3abb6882","train","frequency","noisy","129","0.01","0","0.6807104554027319","3.0301846908405423","14.751984116305","2.2394667778242745","signals/train/signal-001736.csv","b507ec8405a9a72458fae5aa90136cca0f6fc1e48a31b627ac5e368c1d4d5da5","8dfc167f9c894981fe04da1d13fd2c99d6208131daab68aa3b0ae98bbfe37242"
"signal-001737","src-0d7f6612813d53e5","group-134ba01f3abb6882","train","frequency","sparse-jittered","65","0.03","0.25","0.9517170519102365","0.819269572943449","16.898354792022047","0.8549835093074591","signals/train/signal-001737.csv","07c46c37f9dbfb2c34eb89a3e6e9db6caf3cf48750301ba2c4a944200fa4e960","8dfc167f9c894981fe04da1d13fd2c99d6208131daab68aa3b0ae98bbfe37242"
"signal-001738","src-0d7f6612813d53e5","group-134ba01f3abb6882","train","pri","clean","257","0","0","0.31576720415614545","1.5656159583479168","17.79006098752783","1.950811414340901","signals/train/signal-001738.csv","1bafc19413698be87a2adb1efc5656ea2d25f7319803ba80e5e6d7202b14eeb4","8dfc167f9c894981fe04da1d13fd2c99d6208131daab68aa3b0ae98bbfe37242"
"signal-001739","src-0d7f6612813d53e5","group-134ba01f3abb6882","train","pri","noisy","129","0.01","0","0.6856501933652908","2.3455454178154467","14.829410246440235","1.8409218127778217","signals/train/signal-001739.csv","a7c37af3664a8145fcfa2734d8ed1dd50e70ab6a8aec2d213d944479e03206f8","8dfc167f9c894981fe04da1d13fd2c99d6208131daab68aa3b0ae98bbfe37242"
"signal-001740","src-0d7f6612813d53e5","group-134ba01f3abb6882","train","pri","sparse-jittered","65","0.03","0.25","0.9139550186228007","1.1872237127274274","10.503127294217396","1.706171957186685","signals/train/signal-001740.csv","8880867dd9a031eed3cffa46262fd03bfc553c693bed0a56a9f66f66c316206e","8dfc167f9c894981fe04da1d13fd2c99d6208131daab68aa3b0ae98bbfe37242"
"signal-001741","src-7ba03609739de28d","group-0b41f1426997e612","train","frequency","clean","257","0","0","0.55711151054129","3.0243260433897374","11.974735157564282","2.6317296155961216","signals/train/signal-001741.csv","f0894e3188520ffd41915c54c7d3ff09ea838469b686ede0b3cd4ed0d7060423","4f7d18138d13e2577e32f5e4a5cfd3462586d20123f03807ddce0d035286addd"
"signal-001742","src-7ba03609739de28d","group-0b41f1426997e612","train","frequency","noisy","129","0.01","0","0.1064846112858504","2.3529853235930203","14.429666648885632","1.3716658672441433","signals/train/signal-001742.csv","a3fbb82370e038c794e549f8871d7435d605f5f7a3294d1f776bf329a1d28f5b","4f7d18138d13e2577e32f5e4a5cfd3462586d20123f03807ddce0d035286addd"
"signal-001743","src-7ba03609739de28d","group-0b41f1426997e612","train","frequency","sparse-jittered","65","0.03","0.25","0.325073805404827","1.951259596273303","17.225121232540786","2.963192113783629","signals/train/signal-001743.csv","518d6df645a5391626d49c315b67760aa3f6e2df80c8ea7cfd565a9deeca0daf","4f7d18138d13e2577e32f5e4a5cfd3462586d20123f03807ddce0d035286addd"
"signal-001744","src-7ba03609739de28d","group-0b41f1426997e612","train","pri","clean","257","0","0","0.24764319323003292","1.6137261318042875","16.90043610986322","0.8785834557143986","signals/train/signal-001744.csv","e29d2acc89db6d158e37478e0df2179e9476a4ed837b3100b137dd10c36ef77b","4f7d18138d13e2577e32f5e4a5cfd3462586d20123f03807ddce0d035286addd"
"signal-001745","src-7ba03609739de28d","group-0b41f1426997e612","train","pri","noisy","129","0.01","0","0.9365123386960477","3.007633521780372","10.666096055754917","2.808895809613894","signals/train/signal-001745.csv","060fc72ca11ca1ee497f897657e55306b81f41f1cc8aaab990e3b74265671947","4f7d18138d13e2577e32f5e4a5cfd3462586d20123f03807ddce0d035286addd"
"signal-001746","src-7ba03609739de28d","group-0b41f1426997e612","train","pri","sparse-jittered","65","0.03","0.25","0.5541390776634216","2.9699040861800317","17.349036098474727","0.9720275927801119","signals/train/signal-001746.csv","f7879852e3b24c4ae9974cfda9685e7e1994aaacf3cc745931739f8177ffba3c","4f7d18138d13e2577e32f5e4a5cfd3462586d20123f03807ddce0d035286addd"
"signal-001747","src-ce317fcf48c98647","group-0f4b34f4241b0e7e","train","frequency","clean","257","0","0","0.8334993571043015","2.1023264499381185","14.586076708013465","2.6018450298545854","signals/train/signal-001747.csv","b918a7c01f70fb44aa12139df3ee0b3e4aeb0bca360374426e0f73c78c451e87","57f5ecb6be129094de5308fe49ee57a8dc47606f7441d140daa5d3c2d11d8023"
"signal-001748","src-ce317fcf48c98647","group-0f4b34f4241b0e7e","train","frequency","noisy","129","0.01","0","0.12951773218810558","1.090635167248547","18.62035215022298","0.9542944857090774","signals/train/signal-001748.csv","e033544b73f7929dbcbc74e20ba967b0712a2916e897fb436e0b7fbd0123503f","57f5ecb6be129094de5308fe49ee57a8dc47606f7441d140daa5d3c2d11d8023"
"signal-001749","src-ce317fcf48c98647","group-0f4b34f4241b0e7e","train","frequency","sparse-jittered","65","0.03","0.25","0.9061728399246931","2.403364692814648","11.585695705778956","1.3592147983953495","signals/train/signal-001749.csv","0f3f8ee09c3ef5fd67d02e15708b17bed86e65020cbadc9dc3284400c8a78bdf","57f5ecb6be129094de5308fe49ee57a8dc47606f7441d140daa5d3c2d11d8023"
"signal-001750","src-ce317fcf48c98647","group-0f4b34f4241b0e7e","train","pri","clean","257","0","0","0.48613460129126906","2.1026985427364706","15.243391945660406","1.1468676646262903","signals/train/signal-001750.csv","a6d0f3e7c81cbfd2537ba5da31c1aaa9af801c04f33903f7557fb50e63c18d6c","57f5ecb6be129094de5308fe49ee57a8dc47606f7441d140daa5d3c2d11d8023"
"signal-001751","src-ce317fcf48c98647","group-0f4b34f4241b0e7e","train","pri","noisy","129","0.01","0","0.14838393055833876","2.715308232605457","12.499477142098678","1.3237051178885295","signals/train/signal-001751.csv","c1b378219682da7cc232318e360d98578574c6c82543bbf80a80bfa9cf9b541e","57f5ecb6be129094de5308fe49ee57a8dc47606f7441d140daa5d3c2d11d8023"
"signal-001752","src-ce317fcf48c98647","group-0f4b34f4241b0e7e","train","pri","sparse-jittered","65","0.03","0.25","0.9789711916819215","1.8664176309481264","14.069363110572066","2.437347950957312","signals/train/signal-001752.csv","e438fbc78d7e5dd00d0d5cc9df87078aa710ce9668356be830e830672422df8d","57f5ecb6be129094de5308fe49ee57a8dc47606f7441d140daa5d3c2d11d8023"
"signal-001753","src-5b25a0cbad6acc6c","group-c8bfdb4f5c15686f","test","frequency","clean","257","0","0","0.3282053212169558","2.0812290236353874","12.94637397226754","2.083484343923887","signals/test/signal-001753.csv","57f44a8149cb861544c11aa907ed0a75f749d03ee88aa8c46f98a25fc2cc7df6","4d0ff2f3eeae93d04333796872af34d95697270a1b0524f6d21c0ca910eefc33"
"signal-001754","src-5b25a0cbad6acc6c","group-c8bfdb4f5c15686f","test","frequency","noisy","129","0.01","0","0.1603037400636822","1.5124841660261155","11.13607287291978","1.3517561909785911","signals/test/signal-001754.csv","d8f875a022ece6e985658db7a56ba0e9aee2905bc7694e55804aa831423ac9ec","4d0ff2f3eeae93d04333796872af34d95697270a1b0524f6d21c0ca910eefc33"
"signal-001755","src-5b25a0cbad6acc6c","group-c8bfdb4f5c15686f","test","frequency","sparse-jittered","65","0.03","0.25","0.5676256576552987","2.797588279284537","17.48795873775035","2.939960619962335","signals/test/signal-001755.csv","f129448b1ed32aabe07183742303385e15d6f0de6de2daf40fb1caa896aa8689","4d0ff2f3eeae93d04333796872af34d95697270a1b0524f6d21c0ca910eefc33"
"signal-001756","src-5b25a0cbad6acc6c","group-c8bfdb4f5c15686f","test","pri","clean","257","0","0","0.9516508902888745","1.7084160711616279","10.947556268633173","1.39791044338547","signals/test/signal-001756.csv","571d595c21ac1e59e931d0d45da80bc03013b21c9f52bc4a8d361caf804f3f0c","4d0ff2f3eeae93d04333796872af34d95697270a1b0524f6d21c0ca910eefc33"
"signal-001757","src-5b25a0cbad6acc6c","group-c8bfdb4f5c15686f","test","pri","noisy","129","0.01","0","0.43905428191646934","3.1727614751085635","19.023099715116565","2.067381359030879","signals/test/signal-001757.csv","2f0534bf40471f217e09a57444b60e537b7c7f214e3cbbce89e852852c929c4d","4d0ff2f3eeae93d04333796872af34d95697270a1b0524f6d21c0ca910eefc33"
"signal-001758","src-5b25a0cbad6acc6c","group-c8bfdb4f5c15686f","test","pri","sparse-jittered","65","0.03","0.25","0.09045850927941501","2.7911870550364255","11.66620602679696","2.2627242082060466","signals/test/signal-001758.csv","ca7fc26387e29fbadaedd394bdeeb5b5a2c8aaa49c552127f5f8ea2818bab911","4d0ff2f3eeae93d04333796872af34d95697270a1b0524f6d21c0ca910eefc33"
"signal-001759","src-89698887897c3a1b","group-2531394133202551","train","frequency","clean","257","0","0","0.6823362135328352","0.808126930706203","16.85790365561843","1.7219010386848836","signals/train/signal-001759.csv","c09dda1d849422fc52eea27d07fcba312a716816aaad8c35d2cd38f4171b25e9","622c2291c4947ecbccf8919d8281c4baa3a78980103339d83620acaa67362d41"
"signal-001760","src-89698887897c3a1b","group-2531394133202551","train","frequency","noisy","129","0.01","0","0.7506145748775452","2.657125138863921","12.448480479420029","1.0930306742240035","signals/train/signal-001760.csv","3459ae56ac94ac956e693dc2a7b7af2ff796b3e1b918a3d3412756f517fae5f5","622c2291c4947ecbccf8919d8281c4baa3a78980103339d83620acaa67362d41"
"signal-001761","src-89698887897c3a1b","group-2531394133202551","train","frequency","sparse-jittered","65","0.03","0.25","0.7449526963755488","2.977987779118121","11.9756820197852","2.84070139294243","signals/train/signal-001761.csv","5426ae0d64e55e2e796e4a64ebae3799143f88c86a18df0a698b3a06527dbb56","622c2291c4947ecbccf8919d8281c4baa3a78980103339d83620acaa67362d41"
"signal-001762","src-89698887897c3a1b","group-2531394133202551","train","pri","clean","257","0","0","0.34583240817300975","2.6526767533272504","10.580813235137612","0.8175063471309834","signals/train/signal-001762.csv","009d9105f589929f1817e1baefdcdf00b5e9892aedd2a8115c17a493df39c910","622c2291c4947ecbccf8919d8281c4baa3a78980103339d83620acaa67362d41"
"signal-001763","src-89698887897c3a1b","group-2531394133202551","train","pri","noisy","129","0.01","0","0.8473611404187977","2.4604491470381618","12.01684044296527","1.7525835452669547","signals/train/signal-001763.csv","ddca583b6d5ed0e20710a9d24f3e438554a90204ed841164d987bd130def7756","622c2291c4947ecbccf8919d8281c4baa3a78980103339d83620acaa67362d41"
"signal-001764","src-89698887897c3a1b","group-2531394133202551","train","pri","sparse-jittered","65","0.03","0.25","0.20661963475868106","2.238275397382677","11.341238140539339","2.189722864597739","signals/train/signal-001764.csv","17922a0cd024bfca32fd96a13725137ad70a2a1c2ba26720def2c03de8271cfd","622c2291c4947ecbccf8919d8281c4baa3a78980103339d83620acaa67362d41"
"signal-001765","src-555d9d1dbd4ec035","group-db9d1a5b780c9bfe","train","frequency","clean","257","0","0","0.4067907123826444","2.52191746737808","16.828962659631372","2.68315785677272","signals/train/signal-001765.csv","fbe27932639b9366b387dbd566f1bd19f57add4b97a33a9ccb154113db0b1f0f","c70666a1144361fb94d43457eee5a01d746a1eab03898feadadb6b55a285aa69"
"signal-001766","src-555d9d1dbd4ec035","group-db9d1a5b780c9bfe","train","frequency","noisy","129","0.01","0","0.5236185477115214","1.035314710251987","12.440603253505781","1.224697890346917","signals/train/signal-001766.csv","479bf1c153c6e2eed740efbfe34dfa167f9472efa5c3988c2eb1424dbc1dd086","c70666a1144361fb94d43457eee5a01d746a1eab03898feadadb6b55a285aa69"
"signal-001767","src-555d9d1dbd4ec035","group-db9d1a5b780c9bfe","train","frequency","sparse-jittered","65","0.03","0.25","0.8649415052495897","1.610418381355703","15.965780504057303","2.340004464284016","signals/train/signal-001767.csv","4f45c3b182b5f843f2e65a2e4e47d27258a53a612d1e1ad282d674f208418f18","c70666a1144361fb94d43457eee5a01d746a1eab03898feadadb6b55a285aa69"
"signal-001768","src-555d9d1dbd4ec035","group-db9d1a5b780c9bfe","train","pri","clean","257","0","0","0.6887663011439145","0.8910927472636104","18.007092047809884","2.3748645894199534","signals/train/signal-001768.csv","640c3cac11ff5f1781140b6ae609d92f6bee3e9039d71965dbc005f0fb79310c","c70666a1144361fb94d43457eee5a01d746a1eab03898feadadb6b55a285aa69"
"signal-001769","src-555d9d1dbd4ec035","group-db9d1a5b780c9bfe","train","pri","noisy","129","0.01","0","0.8168197756167501","1.940834589675069","14.425870946618002","1.5318485371763675","signals/train/signal-001769.csv","d3b4db647996ef4d9832f7aa0919a64f633322e1af41ecd7b0b03eef11a09b90","c70666a1144361fb94d43457eee5a01d746a1eab03898feadadb6b55a285aa69"
"signal-001770","src-555d9d1dbd4ec035","group-db9d1a5b780c9bfe","train","pri","sparse-jittered","65","0.03","0.25","0.8300333034712821","2.4273970134556295","18.22144527060115","2.390038302355009","signals/train/signal-001770.csv","05fde8c8120cd778316e6d409ddd87cb805a7906c0eea403f9cc156f3eaf5504","c70666a1144361fb94d43457eee5a01d746a1eab03898feadadb6b55a285aa69"
"signal-001771","src-e831d27220b86061","group-df646abc2faa7bb4","test","frequency","clean","257","0","0","0.5068380231969059","1.8055688148364424","15.825328313026073","2.2540264487944075","signals/test/signal-001771.csv","470ac1fbdb77603c2b11985587c959eddcdc2ca098e600f681e3db84a53a069b","59e80553eace112c801ef14cef5fadd8a0f6c93d853618778245b756b2388b4b"
"signal-001772","src-e831d27220b86061","group-df646abc2faa7bb4","test","frequency","noisy","129","0.01","0","0.3923447635024786","1.7111982511356474","16.811178111618204","2.4528205232242684","signals/test/signal-001772.csv","3168780d8d0b4aeea012734db7b2a1306ea42ca13d2ba5341b6fcd4b2aeb668c","59e80553eace112c801ef14cef5fadd8a0f6c93d853618778245b756b2388b4b"
"signal-001773","src-e831d27220b86061","group-df646abc2faa7bb4","test","frequency","sparse-jittered","65","0.03","0.25","0.7925485693849623","2.418127326481044","18.175327510988232","1.933654086651515","signals/test/signal-001773.csv","89dd6a1d0bfbee79f8683aaf6f7933ee145134b1d4483bf2dad87fbf0172cf81","59e80553eace112c801ef14cef5fadd8a0f6c93d853618778245b756b2388b4b"
"signal-001774","src-e831d27220b86061","group-df646abc2faa7bb4","test","pri","clean","257","0","0","0.1048795091919601","1.966432467661798","19.04082454738508","0.8897396662700707","signals/test/signal-001774.csv","987776ae4ba107f46c6d2b5dc960b614cf94518be4ae93f490f1d372431c9967","59e80553eace112c801ef14cef5fadd8a0f6c93d853618778245b756b2388b4b"
"signal-001775","src-e831d27220b86061","group-df646abc2faa7bb4","test","pri","noisy","129","0.01","0","0.003485384862869978","2.8549902891740206","10.305004755602607","2.904620834951844","signals/test/signal-001775.csv","d74d974735ce9ef998c6b89b46372b63409c5cfff8b36f292df4de788441fbc1","59e80553eace112c801ef14cef5fadd8a0f6c93d853618778245b756b2388b4b"
"signal-001776","src-e831d27220b86061","group-df646abc2faa7bb4","test","pri","sparse-jittered","65","0.03","0.25","0.07813790952786803","2.7445544322952626","10.164794177496406","1.2016130814039627","signals/test/signal-001776.csv","3a6984a38c2de818578e3dbb03ad34d0625d47ebd2c6902fc9c144eef3651050","59e80553eace112c801ef14cef5fadd8a0f6c93d853618778245b756b2388b4b"
"signal-001777","src-eb1eed925d3392df","group-e9b385735be5de11","train","frequency","clean","257","0","0","0.21818126668222249","0.8131087802350522","18.57910187250767","2.5377328743573635","signals/train/signal-001777.csv","c03a4001f3c1cd9d0c59203d7411e0b6bcc31088aee0080130b85c5269f49169","ca1e2ebbf655a77f3c7e396a7c9f161ac7c78108625877bc26331484a3db63c7"
"signal-001778","src-eb1eed925d3392df","group-e9b385735be5de11","train","frequency","noisy","129","0.01","0","0.14475353434681892","1.7176533760502934","16.468358200653498","1.1870113086377678","signals/train/signal-001778.csv","d869fd818a6ebe7d54191af53f24f85e583d1cd651d758f759b31ed177c6c8a0","ca1e2ebbf655a77f3c7e396a7c9f161ac7c78108625877bc26331484a3db63c7"
"signal-001779","src-eb1eed925d3392df","group-e9b385735be5de11","train","frequency","sparse-jittered","65","0.03","0.25","0.7984097832813859","1.5636162960901858","19.092155048797938","3.1243021950961207","signals/train/signal-001779.csv","8208788cb0c1e8c61016031095e06d5da3eefe9612039770a0d3fa657ab4be47","ca1e2ebbf655a77f3c7e396a7c9f161ac7c78108625877bc26331484a3db63c7"
"signal-001780","src-eb1eed925d3392df","group-e9b385735be5de11","train","pri","clean","257","0","0","0.8943076287396252","2.3285940228030086","18.051539637322627","2.9968280229586597","signals/train/signal-001780.csv","f1eb04bfb46ce22ad34f498e7737825a89bb7745a51f13fa4c857a7ba882b213","ca1e2ebbf655a77f3c7e396a7c9f161ac7c78108625877bc26331484a3db63c7"
"signal-001781","src-eb1eed925d3392df","group-e9b385735be5de11","train","pri","noisy","129","0.01","0","0.7780379720497876","2.1911367021501063","19.938765826881884","0.8535141801622217","signals/train/signal-001781.csv","26a2a08c410738c02f279c7787084aed76812b9bc96139b2a5e638fac3353713","ca1e2ebbf655a77f3c7e396a7c9f161ac7c78108625877bc26331484a3db63c7"
"signal-001782","src-eb1eed925d3392df","group-e9b385735be5de11","train","pri","sparse-jittered","65","0.03","0.25","0.8649613037705421","1.2838902624323965","13.330195815917408","1.8498666667485004","signals/train/signal-001782.csv","6bc38503fb68076eab204649f2d537959cf0cea63416d51bd1df55665e90f778","ca1e2ebbf655a77f3c7e396a7c9f161ac7c78108625877bc26331484a3db63c7"
"signal-001783","src-0e0b0ff99fd245bc","group-be3dddaefef60b47","train","frequency","clean","257","0","0","0.8594377071131021","2.5518861167132854","15.022683998063126","1.4078225469753622","signals/train/signal-001783.csv","138a7b2e46b81a541c91dbed8ed3a6ef239f1d4f5d1c6700173a1f492a4e4d3e","201af5cc05179c4293fb48e14f95c73fddfb73172a0e0f9ef3758c0a49161afd"
"signal-001784","src-0e0b0ff99fd245bc","group-be3dddaefef60b47","train","frequency","noisy","129","0.01","0","0.3428591205738485","1.6739878525957466","13.318059660377607","1.6353397218565053","signals/train/signal-001784.csv","b70b705d353e335b993393be283b839f0bb8d759e40b66dd4888df210f751237","201af5cc05179c4293fb48e14f95c73fddfb73172a0e0f9ef3758c0a49161afd"
"signal-001785","src-0e0b0ff99fd245bc","group-be3dddaefef60b47","train","frequency","sparse-jittered","65","0.03","0.25","0.6245750039815903","3.1707633109763265","10.718113102437151","1.0739109170130323","signals/train/signal-001785.csv","eabf8f423474de1c69b346891cce74c7d1157b2c757bfba72cd9ba1c1d952941","201af5cc05179c4293fb48e14f95c73fddfb73172a0e0f9ef3758c0a49161afd"
"signal-001786","src-0e0b0ff99fd245bc","group-be3dddaefef60b47","train","pri","clean","257","0","0","0.8784735940862447","1.4168256781995296","19.7044303164201","1.9934267659820186","signals/train/signal-001786.csv","211760ce7a5e711bb8b0db584c8b966b7348eb2fdf396c98f30c25cd3a671984","201af5cc05179c4293fb48e14f95c73fddfb73172a0e0f9ef3758c0a49161afd"
"signal-001787","src-0e0b0ff99fd245bc","group-be3dddaefef60b47","train","pri","noisy","129","0.01","0","0.1859525921754539","2.528121385537088","14.229160269488633","1.3047121638868298","signals/train/signal-001787.csv","fa0b15debf736a598ce6d0b82d27b98d5351ca37578dc88173f4a7177e38ba8b","201af5cc05179c4293fb48e14f95c73fddfb73172a0e0f9ef3758c0a49161afd"
"signal-001788","src-0e0b0ff99fd245bc","group-be3dddaefef60b47","train","pri","sparse-jittered","65","0.03","0.25","0.2522430771496147","0.8655250731855632","12.917940962444824","2.3284314562776807","signals/train/signal-001788.csv","9bdb7ee46b99711dcdde05eec96bdb6f35b4aa08930bfc62e56d000fcd4e53da","201af5cc05179c4293fb48e14f95c73fddfb73172a0e0f9ef3758c0a49161afd"
"signal-001789","src-c8bdab0a959e364a","group-14446135677707a4","train","frequency","clean","257","0","0","0.7460555627476424","0.8553376566618681","17.83237839998641","0.7435186377786493","signals/train/signal-001789.csv","c7724be01a16bce48ee092a6506eeb4d4d6e406c5c21d0b7ecb225394c2a6908","3b4c4817ea4316c1b00c2b0bddd5b074c6dd693f778a2d09e17449465e100194"
"signal-001790","src-c8bdab0a959e364a","group-14446135677707a4","train","frequency","noisy","129","0.01","0","0.748768174322322","1.500861579924822","12.438704202267992","2.6458077370210678","signals/train/signal-001790.csv","ffd9737eaf6f2770bc3e0c7f2284e75e21f43e433a2b6e789692ec7f73f325fd","3b4c4817ea4316c1b00c2b0bddd5b074c6dd693f778a2d09e17449465e100194"
"signal-001791","src-c8bdab0a959e364a","group-14446135677707a4","train","frequency","sparse-jittered","65","0.03","0.25","0.21870070649310946","0.9584350829944015","12.217340606489419","1.8575986752758684","signals/train/signal-001791.csv","8d06ad702faf1314e67c52009c636edea0dcd5f10d05f658e35338c191edd431","3b4c4817ea4316c1b00c2b0bddd5b074c6dd693f778a2d09e17449465e100194"
"signal-001792","src-c8bdab0a959e364a","group-14446135677707a4","train","pri","clean","257","0","0","0.8118571792729199","1.2390310822054744","11.579123038906994","1.7011694022790813","signals/train/signal-001792.csv","c4d56337d40d9417a710425aed2fa668bd337a265f99be40a7f9600f295fd5f6","3b4c4817ea4316c1b00c2b0bddd5b074c6dd693f778a2d09e17449465e100194"
"signal-001793","src-c8bdab0a959e364a","group-14446135677707a4","train","pri","noisy","129","0.01","0","0.31303133605979383","1.6384445492178203","12.004120070730583","1.0400783165900567","signals/train/signal-001793.csv","4773d465f9fcbbaf16cb5b019249e2277f20c55a92a401d6ecd935c9b3f166af","3b4c4817ea4316c1b00c2b0bddd5b074c6dd693f778a2d09e17449465e100194"
"signal-001794","src-c8bdab0a959e364a","group-14446135677707a4","train","pri","sparse-jittered","65","0.03","0.25","0.08823425136506557","1.0692578362300993","15.6877664022828","1.9035422669028108","signals/train/signal-001794.csv","585b10367d32d1ee49eba0d86f2e0b68196b00ef44678fa3132a17c957381aca","3b4c4817ea4316c1b00c2b0bddd5b074c6dd693f778a2d09e17449465e100194"
"signal-001795","src-afd9026a8b804f32","group-ab0542048fbf66ec","test","frequency","clean","257","0","0","0.40250901924446225","1.4312642870470882","18.974850419049652","2.5691162232131965","signals/test/signal-001795.csv","c381362de1844b1d4835fedc36615ad2975d554970f67b10464eabb23b451943","95f78b074620397bba8650b60ac19702afc3bdc188c2e22554eabc5f2bac0454"
"signal-001796","src-afd9026a8b804f32","group-ab0542048fbf66ec","test","frequency","noisy","129","0.01","0","0.07631380623206496","0.9165796538814903","12.967226773985388","1.9426715232310432","signals/test/signal-001796.csv","5d667eb9ec67870a0a6edcbc96a0ef72380585b0b1ad4940408c3a42d4bb607e","95f78b074620397bba8650b60ac19702afc3bdc188c2e22554eabc5f2bac0454"
"signal-001797","src-afd9026a8b804f32","group-ab0542048fbf66ec","test","frequency","sparse-jittered","65","0.03","0.25","0.3458475403022021","1.0641061168164014","15.874470406279823","2.7000769553872654","signals/test/signal-001797.csv","884dc53f6ea47f2accc6fbbc8650124dc3809b779b20a989b09f39df4a39b09e","95f78b074620397bba8650b60ac19702afc3bdc188c2e22554eabc5f2bac0454"
"signal-001798","src-afd9026a8b804f32","group-ab0542048fbf66ec","test","pri","clean","257","0","0","0.33233906980603933","1.7170937398448587","15.09952147764993","2.19225673001492","signals/test/signal-001798.csv","a01b5389eaff9a2864cb05363096464a4f41e599bf332f1b4f52ac4c10bfd71c","95f78b074620397bba8650b60ac19702afc3bdc188c2e22554eabc5f2bac0454"
"signal-001799","src-afd9026a8b804f32","group-ab0542048fbf66ec","test","pri","noisy","129","0.01","0","0.8031955361366272","2.751679274626076","14.619613549489317","2.2064914089611065","signals/test/signal-001799.csv","024baef04d4a2ad0cb8e6859ff4d46e9ad0b2bd45e6da537ab273488c03a40fe","95f78b074620397bba8650b60ac19702afc3bdc188c2e22554eabc5f2bac0454"
"signal-001800","src-afd9026a8b804f32","group-ab0542048fbf66ec","test","pri","sparse-jittered","65","0.03","0.25","0.7503991005942225","1.7339259514585137","15.248273770693348","1.1783621286685655","signals/test/signal-001800.csv","6d3d92c090ba924ee8d252213ce72a9e8465a441f263bd9cd798422a52d26e43","95f78b074620397bba8650b60ac19702afc3bdc188c2e22554eabc5f2bac0454"
"signal-001801","src-6abdd20013a543df","group-e8ee716ba4517f61","train","frequency","clean","257","0","0","0.7535264119505882","2.485412004776299","12.432572296541899","1.2487746388418355","signals/train/signal-001801.csv","a32a70ae852c77bea491ac8160df9e810052f2d7a3664c51cfd6d161564a2219","9d28ec3fb91aefd8dd20f6578783e1c511a1fad20e0da8835a1fa809ef504525"
"signal-001802","src-6abdd20013a543df","group-e8ee716ba4517f61","train","frequency","noisy","129","0.01","0","0.27380011160857975","0.8216752372682095","11.429543421382338","1.1748119492331561","signals/train/signal-001802.csv","4026051252de595dafd777a1e267e8c898101980fda6bb72759a882364fce053","9d28ec3fb91aefd8dd20f6578783e1c511a1fad20e0da8835a1fa809ef504525"
"signal-001803","src-6abdd20013a543df","group-e8ee716ba4517f61","train","frequency","sparse-jittered","65","0.03","0.25","0.7922615297138691","2.331088668294251","19.73582488697199","2.1637674450961164","signals/train/signal-001803.csv","819dd9b5aa4344e8d78a0269b356c7990f020d35c4f2d165424b91a3ff8c345e","9d28ec3fb91aefd8dd20f6578783e1c511a1fad20e0da8835a1fa809ef504525"
"signal-001804","src-6abdd20013a543df","group-e8ee716ba4517f61","train","pri","clean","257","0","0","0.03407740965485573","1.5137425126507877","18.426757253236545","2.969021192406416","signals/train/signal-001804.csv","c08c0aff9ea4b4c2d99b719b0e734e69e67d87c55621d1c9e42eb835b9a33823","9d28ec3fb91aefd8dd20f6578783e1c511a1fad20e0da8835a1fa809ef504525"
"signal-001805","src-6abdd20013a543df","group-e8ee716ba4517f61","train","pri","noisy","129","0.01","0","0.8543888488784432","1.3514968181028961","10.02162765202415","2.0718582416218236","signals/train/signal-001805.csv","03875bcdc62c07da2a701f73ed91ad04877b8640b20246a5f0d2218b015ae461","9d28ec3fb91aefd8dd20f6578783e1c511a1fad20e0da8835a1fa809ef504525"
"signal-001806","src-6abdd20013a543df","group-e8ee716ba4517f61","train","pri","sparse-jittered","65","0.03","0.25","0.2623402592726052","2.6806341974064707","10.011111488457587","1.3354862367118638","signals/train/signal-001806.csv","9795ec34604157e9f823a61939b404055d23a9d3d5e08207696461f9b265f0ff","9d28ec3fb91aefd8dd20f6578783e1c511a1fad20e0da8835a1fa809ef504525"
"signal-001807","src-a1af4eabf9073dd9","group-983d1580554151c1","train","frequency","clean","257","0","0","0.9290894204750657","1.1185130083933472","15.966080171725228","0.8792258000644555","signals/train/signal-001807.csv","4dd4a0770d03eefc848c4eb573a6a9dae968a6eebb361ea174aad74da8a55ecd","3f4d642011e8c426d807f40062fb4cfe85f7438019acfe47cabf59db8252a3c0"
"signal-001808","src-a1af4eabf9073dd9","group-983d1580554151c1","train","frequency","noisy","129","0.01","0","0.560758780920878","1.2745340093970299","12.850239352829009","2.605621263215564","signals/train/signal-001808.csv","1afc4679ab7893925b9cdd194cb19bd74ad29d70d58de1ea16e07bedd524ea18","3f4d642011e8c426d807f40062fb4cfe85f7438019acfe47cabf59db8252a3c0"
"signal-001809","src-a1af4eabf9073dd9","group-983d1580554151c1","train","frequency","sparse-jittered","65","0.03","0.25","0.037012193351984024","0.8612689914181829","14.784388209141733","1.9850403025941326","signals/train/signal-001809.csv","f62d59891a96ffbea3ffdd49f26620fa1c0931418c5b63456c78a6e1cdfb17b7","3f4d642011e8c426d807f40062fb4cfe85f7438019acfe47cabf59db8252a3c0"
"signal-001810","src-a1af4eabf9073dd9","group-983d1580554151c1","train","pri","clean","257","0","0","0.4291096730157733","2.9602007815614346","19.885384549766798","2.503788037088462","signals/train/signal-001810.csv","3f27594e4170e78e090d6c53752bf78256544488046fc3e744d8ea0cbbc9e631","3f4d642011e8c426d807f40062fb4cfe85f7438019acfe47cabf59db8252a3c0"
"signal-001811","src-a1af4eabf9073dd9","group-983d1580554151c1","train","pri","noisy","129","0.01","0","0.3126643297728151","2.613138710334897","13.650814103067386","2.6268354956351114","signals/train/signal-001811.csv","d159e013281aa254004f468ec3cbc8cc4d677a9e05d3c2e7a0bdc65ec636ea3d","3f4d642011e8c426d807f40062fb4cfe85f7438019acfe47cabf59db8252a3c0"
"signal-001812","src-a1af4eabf9073dd9","group-983d1580554151c1","train","pri","sparse-jittered","65","0.03","0.25","0.7824176999274641","1.2926158621907233","19.950688450417925","2.9757533142418637","signals/train/signal-001812.csv","6748395d2c7eb59e09540ea387385deb86cdc32e32755b57b4caaf00f724fff1","3f4d642011e8c426d807f40062fb4cfe85f7438019acfe47cabf59db8252a3c0"
"signal-001813","src-a407020663b883f7","group-09fd672b849b1f2d","train","frequency","clean","257","0","0","0.3376831680070609","2.7689133476465937","11.902906418257471","2.1187053279752384","signals/train/signal-001813.csv","b58725be688352e3f2afa77f6522daf5ad29f6d0ec5aa17384487baa8aa686f7","92c326a99b7cc3e5d2c089cbba68533215edc3a921059b713eefb0fa6d8682b2"
"signal-001814","src-a407020663b883f7","group-09fd672b849b1f2d","train","frequency","noisy","129","0.01","0","0.290707430569455","1.9042796369642019","16.77294247947398","1.713026144877924","signals/train/signal-001814.csv","b40ebf1c1b3b6c0fbe16096405b1959632ee4b82e638f2b60f5f2d565266bd45","92c326a99b7cc3e5d2c089cbba68533215edc3a921059b713eefb0fa6d8682b2"
"signal-001815","src-a407020663b883f7","group-09fd672b849b1f2d","train","frequency","sparse-jittered","65","0.03","0.25","0.7558973664417863","1.8315465176478027","14.70484157337059","2.803129905981457","signals/train/signal-001815.csv","d235ea68aff8254ab003b01278c48b82c8b54cf1d9439c3c7cd15cd4b47f10e2","92c326a99b7cc3e5d2c089cbba68533215edc3a921059b713eefb0fa6d8682b2"
"signal-001816","src-a407020663b883f7","group-09fd672b849b1f2d","train","pri","clean","257","0","0","0.5439774796832353","3.009932618588209","16.077062071193602","2.770361177855465","signals/train/signal-001816.csv","a649ba3f9723de8687a1e95d70a03be30c10b01373fb85f42399089bf9aa904f","92c326a99b7cc3e5d2c089cbba68533215edc3a921059b713eefb0fa6d8682b2"
"signal-001817","src-a407020663b883f7","group-09fd672b849b1f2d","train","pri","noisy","129","0.01","0","0.9905567946843803","1.099029049836099","14.555540695763014","0.9050410648230258","signals/train/signal-001817.csv","3a4265686c0f51b54202b16d89f6a73716788388e3a94bc7a9861aee4622bdf6","92c326a99b7cc3e5d2c089cbba68533215edc3a921059b713eefb0fa6d8682b2"
"signal-001818","src-a407020663b883f7","group-09fd672b849b1f2d","train","pri","sparse-jittered","65","0.03","0.25","0.8878522492013872","2.389548244141042","17.30140375648135","1.8282089445519105","signals/train/signal-001818.csv","45511b9d66be4bbe58d3c8a5c75ba762c472e66cfd9845ea40ce8f8bc3a2a98d","92c326a99b7cc3e5d2c089cbba68533215edc3a921059b713eefb0fa6d8682b2"
"signal-001819","src-6842fcbb3d668d1c","group-9376b0a44c4d5536","train","frequency","clean","257","0","0","0.17092978325672448","1.2626056738197804","13.649057076937599","2.7601851799728845","signals/train/signal-001819.csv","ea3d507a4dca8d97520400ac824322cef0fff85d32f97703c450e725d26fd903","29e9792e04bdd9524b8dd673980c54187b7efb2ffc81048545887722abd16d77"
"signal-001820","src-6842fcbb3d668d1c","group-9376b0a44c4d5536","train","frequency","noisy","129","0.01","0","0.4053995481226593","2.0835603773593903","12.106542415160867","2.1063213811147214","signals/train/signal-001820.csv","af3c6497294f4b8182e24128a2af81694cb4bb260bb6c3091e4b0c288cdb0fbf","29e9792e04bdd9524b8dd673980c54187b7efb2ffc81048545887722abd16d77"
"signal-001821","src-6842fcbb3d668d1c","group-9376b0a44c4d5536","train","frequency","sparse-jittered","65","0.03","0.25","0.17121473420411348","2.163047015108168","13.330219583478279","0.9849737576775119","signals/train/signal-001821.csv","afebbd54b0f84cb4694e7fcf2ea046064744825b145228f5949871a50902365c","29e9792e04bdd9524b8dd673980c54187b7efb2ffc81048545887722abd16d77"
"signal-001822","src-6842fcbb3d668d1c","group-9376b0a44c4d5536","train","pri","clean","257","0","0","0.5526315472088754","1.0465970000252127","10.991808767178203","1.8713067777982086","signals/train/signal-001822.csv","647e4f4a36b7be863d814bfea7a9c428e2b7ad8e7ac9e1eb5c350d36a4acf62f","29e9792e04bdd9524b8dd673980c54187b7efb2ffc81048545887722abd16d77"
"signal-001823","src-6842fcbb3d668d1c","group-9376b0a44c4d5536","train","pri","noisy","129","0.01","0","0.014137755613774061","2.7743324195966124","15.980088376925782","1.2572668581963047","signals/train/signal-001823.csv","6bdc25358c18fecbb744306845cac12ba426b29be72a4d1345ee770791a86525","29e9792e04bdd9524b8dd673980c54187b7efb2ffc81048545887722abd16d77"
"signal-001824","src-6842fcbb3d668d1c","group-9376b0a44c4d5536","train","pri","sparse-jittered","65","0.03","0.25","0.38830375554971397","3.183957999572158","12.711406685029404","1.7225705004738892","signals/train/signal-001824.csv","fd9cf205b88c91ffec39cca1f9a3c9aaaf41a0a83c351e08274ea9f92d8065d4","29e9792e04bdd9524b8dd673980c54187b7efb2ffc81048545887722abd16d77"
"signal-001825","src-9c52cdeb24774be5","group-017fa6f730eeb237","train","frequency","clean","257","0","0","0.4959538490511477","2.005137671343982","19.787302362306846","1.2542392693834223","signals/train/signal-001825.csv","713261844de06bc7a119a47db462a6f93980d3f097038cbb05983e2ca95c7a3e","cf4f1b29b2b9064b057330ae60ce4561b5740c1aaae554a7241f9686b07beb53"
"signal-001826","src-9c52cdeb24774be5","group-017fa6f730eeb237","train","frequency","noisy","129","0.01","0","0.2737990168388933","1.5762644041329623","10.314194741732154","2.6727352392238153","signals/train/signal-001826.csv","29514de5da2722b94047e0b03c5b8182181fed8aeaa4a2ccd011476aaf473467","cf4f1b29b2b9064b057330ae60ce4561b5740c1aaae554a7241f9686b07beb53"
"signal-001827","src-9c52cdeb24774be5","group-017fa6f730eeb237","train","frequency","sparse-jittered","65","0.03","0.25","0.7506579817272723","1.2794107688590883","15.683780473769751","2.9367867859374126","signals/train/signal-001827.csv","82536c0aa20f03681238f220d5067d197cd7e7d43edb79d14f00380788f9e7c2","cf4f1b29b2b9064b057330ae60ce4561b5740c1aaae554a7241f9686b07beb53"
"signal-001828","src-9c52cdeb24774be5","group-017fa6f730eeb237","train","pri","clean","257","0","0","0.521205696510151","1.6350218884646894","14.064427683149178","1.6835010808301547","signals/train/signal-001828.csv","7c8f43e586908df936ddc829cf9884e5dccaa1a5deda2928ee7d3d135f6f8608","cf4f1b29b2b9064b057330ae60ce4561b5740c1aaae554a7241f9686b07beb53"
"signal-001829","src-9c52cdeb24774be5","group-017fa6f730eeb237","train","pri","noisy","129","0.01","0","0.8856081154663116","2.5031483359634876","13.120623896923895","0.99262627420317","signals/train/signal-001829.csv","9ca8beeb305cba4fa256aa2c09b65a37da5600f4d6ee51b7ca258d0e5dd34f10","cf4f1b29b2b9064b057330ae60ce4561b5740c1aaae554a7241f9686b07beb53"
"signal-001830","src-9c52cdeb24774be5","group-017fa6f730eeb237","train","pri","sparse-jittered","65","0.03","0.25","0.8100252882577479","2.175730581395328","10.524178652873394","2.211731299200565","signals/train/signal-001830.csv","83cfb82d7dfc822fc99eb95ebb8e7a3ad398a5ada80e958d938cbb158a2517e5","cf4f1b29b2b9064b057330ae60ce4561b5740c1aaae554a7241f9686b07beb53"
"signal-001831","src-3370ef24084a2167","group-548b76e8d74c553c","validation","frequency","clean","257","0","0","0.5094732705038041","1.6655173655599356","16.081132444087416","2.8487000969238565","signals/validation/signal-001831.csv","9d20c6e7fce7190096a74510568e0b76f9ccd2ffd1ca1288644bc628f81b3634","16a54f4428e325326d4ec8b3355fdaf218ff135e738e8d162283e37daed0f2bb"
"signal-001832","src-3370ef24084a2167","group-548b76e8d74c553c","validation","frequency","noisy","129","0.01","0","0.46275864471681416","3.010731675475836","17.951891437061256","1.6080270456494539","signals/validation/signal-001832.csv","10a876513ee6cac661c8477182a9257ef0871abe0d20b507d1351ba131a1318f","16a54f4428e325326d4ec8b3355fdaf218ff135e738e8d162283e37daed0f2bb"
"signal-001833","src-3370ef24084a2167","group-548b76e8d74c553c","validation","frequency","sparse-jittered","65","0.03","0.25","0.0009184146765619516","2.7649770841002463","11.807648997820268","2.0791345223127635","signals/validation/signal-001833.csv","c3dec5589a5dea608f00d0589abea586ed97527dd4d1fb9e1005dac28dbf3bfb","16a54f4428e325326d4ec8b3355fdaf218ff135e738e8d162283e37daed0f2bb"
"signal-001834","src-3370ef24084a2167","group-548b76e8d74c553c","validation","pri","clean","257","0","0","0.6760591317433864","3.077937815338373","17.535996835213155","2.4233469680417343","signals/validation/signal-001834.csv","c5c7b2da8402c33130d691eb683caf5aa3de6e66210649d45fd8b2d8ff9fc0a8","16a54f4428e325326d4ec8b3355fdaf218ff135e738e8d162283e37daed0f2bb"
"signal-001835","src-3370ef24084a2167","group-548b76e8d74c553c","validation","pri","noisy","129","0.01","0","0.8300231569446623","3.15258657168597","15.555460394424573","2.8659149312170875","signals/validation/signal-001835.csv","753ddab5c36d96373dd8461068f889a8e58ad86ba3b01a2e69b337098c73db51","16a54f4428e325326d4ec8b3355fdaf218ff135e738e8d162283e37daed0f2bb"
"signal-001836","src-3370ef24084a2167","group-548b76e8d74c553c","validation","pri","sparse-jittered","65","0.03","0.25","0.5937461664434522","2.7482733983546495","13.089866963427177","1.72452531804732","signals/validation/signal-001836.csv","56285b592a75ab063269c0c1b7812d8c7b0a38a09d94c5b7dfbec4690bc7bbb9","16a54f4428e325326d4ec8b3355fdaf218ff135e738e8d162283e37daed0f2bb"
"signal-001837","src-621148b65f84e233","group-29b0ba3125e0f19b","train","frequency","clean","257","0","0","0.3017802319955081","3.172489522024989","12.867551026951634","2.884446675656669","signals/train/signal-001837.csv","83c3dbd58c86654e182eda93120628a645d23a49e6f177b4e428a93b27b6b5c5","af04b5fcb4e9b714fd44a674a67333eb7a8940db7354ecd157175f68880bc647"
"signal-001838","src-621148b65f84e233","group-29b0ba3125e0f19b","train","frequency","noisy","129","0.01","0","0.15907362196594477","2.5548009062185884","10.603788294510188","0.7676539208424238","signals/train/signal-001838.csv","fb72135836fff23c733abdb3dcd3c0c386d0e6a6b844f3d6a41697de77f234a2","af04b5fcb4e9b714fd44a674a67333eb7a8940db7354ecd157175f68880bc647"
"signal-001839","src-621148b65f84e233","group-29b0ba3125e0f19b","train","frequency","sparse-jittered","65","0.03","0.25","0.7508310591802001","2.4850015262141825","15.53067748466016","0.8887518447275902","signals/train/signal-001839.csv","8c3c7b5b5f6f8bf40b2c0ef76d86312d25fe64dff58744a86836506632ac1a21","af04b5fcb4e9b714fd44a674a67333eb7a8940db7354ecd157175f68880bc647"
"signal-001840","src-621148b65f84e233","group-29b0ba3125e0f19b","train","pri","clean","257","0","0","0.5838448370341212","2.3140936717391014","10.56463821029736","2.3390416142960753","signals/train/signal-001840.csv","f91f68ef6903a4b1bf0bd1dcb0696e0793c5c2c0274bec393b66b3d5220dba79","af04b5fcb4e9b714fd44a674a67333eb7a8940db7354ecd157175f68880bc647"
"signal-001841","src-621148b65f84e233","group-29b0ba3125e0f19b","train","pri","noisy","129","0.01","0","0.5297835145611316","1.1526840724051","10.081056762460872","1.7949846534319445","signals/train/signal-001841.csv","746e44af674eff275ba4bc66c426beb5bb6db5691c2633e5416efe0643069bb1","af04b5fcb4e9b714fd44a674a67333eb7a8940db7354ecd157175f68880bc647"
"signal-001842","src-621148b65f84e233","group-29b0ba3125e0f19b","train","pri","sparse-jittered","65","0.03","0.25","0.25565374875441194","2.39906735252589","17.35226953047524","3.045714559662553","signals/train/signal-001842.csv","a40e3a9161719770adfbd3d7b445063aa993618000983206c2502c5442a8bfdb","af04b5fcb4e9b714fd44a674a67333eb7a8940db7354ecd157175f68880bc647"
"signal-001843","src-79b1bb79a6bfc8b4","group-8982673287bad6f9","train","frequency","clean","257","0","0","0.614605181152001","2.591534103453159","14.458811671648505","2.2794664131195557","signals/train/signal-001843.csv","1e45b2a59de52de854d1dff7e704eefcb50bcaf45fa22f19f262ce85452dae39","3e41b8472f0587d596a89302b300d98084408664ec80e45cbfd4d024f2b7ce06"
"signal-001844","src-79b1bb79a6bfc8b4","group-8982673287bad6f9","train","frequency","noisy","129","0.01","0","0.7018625237978995","2.493313024751842","10.112799342401106","1.6649616552231201","signals/train/signal-001844.csv","f373e745dc52e18e5354fb4350d20a1b758385a105623d0d13737e75faebfe47","3e41b8472f0587d596a89302b300d98084408664ec80e45cbfd4d024f2b7ce06"
"signal-001845","src-79b1bb79a6bfc8b4","group-8982673287bad6f9","train","frequency","sparse-jittered","65","0.03","0.25","0.620035664178431","2.2625641131773593","16.27166779994436","1.1184257765518009","signals/train/signal-001845.csv","afb952106f80b296d8ba755884fd84061b389e333c54aac09acfd4d6db85c724","3e41b8472f0587d596a89302b300d98084408664ec80e45cbfd4d024f2b7ce06"
"signal-001846","src-79b1bb79a6bfc8b4","group-8982673287bad6f9","train","pri","clean","257","0","0","0.19581900513730943","2.778456877544522","11.252775315054187","1.0916974129392134","signals/train/signal-001846.csv","517fad6bb03482a1768b3ccf0484534e74e9da09bab84401eb91e636c6f35e1a","3e41b8472f0587d596a89302b300d98084408664ec80e45cbfd4d024f2b7ce06"
"signal-001847","src-79b1bb79a6bfc8b4","group-8982673287bad6f9","train","pri","noisy","129","0.01","0","0.2563397369813174","0.8542356710880995","14.982415535571576","2.9249721087007305","signals/train/signal-001847.csv","28c27173e7371048d3f9e80419e6c64c982fc1d181a32873de3196540fd57ffd","3e41b8472f0587d596a89302b300d98084408664ec80e45cbfd4d024f2b7ce06"
"signal-001848","src-79b1bb79a6bfc8b4","group-8982673287bad6f9","train","pri","sparse-jittered","65","0.03","0.25","0.36129834526218474","3.085791625082493","17.811912062027602","2.5321702089784246","signals/train/signal-001848.csv","8c372937f935163eb70904a9cc4f684feec4f6bc8339a29fc59b0dcd0da85e82","3e41b8472f0587d596a89302b300d98084408664ec80e45cbfd4d024f2b7ce06"
"signal-001849","src-7f49fd2d2d8943b3","group-8353a3bcf4dcddf8","calibration","frequency","clean","257","0","0","0.8745478531345725","2.0058445373550056","12.271266765128638","1.2384024295921563","signals/calibration/signal-001849.csv","d54a8562171048f64d5c99c983b64dcd8d46e32c673a3230343fa7baa4d83cd0","a09c051af04c16a057326f9cc0c87fe5fee2a1d30a407b23b96c4fbb341300ae"
"signal-001850","src-7f49fd2d2d8943b3","group-8353a3bcf4dcddf8","calibration","frequency","noisy","129","0.01","0","0.840656294953078","0.9126950865611434","11.499023169344822","2.585110539455755","signals/calibration/signal-001850.csv","66112cb95a3236d4d6a486a33316b58b35601dca970fa3d4f9f0c0f378d11c83","a09c051af04c16a057326f9cc0c87fe5fee2a1d30a407b23b96c4fbb341300ae"
"signal-001851","src-7f49fd2d2d8943b3","group-8353a3bcf4dcddf8","calibration","frequency","sparse-jittered","65","0.03","0.25","0.22405302547849715","1.4614171102643012","14.505860010189451","2.0072710153623436","signals/calibration/signal-001851.csv","c387156c3925257e497c7803ce89fee6138133d78805c12db9495920cd61ba47","a09c051af04c16a057326f9cc0c87fe5fee2a1d30a407b23b96c4fbb341300ae"
"signal-001852","src-7f49fd2d2d8943b3","group-8353a3bcf4dcddf8","calibration","pri","clean","257","0","0","0.5766985563095659","3.0181751955300573","12.641261568799807","2.644958542462927","signals/calibration/signal-001852.csv","3182b44d2a9a5a3711e71cd9328d1672f2a4e4991f385e42e5f2c0a7d3a4a1e3","a09c051af04c16a057326f9cc0c87fe5fee2a1d30a407b23b96c4fbb341300ae"
"signal-001853","src-7f49fd2d2d8943b3","group-8353a3bcf4dcddf8","calibration","pri","noisy","129","0.01","0","0.614823660813272","1.751518283225596","17.23994264850232","3.023358543459075","signals/calibration/signal-001853.csv","30fdcc872167cd55c824ff88c08164cac8e624b7b1c025e7a33af9b8e487b710","a09c051af04c16a057326f9cc0c87fe5fee2a1d30a407b23b96c4fbb341300ae"
"signal-001854","src-7f49fd2d2d8943b3","group-8353a3bcf4dcddf8","calibration","pri","sparse-jittered","65","0.03","0.25","0.8857060039881617","1.1129283770918845","13.695505298605845","2.740886242915062","signals/calibration/signal-001854.csv","d4d46d6369b5c3a02beefd0e86837ca8d59bc9d341e90633e6123eee7d5a2336","a09c051af04c16a057326f9cc0c87fe5fee2a1d30a407b23b96c4fbb341300ae"
"signal-001855","src-1db8c1df707512db","group-4457a5da88b3ce89","train","frequency","clean","257","0","0","0.4145295878406614","1.181365766003728","12.575918708462268","1.4932430636137717","signals/train/signal-001855.csv","9ccd7ee57acbdd934fb3264a346e1b77a1a90881ebfb0ef7d3ec12c0d7417f8a","e2641e296487634689715a9bd9ba81e7e245c72f671d835d0e13345157639aee"
"signal-001856","src-1db8c1df707512db","group-4457a5da88b3ce89","train","frequency","noisy","129","0.01","0","0.9821491094771773","2.6120722964406013","17.537230292286807","2.5356854700514795","signals/train/signal-001856.csv","5aafe9db77a18c16f014853892b96149e0961c2bf2cfab20c951894fbdf38ba3","e2641e296487634689715a9bd9ba81e7e245c72f671d835d0e13345157639aee"
"signal-001857","src-1db8c1df707512db","group-4457a5da88b3ce89","train","frequency","sparse-jittered","65","0.03","0.25","0.7013960720505565","1.7964529547840358","12.598868365706213","2.5855965908257854","signals/train/signal-001857.csv","48e237c020b08a3fb891dad55f8b0a69bd1803ea0e11debd3523caa5485d9a6a","e2641e296487634689715a9bd9ba81e7e245c72f671d835d0e13345157639aee"
"signal-001858","src-1db8c1df707512db","group-4457a5da88b3ce89","train","pri","clean","257","0","0","0.5227619849611074","2.2198483727872373","10.33032004488632","2.616680650273338","signals/train/signal-001858.csv","670352b1f6f35d46288125b8ebe62f2f8bd865cf869ed09d0c5c698eb31cd40f","e2641e296487634689715a9bd9ba81e7e245c72f671d835d0e13345157639aee"
"signal-001859","src-1db8c1df707512db","group-4457a5da88b3ce89","train","pri","noisy","129","0.01","0","0.17878182302229106","1.4834629695862533","14.024848810422299","0.8321822202090718","signals/train/signal-001859.csv","f36fc09de3ab60d967971448c0d287ef4c51bbed3e3b0065c830e60f26fad787","e2641e296487634689715a9bd9ba81e7e245c72f671d835d0e13345157639aee"
"signal-001860","src-1db8c1df707512db","group-4457a5da88b3ce89","train","pri","sparse-jittered","65","0.03","0.25","0.009195661870762706","2.5459417458623648","17.735988370339783","2.758873557964659","signals/train/signal-001860.csv","5d2789f9b8baa53c00bfa5f14de2c2fbae39d7d3e7573a1edd5a5b97782d189a","e2641e296487634689715a9bd9ba81e7e245c72f671d835d0e13345157639aee"
"signal-001861","src-d297f2f7ce68b481","group-6ef62e8a946c6c21","train","frequency","clean","257","0","0","0.4887144553940743","2.2466576989740132","16.970417750477118","2.3180808102131163","signals/train/signal-001861.csv","2676028657341977bcf22a3ddd4e5cc49eef5d19fafb0d25ab8e51ba20637142","dcdcff6398adc83fcea1100578a1a7125c626a9f19d7d77d069cec8a7754e6f5"
"signal-001862","src-d297f2f7ce68b481","group-6ef62e8a946c6c21","train","frequency","noisy","129","0.01","0","0.010452591581270099","2.3728050332516433","14.439983401629222","2.139495574969626","signals/train/signal-001862.csv","2e4a5fd5d3cf0a2859bfaef8974d3cdb0cc2b1b4c941b540909e156a3a6a7987","dcdcff6398adc83fcea1100578a1a7125c626a9f19d7d77d069cec8a7754e6f5"
"signal-001863","src-d297f2f7ce68b481","group-6ef62e8a946c6c21","train","frequency","sparse-jittered","65","0.03","0.25","0.09759215987287462","1.5897520530968905","14.226211133108137","2.050432763277769","signals/train/signal-001863.csv","60618afa534ac8cc14ccf3336764777b60f8838c68c12085ee8a5f8292495f19","dcdcff6398adc83fcea1100578a1a7125c626a9f19d7d77d069cec8a7754e6f5"
"signal-001864","src-d297f2f7ce68b481","group-6ef62e8a946c6c21","train","pri","clean","257","0","0","0.3723473586142063","1.2803351106122136","16.530071656174417","2.2384886496637098","signals/train/signal-001864.csv","35f087bad2fa5dabaf517836329aad8e5baf40d6863ba91bf7812104aa30e583","dcdcff6398adc83fcea1100578a1a7125c626a9f19d7d77d069cec8a7754e6f5"
"signal-001865","src-d297f2f7ce68b481","group-6ef62e8a946c6c21","train","pri","noisy","129","0.01","0","0.020138419466093183","1.3456926189363003","14.869471156051757","2.693400933284696","signals/train/signal-001865.csv","e11721dd81cfc9a6c495aac42dd9f1952984eccf4052b9df12841f1aa971c491","dcdcff6398adc83fcea1100578a1a7125c626a9f19d7d77d069cec8a7754e6f5"
"signal-001866","src-d297f2f7ce68b481","group-6ef62e8a946c6c21","train","pri","sparse-jittered","65","0.03","0.25","0.30037619918584824","3.0452645571902393","11.473589052800794","1.270002370260194","signals/train/signal-001866.csv","9f542f56d3d6978b786f96e0d8be2ce69b68ca17a31e4de32c9379ad71f04ac4","dcdcff6398adc83fcea1100578a1a7125c626a9f19d7d77d069cec8a7754e6f5"
"signal-001867","src-2e7cecebb6f8cf04","group-7dc8d72557e5ff95","train","frequency","clean","257","0","0","0.6956598407123238","1.8214347600936889","14.41921235966732","1.116802775629493","signals/train/signal-001867.csv","8c297cb3d9abd122b1045f21d49b4e2f96bd72bd7671db98ba5f6385c671805d","750bbcd00023f78c73f501bb3c5966a37d9d382767747b23f52b18778e35fe39"
"signal-001868","src-2e7cecebb6f8cf04","group-7dc8d72557e5ff95","train","frequency","noisy","129","0.01","0","0.39018690795637667","0.8196790635585786","16.93075552300367","2.707786500003138","signals/train/signal-001868.csv","efcd76f10ea03bc5bf614c12a97b8a6fe3f5a1894ec77b08cc914a78a77cbf0d","750bbcd00023f78c73f501bb3c5966a37d9d382767747b23f52b18778e35fe39"
"signal-001869","src-2e7cecebb6f8cf04","group-7dc8d72557e5ff95","train","frequency","sparse-jittered","65","0.03","0.25","0.6481867702677846","3.105917065776884","18.207899067324455","2.0401867736669743","signals/train/signal-001869.csv","e433d28f7ad9c092a50df83e7f94cb3a265db9b2ced05238591c67f3987c9a7e","750bbcd00023f78c73f501bb3c5966a37d9d382767747b23f52b18778e35fe39"
"signal-001870","src-2e7cecebb6f8cf04","group-7dc8d72557e5ff95","train","pri","clean","257","0","0","0.5272264142986387","0.966075934842229","15.466680306111062","0.7120654447622652","signals/train/signal-001870.csv","8adea043e822e339704dad855fa708bb325a9756e068cb200bc355237ee74bdd","750bbcd00023f78c73f501bb3c5966a37d9d382767747b23f52b18778e35fe39"
"signal-001871","src-2e7cecebb6f8cf04","group-7dc8d72557e5ff95","train","pri","noisy","129","0.01","0","0.768850019434467","2.5701458245515822","15.612476535973446","0.8631715111278382","signals/train/signal-001871.csv","1251f6dec8e3cef5a1b9ca511ef6720056c9d8f6a6d86bb0f42c3121ca8a0aca","750bbcd00023f78c73f501bb3c5966a37d9d382767747b23f52b18778e35fe39"
"signal-001872","src-2e7cecebb6f8cf04","group-7dc8d72557e5ff95","train","pri","sparse-jittered","65","0.03","0.25","0.6885037280153483","0.8691979806870223","16.45186373421742","2.572494618429891","signals/train/signal-001872.csv","5db15bfe2cafebd93a237998835bcbd6868f7a82f306c9302441a6c9b68c6647","750bbcd00023f78c73f501bb3c5966a37d9d382767747b23f52b18778e35fe39"
"signal-001873","src-4a6d80bc76282540","group-1da6385c234186cd","train","frequency","clean","257","0","0","0.49410890811122954","2.398487152159214","13.306332089006858","1.6389014262279584","signals/train/signal-001873.csv","6f76dc905dea4179afb37fc094020a45e68958a1520c91fb99d8b8a2d4bddf22","e94796c220cddcac84c86893bc0bbc6973195962ae0a78337242b762e53863bb"
"signal-001874","src-4a6d80bc76282540","group-1da6385c234186cd","train","frequency","noisy","129","0.01","0","0.25403301045298576","2.279963386245072","19.253367471744603","1.9279927940962054","signals/train/signal-001874.csv","3b40cdb61cd2673248543e81b967be482aae4ccff6de3a957f19e861eba612c5","e94796c220cddcac84c86893bc0bbc6973195962ae0a78337242b762e53863bb"
"signal-001875","src-4a6d80bc76282540","group-1da6385c234186cd","train","frequency","sparse-jittered","65","0.03","0.25","0.8734127702191472","3.1423075968399647","15.483348934302157","1.6895323431600264","signals/train/signal-001875.csv","bcce8d4ab3f06228d4c099f4bd572b2dc5ce11e9a91cc4f535f128f3aa4c8c13","e94796c220cddcac84c86893bc0bbc6973195962ae0a78337242b762e53863bb"
"signal-001876","src-4a6d80bc76282540","group-1da6385c234186cd","train","pri","clean","257","0","0","0.06513581378385425","2.1672444766387344","14.912370697866491","0.7906860824098558","signals/train/signal-001876.csv","dd5556fd139f33c48acd1ea41a91961a09f4929cbd382e3b4d24b315255b0464","e94796c220cddcac84c86893bc0bbc6973195962ae0a78337242b762e53863bb"
"signal-001877","src-4a6d80bc76282540","group-1da6385c234186cd","train","pri","noisy","129","0.01","0","0.6084687379188836","2.4527250019833446","11.06944366466182","2.4061364489909316","signals/train/signal-001877.csv","49e0299c2172cd26bc37d4e87e10793ed0b2692d38f5b041801745893d61c1c6","e94796c220cddcac84c86893bc0bbc6973195962ae0a78337242b762e53863bb"
"signal-001878","src-4a6d80bc76282540","group-1da6385c234186cd","train","pri","sparse-jittered","65","0.03","0.25","0.10233173333108425","1.922957687266171","18.806604159738754","2.6727806796564195","signals/train/signal-001878.csv","770846643bda8c54a4ccdd4b933a68f753c1170b49a49ec8cda5f299223c710e","e94796c220cddcac84c86893bc0bbc6973195962ae0a78337242b762e53863bb"
"signal-001879","src-57772dd5c5a26dd6","group-06da5db9f959e8be","calibration","frequency","clean","257","0","0","0.0990485108923167","1.2877216499298811","16.026988765997245","2.9454519838536903","signals/calibration/signal-001879.csv","fc70145713fd51a7ea80e448a98915adc6c40d0b251db70359a078412bc558bf","c02a41706608b8d1b8f11004b91f5d34b8fc1ac85cba1f1bba3e4875cc6cfff8"
"signal-001880","src-57772dd5c5a26dd6","group-06da5db9f959e8be","calibration","frequency","noisy","129","0.01","0","0.9661765454802662","2.9822920233011248","14.140996204547879","2.666610743131635","signals/calibration/signal-001880.csv","dfea51862ea782ef7d4788b0d011eb5b3a24b074924fe1270d866fa160a78743","c02a41706608b8d1b8f11004b91f5d34b8fc1ac85cba1f1bba3e4875cc6cfff8"
"signal-001881","src-57772dd5c5a26dd6","group-06da5db9f959e8be","calibration","frequency","sparse-jittered","65","0.03","0.25","0.2168234649579972","1.0232765074819328","11.183380851328304","2.0196514881145404","signals/calibration/signal-001881.csv","18d6b15b2b9093cdbb4cea24e8816d0c04fc4f86dc454070f2aceefe98286b49","c02a41706608b8d1b8f11004b91f5d34b8fc1ac85cba1f1bba3e4875cc6cfff8"
"signal-001882","src-57772dd5c5a26dd6","group-06da5db9f959e8be","calibration","pri","clean","257","0","0","0.2414471055381","2.68679739292711","14.987261039808239","1.8727453237891911","signals/calibration/signal-001882.csv","7c7901065383b0ae4498bbfd7d0c24abecdf934ba45de18b01646ff09d9ae0fd","c02a41706608b8d1b8f11004b91f5d34b8fc1ac85cba1f1bba3e4875cc6cfff8"
"signal-001883","src-57772dd5c5a26dd6","group-06da5db9f959e8be","calibration","pri","noisy","129","0.01","0","0.8807442532852292","2.75602749530226","11.81864448915489","2.7627628842853333","signals/calibration/signal-001883.csv","a50f8ab420ed891911d857abb685dce1bdcf9f77dc0e838bfa639c808e5e6ceb","c02a41706608b8d1b8f11004b91f5d34b8fc1ac85cba1f1bba3e4875cc6cfff8"
"signal-001884","src-57772dd5c5a26dd6","group-06da5db9f959e8be","calibration","pri","sparse-jittered","65","0.03","0.25","0.3956727641634643","1.9855361258611084","12.878983877020103","1.786943205085123","signals/calibration/signal-001884.csv","f5a88a13407606211b44a7f68c7c0e0a62ff7a6605affec364cbb0bff63b2fd3","c02a41706608b8d1b8f11004b91f5d34b8fc1ac85cba1f1bba3e4875cc6cfff8"
"signal-001885","src-253f3228c9fba3cd","group-7d63ad8692fa5cda","train","frequency","clean","257","0","0","0.9678146233782172","2.4295714417472483","19.044207509284874","1.568066211479394","signals/train/signal-001885.csv","11f783d99bedfa80abb35729d7e5b6c17eb69fc744831c9b4648b97a75a22a7d","4e76c370ae8e2815d826568e4de7979440b2d34793e40000f0ce6627823d674b"
"signal-001886","src-253f3228c9fba3cd","group-7d63ad8692fa5cda","train","frequency","noisy","129","0.01","0","0.6502126131672412","1.736549762636423","12.742394518253956","0.9195619513566573","signals/train/signal-001886.csv","0cab7684b1b66db27df58779f370cb1a04a34ed85a78c5738fab7f643b586c87","4e76c370ae8e2815d826568e4de7979440b2d34793e40000f0ce6627823d674b"
"signal-001887","src-253f3228c9fba3cd","group-7d63ad8692fa5cda","train","frequency","sparse-jittered","65","0.03","0.25","0.014133087592199445","2.3826604090631007","16.619160770082665","1.2770459451216087","signals/train/signal-001887.csv","89da1e3b820472ca3f4de826f3963477c633b27278e2ca14bbd2de4c4c440f67","4e76c370ae8e2815d826568e4de7979440b2d34793e40000f0ce6627823d674b"
"signal-001888","src-253f3228c9fba3cd","group-7d63ad8692fa5cda","train","pri","clean","257","0","0","0.4856167617253959","2.1207300996407867","13.481938925329876","1.4379152509464603","signals/train/signal-001888.csv","b8f61f9a25039530fafde23e8793dd668b8a067ec75de1fa118a82652bc93d35","4e76c370ae8e2815d826568e4de7979440b2d34793e40000f0ce6627823d674b"
"signal-001889","src-253f3228c9fba3cd","group-7d63ad8692fa5cda","train","pri","noisy","129","0.01","0","0.15822725649923086","1.965463505126536","18.790502251655276","1.6121844185166232","signals/train/signal-001889.csv","8548923506e33245e4f47ce754b9c98c64391d065a18201bf3afdd2d0fd9eecc","4e76c370ae8e2815d826568e4de7979440b2d34793e40000f0ce6627823d674b"
"signal-001890","src-253f3228c9fba3cd","group-7d63ad8692fa5cda","train","pri","sparse-jittered","65","0.03","0.25","0.23037145868875086","1.4182970374822617","14.319516594068542","2.238666296945061","signals/train/signal-001890.csv","65077fc607aade9962660f6599172b866bf539b285e861863c210002ed21b58a","4e76c370ae8e2815d826568e4de7979440b2d34793e40000f0ce6627823d674b"
"signal-001891","src-9da96e97fdc3c7b6","group-fea99b2c24e8bca6","test","frequency","clean","257","0","0","0.351609320146963","2.045447305962443","18.10103131296963","2.4124129799528475","signals/test/signal-001891.csv","d6e57164300b1da0103561d0b5f0a08e891f77e1bba14857a1b5f385cb8e2c5f","3c477acf2824f3e242dd230e1c0071e3d01dcd39f4190105e33d021c80136edb"
"signal-001892","src-9da96e97fdc3c7b6","group-fea99b2c24e8bca6","test","frequency","noisy","129","0.01","0","0.2703072119038552","2.2225422080606223","13.490064897122938","0.8395678421174875","signals/test/signal-001892.csv","3218cbd20df901008f1fb3c89afbe0c885aecf04df293822d72d0eb952efe9f2","3c477acf2824f3e242dd230e1c0071e3d01dcd39f4190105e33d021c80136edb"
"signal-001893","src-9da96e97fdc3c7b6","group-fea99b2c24e8bca6","test","frequency","sparse-jittered","65","0.03","0.25","0.8698613760061562","2.2750643102452157","11.617401397912332","0.7364174527673271","signals/test/signal-001893.csv","d7dbb28d040f1495ffc523a4cbafbb6cb41d1d857cc5c9ca8a8e3493a253457f","3c477acf2824f3e242dd230e1c0071e3d01dcd39f4190105e33d021c80136edb"
"signal-001894","src-9da96e97fdc3c7b6","group-fea99b2c24e8bca6","test","pri","clean","257","0","0","0.552321023773402","1.6609986966475845","16.756078501549986","1.557735871889232","signals/test/signal-001894.csv","69bdb858148e98b9be8877f273535efbee28840d278a64ad66677aaedaff01bc","3c477acf2824f3e242dd230e1c0071e3d01dcd39f4190105e33d021c80136edb"
"signal-001895","src-9da96e97fdc3c7b6","group-fea99b2c24e8bca6","test","pri","noisy","129","0.01","0","0.5798718191217631","1.2091937940567732","14.418673928848767","2.0781798222513252","signals/test/signal-001895.csv","6eb20e4498674456f646e043428e5c294b661ca0590dfd87f312fce0f2f03a0a","3c477acf2824f3e242dd230e1c0071e3d01dcd39f4190105e33d021c80136edb"
"signal-001896","src-9da96e97fdc3c7b6","group-fea99b2c24e8bca6","test","pri","sparse-jittered","65","0.03","0.25","0.7867510921787471","1.0276105683296919","10.19021598855313","1.5486521272838836","signals/test/signal-001896.csv","6d806eba3b88336f64afafa65a98001176d586e38413b5b755aee45c6318aa7f","3c477acf2824f3e242dd230e1c0071e3d01dcd39f4190105e33d021c80136edb"
"signal-001897","src-f7d91ebfdc035b39","group-239de5ca2945b20d","train","frequency","clean","257","0","0","0.11399950156919658","1.9640222709625959","13.07140488264913","1.256682393257332","signals/train/signal-001897.csv","88cae24bb6675d6d839073bd071d1b41ba74e072da051c9ba4b256d0e3ea3ff5","68c0c3990b2024c95e79e585dc0af7a1a8ef6fb4ae674d831fd0ab444b8a3fcb"
"signal-001898","src-f7d91ebfdc035b39","group-239de5ca2945b20d","train","frequency","noisy","129","0.01","0","0.8718649209477007","2.978995586745441","11.656253166367307","2.863812977060837","signals/train/signal-001898.csv","057d1756da2dee057749972fedb6cb00e5708375032ef4ce58e019f39b8d1472","68c0c3990b2024c95e79e585dc0af7a1a8ef6fb4ae674d831fd0ab444b8a3fcb"
"signal-001899","src-f7d91ebfdc035b39","group-239de5ca2945b20d","train","frequency","sparse-jittered","65","0.03","0.25","0.3893092607613653","2.6530709106475117","14.27803605063874","3.2460275077441594","signals/train/signal-001899.csv","7af4136de32312e765b8d034582287a083e247ec0308881dbf623d7c546e2891","68c0c3990b2024c95e79e585dc0af7a1a8ef6fb4ae674d831fd0ab444b8a3fcb"
"signal-001900","src-f7d91ebfdc035b39","group-239de5ca2945b20d","train","pri","clean","257","0","0","0.42299097357317805","2.297681382857263","12.793181644287046","1.4400780029316405","signals/train/signal-001900.csv","67288a07618d052f579e971ffd3a26d847b8b534abab26afcc617d766c6e82c3","68c0c3990b2024c95e79e585dc0af7a1a8ef6fb4ae674d831fd0ab444b8a3fcb"
"signal-001901","src-f7d91ebfdc035b39","group-239de5ca2945b20d","train","pri","noisy","129","0.01","0","0.14060397446155548","0.8804691644385457","17.930752552208485","1.2426604897312572","signals/train/signal-001901.csv","9264dd264afbfc62c741dd1f669c62ddb5a8e8f84231bc83b79fedbdb925c0df","68c0c3990b2024c95e79e585dc0af7a1a8ef6fb4ae674d831fd0ab444b8a3fcb"
"signal-001902","src-f7d91ebfdc035b39","group-239de5ca2945b20d","train","pri","sparse-jittered","65","0.03","0.25","0.912730879848823","1.7745416451245546","16.246951066134994","1.8215754449314598","signals/train/signal-001902.csv","72a209fecbae2e627295f9c5c426934b25b41caa2163bb7c4e6a78a8774da669","68c0c3990b2024c95e79e585dc0af7a1a8ef6fb4ae674d831fd0ab444b8a3fcb"
"signal-001903","src-5113029fc5bde866","group-d656bf8b2ab0df67","validation","frequency","clean","257","0","0","0.965937465429306","2.771125433035195","13.866609200685968","2.745156570738061","signals/validation/signal-001903.csv","62dea70272406a3ccdc926050a2405944e87ac9461f7d6033b60d73b7d92ebac","380917c58fc58ef34aeb0672aa41f908b422daadda8e3fedfc6c44e2301c3afd"
"signal-001904","src-5113029fc5bde866","group-d656bf8b2ab0df67","validation","frequency","noisy","129","0.01","0","0.016815840965136886","2.6158735621720552","11.282255808250195","2.863500664355012","signals/validation/signal-001904.csv","4c7a91ab11ffebb69f3646f4701a0947cc34ccdbdba48427e4e385330e42a57c","380917c58fc58ef34aeb0672aa41f908b422daadda8e3fedfc6c44e2301c3afd"
"signal-001905","src-5113029fc5bde866","group-d656bf8b2ab0df67","validation","frequency","sparse-jittered","65","0.03","0.25","0.9151235022582114","0.8791764480993152","12.238599736910858","2.2413273534668186","signals/validation/signal-001905.csv","825288000068a45d6fdc33305440284f6f2bdd0c0a1068adbf39d8772af6cd15","380917c58fc58ef34aeb0672aa41f908b422daadda8e3fedfc6c44e2301c3afd"
"signal-001906","src-5113029fc5bde866","group-d656bf8b2ab0df67","validation","pri","clean","257","0","0","0.09802759857848287","3.1654034940525886","17.5729207260242","2.6670702592655893","signals/validation/signal-001906.csv","23058ef2a90ef61c8618767c511c0fc0f4903a4307b7847c599454052147d70c","380917c58fc58ef34aeb0672aa41f908b422daadda8e3fedfc6c44e2301c3afd"
"signal-001907","src-5113029fc5bde866","group-d656bf8b2ab0df67","validation","pri","noisy","129","0.01","0","0.669498860836029","1.9767892332747579","18.596906110356034","2.204555867910578","signals/validation/signal-001907.csv","132c78a26f09182c674bb5baff160b5e3e040423de9acbd9ebdf44af91876d19","380917c58fc58ef34aeb0672aa41f908b422daadda8e3fedfc6c44e2301c3afd"
"signal-001908","src-5113029fc5bde866","group-d656bf8b2ab0df67","validation","pri","sparse-jittered","65","0.03","0.25","0.18912932905368507","1.6908063050359488","18.049853933014482","2.0792866693477627","signals/validation/signal-001908.csv","159ef89ebdbceff12fa30ddacdaff37eb54d4ce97fe6abbab85f94edb6aaa9b5","380917c58fc58ef34aeb0672aa41f908b422daadda8e3fedfc6c44e2301c3afd"
"signal-001909","src-87480079ffc99e85","group-bab0a67baf1172f0","validation","frequency","clean","257","0","0","0.8956783243920654","1.282953417673707","15.848253318367302","1.0026325093168023","signals/validation/signal-001909.csv","1be6527e8923d210b5db08c0d8d4ceb221cf19bc0601c7e25fbc89e38027a3b1","4e1ec5beb94cfd23853ded3c87834e90234c1d2d7a7156f536c577f30665a73a"
"signal-001910","src-87480079ffc99e85","group-bab0a67baf1172f0","validation","frequency","noisy","129","0.01","0","0.032692891312763095","2.238849229738116","11.14673710325592","1.71594889218831","signals/validation/signal-001910.csv","bb27753e513f9142d88c2398df2b495dd235097cb8080c85c49bb987ba2cb4c0","4e1ec5beb94cfd23853ded3c87834e90234c1d2d7a7156f536c577f30665a73a"
"signal-001911","src-87480079ffc99e85","group-bab0a67baf1172f0","validation","frequency","sparse-jittered","65","0.03","0.25","0.416538676712662","1.4864194048568606","18.30867579281069","2.4379027191975204","signals/validation/signal-001911.csv","781fd38112a6964416589a1dee452c4e072fe9bb5deae932963743e588af4290","4e1ec5beb94cfd23853ded3c87834e90234c1d2d7a7156f536c577f30665a73a"
"signal-001912","src-87480079ffc99e85","group-bab0a67baf1172f0","validation","pri","clean","257","0","0","0.2018473045900464","2.4131078952923417","15.774411439020268","2.587688031508751","signals/validation/signal-001912.csv","4a05f657ec8cdd1b49afe0567e383c9f81bf69c971a17de13d041b1ff9029d73","4e1ec5beb94cfd23853ded3c87834e90234c1d2d7a7156f536c577f30665a73a"
"signal-001913","src-87480079ffc99e85","group-bab0a67baf1172f0","validation","pri","noisy","129","0.01","0","0.2819403922185302","2.8665074924007055","18.09361328788181","1.9403033066316375","signals/validation/signal-001913.csv","f495ee17ffb7a30e006404b12ec64c1c510c5834a378d8ba1e0c53129923d0e9","4e1ec5beb94cfd23853ded3c87834e90234c1d2d7a7156f536c577f30665a73a"
"signal-001914","src-87480079ffc99e85","group-bab0a67baf1172f0","validation","pri","sparse-jittered","65","0.03","0.25","0.13944401894696057","3.141240375488996","13.703161049530237","1.3971463321841977","signals/validation/signal-001914.csv","49d271a7fa8de47a5eb558f31568cfa3d4a70fdb0ef5eea2e50e2a97518a58fa","4e1ec5beb94cfd23853ded3c87834e90234c1d2d7a7156f536c577f30665a73a"
"signal-001915","src-37f6d14eddd0b48f","group-e9dbfac214819be4","train","frequency","clean","257","0","0","0.4725727092009038","2.025774809345603","19.08787172965497","1.0275170873012023","signals/train/signal-001915.csv","cb431779400885c370ae1e604205b1cfcb5bdedd168b3f1aa082ef0ffd9fa02b","a5e37039fd72808a9d1a74c07c6966ffe85f57555e9d14c5aebd7c93a47c61b2"
"signal-001916","src-37f6d14eddd0b48f","group-e9dbfac214819be4","train","frequency","noisy","129","0.01","0","0.4906451452989131","1.9842121578752994","10.446877636554754","0.7949812180555078","signals/train/signal-001916.csv","c9b97e7686cf5dc6a6b006246978f64818c61ab775216063231786f762949e82","a5e37039fd72808a9d1a74c07c6966ffe85f57555e9d14c5aebd7c93a47c61b2"
"signal-001917","src-37f6d14eddd0b48f","group-e9dbfac214819be4","train","frequency","sparse-jittered","65","0.03","0.25","0.48874743143096566","0.8401884747669102","10.365061789816146","0.9138511871241786","signals/train/signal-001917.csv","1a1ad26fc4b42c3011a6e62c39fa22f8cedc2de9f16f2b05e6b83e7239f9c1e4","a5e37039fd72808a9d1a74c07c6966ffe85f57555e9d14c5aebd7c93a47c61b2"
"signal-001918","src-37f6d14eddd0b48f","group-e9dbfac214819be4","train","pri","clean","257","0","0","0.4973143332172185","2.4323111198842526","10.13911872834591","2.7221678539166003","signals/train/signal-001918.csv","44d208788e9b9a3f90c5d1a3d2eaae308df316b44e376a0513a6e5be7a83e8da","a5e37039fd72808a9d1a74c07c6966ffe85f57555e9d14c5aebd7c93a47c61b2"
"signal-001919","src-37f6d14eddd0b48f","group-e9dbfac214819be4","train","pri","noisy","129","0.01","0","0.26294744247570634","1.757755379192531","14.753375456919832","2.6965418641087844","signals/train/signal-001919.csv","23b91360d782f462167a5bc2e47b051fcec9fa8009dc5f1fee4fadb588782091","a5e37039fd72808a9d1a74c07c6966ffe85f57555e9d14c5aebd7c93a47c61b2"
"signal-001920","src-37f6d14eddd0b48f","group-e9dbfac214819be4","train","pri","sparse-jittered","65","0.03","0.25","0.9788715001195669","2.0208099650219085","15.313738264927565","0.9611591438665315","signals/train/signal-001920.csv","773cbee25d101dd95bfe2af26512f6a0b5efb13485a1312ce2413f0158dbd8dc","a5e37039fd72808a9d1a74c07c6966ffe85f57555e9d14c5aebd7c93a47c61b2"
"signal-001921","src-9d91088d109f151d","group-90e6015e7d860448","train","frequency","clean","257","0","0","0.6772352876141667","1.3343264872208238","14.844599600203699","1.3409898887345229","signals/train/signal-001921.csv","0c82bb74b302bf427bd82b3fbbb8ce7c4b44c1b719f01f5fd2086fd2f423f5bb","6bf213c7c4b6e5f0fc2cfdbdacf12798b636762ed84706bc3d88a0ed68078173"
"signal-001922","src-9d91088d109f151d","group-90e6015e7d860448","train","frequency","noisy","129","0.01","0","0.6120705788489431","2.2104465920478105","14.095916450313936","0.947438926447143","signals/train/signal-001922.csv","e42dda31aa79b4d6c406b3275e2e42f6575d550279978d7d7c1d52ec4e8955fb","6bf213c7c4b6e5f0fc2cfdbdacf12798b636762ed84706bc3d88a0ed68078173"
"signal-001923","src-9d91088d109f151d","group-90e6015e7d860448","train","frequency","sparse-jittered","65","0.03","0.25","0.4433769031893462","1.4520457278937102","19.089079297797756","0.8807306648784845","signals/train/signal-001923.csv","47f7ba3a1fa546d542c0fea34f266177c4c146baaa5e1a769a59f038f37a621b","6bf213c7c4b6e5f0fc2cfdbdacf12798b636762ed84706bc3d88a0ed68078173"
"signal-001924","src-9d91088d109f151d","group-90e6015e7d860448","train","pri","clean","257","0","0","0.0043683587573468685","2.116389816068113","11.354808292101588","1.6383601980900586","signals/train/signal-001924.csv","bfc07ae0d4a4e6dea7d8c79afb45c1a9885a5d46418ca78a4d9b2f0a6f2dc5a7","6bf213c7c4b6e5f0fc2cfdbdacf12798b636762ed84706bc3d88a0ed68078173"
"signal-001925","src-9d91088d109f151d","group-90e6015e7d860448","train","pri","noisy","129","0.01","0","0.5495685071218759","2.968556844443083","13.50467540263962","2.7177479844768566","signals/train/signal-001925.csv","54fe9dc93d91155a7a3ed759e27702c62831e4535b6fa51a7796e62828756330","6bf213c7c4b6e5f0fc2cfdbdacf12798b636762ed84706bc3d88a0ed68078173"
"signal-001926","src-9d91088d109f151d","group-90e6015e7d860448","train","pri","sparse-jittered","65","0.03","0.25","0.47775054373778403","2.1873052403330804","16.748668407730392","1.7608224699337178","signals/train/signal-001926.csv","079483fbd4890595a3790fc7e39691df9b9998c837f3205387a92b4e632969f4","6bf213c7c4b6e5f0fc2cfdbdacf12798b636762ed84706bc3d88a0ed68078173"
"signal-001927","src-8425e10986e62aa6","group-d702054f2c4579cc","test","frequency","clean","257","0","0","0.9839568696916103","2.313904452510178","18.230935707863388","1.8790276519115388","signals/test/signal-001927.csv","cc786c732699a6b7ba3162fe0229a0c0a5885ae2e9174b31fe1c85ea0d8d76c1","ffef1098c25d1901d7adbfd4b53f8f60373f28861dd96f0ecde266ed10bc5255"
"signal-001928","src-8425e10986e62aa6","group-d702054f2c4579cc","test","frequency","noisy","129","0.01","0","0.14032201329246163","3.118930525891483","13.331233674055856","2.1432242703573845","signals/test/signal-001928.csv","6dbeeb2cefd42a576792b054de29fc850b97940e00c51003e89e91367541d0ae","ffef1098c25d1901d7adbfd4b53f8f60373f28861dd96f0ecde266ed10bc5255"
"signal-001929","src-8425e10986e62aa6","group-d702054f2c4579cc","test","frequency","sparse-jittered","65","0.03","0.25","0.9910324939992279","2.513632095232606","13.38451584810531","1.5127788467827514","signals/test/signal-001929.csv","a5a9ed67a420e3db98ce002ca879c167c63f2777224a8104c0a5ffde394d46d8","ffef1098c25d1901d7adbfd4b53f8f60373f28861dd96f0ecde266ed10bc5255"
"signal-001930","src-8425e10986e62aa6","group-d702054f2c4579cc","test","pri","clean","257","0","0","0.29400960239581764","2.0760217305272817","17.657060725289554","0.8922993472887377","signals/test/signal-001930.csv","08b783a1c84396c7ee7f1fb17e5d438551c4acdce4086647f64397f1db277278","ffef1098c25d1901d7adbfd4b53f8f60373f28861dd96f0ecde266ed10bc5255"
"signal-001931","src-8425e10986e62aa6","group-d702054f2c4579cc","test","pri","noisy","129","0.01","0","0.25697734276764095","3.06108060888946","14.025689318785941","0.7312897572807948","signals/test/signal-001931.csv","3812decc8f885cbe0bebabb1cc73f694a9de89f5f68ac10e2d65888989f3d782","ffef1098c25d1901d7adbfd4b53f8f60373f28861dd96f0ecde266ed10bc5255"
"signal-001932","src-8425e10986e62aa6","group-d702054f2c4579cc","test","pri","sparse-jittered","65","0.03","0.25","0.2832749434746802","0.8276018245145679","15.394381252968934","0.7952579856426265","signals/test/signal-001932.csv","eb681fa54174d2b51c9d0f7cb19d21f1fab07774ddda32a4fd2794fa4aa3a9c2","ffef1098c25d1901d7adbfd4b53f8f60373f28861dd96f0ecde266ed10bc5255"
"signal-001933","src-128980d9a677f5d9","group-cc5b21210ba50d4c","test","frequency","clean","257","0","0","0.108772391686216","2.0500105381011964","16.48975949002079","2.657564939751012","signals/test/signal-001933.csv","c07c479add6ada4e14f3067f1a83ecbe4b2ad5bb3a1e9b0c63289270f95c4e84","da5952644b9aa481fdbd64b1072c64bde318d01ad6f52b9ddfd9a6535f6a9197"
"signal-001934","src-128980d9a677f5d9","group-cc5b21210ba50d4c","test","frequency","noisy","129","0.01","0","0.5047756198327988","1.8605419274419546","12.976550195460941","1.5242373974130192","signals/test/signal-001934.csv","bf0449794771a96b5cf72fe34c22b35d3b5b325e97bd07262b0f33eb31e1a82c","da5952644b9aa481fdbd64b1072c64bde318d01ad6f52b9ddfd9a6535f6a9197"
"signal-001935","src-128980d9a677f5d9","group-cc5b21210ba50d4c","test","frequency","sparse-jittered","65","0.03","0.25","0.09330684179440141","2.2703023476526143","14.886326745271134","2.5516224233528266","signals/test/signal-001935.csv","cccc02d14f6cc5455e6d8894715e6ede623bd1d59189015eec05d43afee3e247","da5952644b9aa481fdbd64b1072c64bde318d01ad6f52b9ddfd9a6535f6a9197"
"signal-001936","src-128980d9a677f5d9","group-cc5b21210ba50d4c","test","pri","clean","257","0","0","0.1251518032513559","1.9636601408943535","11.511308079337294","0.772265379211964","signals/test/signal-001936.csv","c756854666ee2fb2c9000a03a2da77137678056c0d6b5b1c777e01e200037f55","da5952644b9aa481fdbd64b1072c64bde318d01ad6f52b9ddfd9a6535f6a9197"
"signal-001937","src-128980d9a677f5d9","group-cc5b21210ba50d4c","test","pri","noisy","129","0.01","0","0.21524117956869304","1.6512122552841904","12.68475786476776","1.3080579933085215","signals/test/signal-001937.csv","718a304137f5cda4435dce8a62d65945ec9ed95dc607f3e91a712a5171277b3a","da5952644b9aa481fdbd64b1072c64bde318d01ad6f52b9ddfd9a6535f6a9197"
"signal-001938","src-128980d9a677f5d9","group-cc5b21210ba50d4c","test","pri","sparse-jittered","65","0.03","0.25","0.981890955939889","2.279753972776234","16.934658535889","1.5001221033686711","signals/test/signal-001938.csv","cdd316907e453c98b88f51e6b4e351c0470514ca8dc51aed1724b8718f0f6769","da5952644b9aa481fdbd64b1072c64bde318d01ad6f52b9ddfd9a6535f6a9197"
"signal-001939","src-afa00105b0e5bc2c","group-bc16e01eee90018b","train","frequency","clean","257","0","0","0.09738942515105009","2.3818865844979884","19.72344851902084","1.7875870391664748","signals/train/signal-001939.csv","a6cd2c65f63de654df5c102682c065d02bc97e26a4ae0594c96e1ab954eca777","9a6fea4a7cfd52230e2e25211b74cc35180974901272ebef383d553d088dcc29"
"signal-001940","src-afa00105b0e5bc2c","group-bc16e01eee90018b","train","frequency","noisy","129","0.01","0","0.10934871365316212","2.194270148128271","12.014153427097678","1.2605265478881957","signals/train/signal-001940.csv","bd8fc5dbd66344196e48c61fc8d0bc7a4fbbc1f2343074acaee8e98458de6423","9a6fea4a7cfd52230e2e25211b74cc35180974901272ebef383d553d088dcc29"
"signal-001941","src-afa00105b0e5bc2c","group-bc16e01eee90018b","train","frequency","sparse-jittered","65","0.03","0.25","0.6218445503618568","1.0055716816335918","18.99694790775417","2.332211469357947","signals/train/signal-001941.csv","0c1ff78691e5f170db329666b6897c00b068ec179aff8b119add775ea96a7559","9a6fea4a7cfd52230e2e25211b74cc35180974901272ebef383d553d088dcc29"
"signal-001942","src-afa00105b0e5bc2c","group-bc16e01eee90018b","train","pri","clean","257","0","0","0.98470394522883","1.144902092218399","18.006767850995637","2.7966661121083654","signals/train/signal-001942.csv","bc08362329929408490c4330de23e1af6432c906be079f6cb3e3a0623b9e4bdf","9a6fea4a7cfd52230e2e25211b74cc35180974901272ebef383d553d088dcc29"
"signal-001943","src-afa00105b0e5bc2c","group-bc16e01eee90018b","train","pri","noisy","129","0.01","0","0.001364392228424549","1.1905383402481675","19.14966751475335","0.9771993797870522","signals/train/signal-001943.csv","c94f48078fcfad272a293f64305cde4ad0845fbf1789b9f6a21b175935062d1c","9a6fea4a7cfd52230e2e25211b74cc35180974901272ebef383d553d088dcc29"
"signal-001944","src-afa00105b0e5bc2c","group-bc16e01eee90018b","train","pri","sparse-jittered","65","0.03","0.25","0.3765152981504798","2.4821154871955513","19.352548171296377","1.1138837479033263","signals/train/signal-001944.csv","26af70d032e40fdd0717205fb69d9a33948cbf69b5977e69e294f57ec304cbf5","9a6fea4a7cfd52230e2e25211b74cc35180974901272ebef383d553d088dcc29"
"signal-001945","src-143984b87696bf13","group-75fec93ebb867d23","train","frequency","clean","257","0","0","0.9175150988157839","1.648447548225522","18.007388660907452","0.8329684970940363","signals/train/signal-001945.csv","f7a924ac684a2270f02cdb7cc21d0262226bc10205688d7ca73cdb119c3e0ffe","c8c6cc343c9e951f0df58112cad3677f948e977051ebbbadfb9679ad3095b6f5"
"signal-001946","src-143984b87696bf13","group-75fec93ebb867d23","train","frequency","noisy","129","0.01","0","0.13635685667395592","2.815487766452134","19.755983264737132","1.5909858023735275","signals/train/signal-001946.csv","ab1a01270e643c679d32eea4f8f4965143a09677cec497f74a5ee5575dfb48e1","c8c6cc343c9e951f0df58112cad3677f948e977051ebbbadfb9679ad3095b6f5"
"signal-001947","src-143984b87696bf13","group-75fec93ebb867d23","train","frequency","sparse-jittered","65","0.03","0.25","0.45201180526055396","1.5098941311240197","17.920960996304956","3.096478721080846","signals/train/signal-001947.csv","16d8494b415c3aa286da1ddc176f6af0145e24ba1479e7fccff7d6f035af8b37","c8c6cc343c9e951f0df58112cad3677f948e977051ebbbadfb9679ad3095b6f5"
"signal-001948","src-143984b87696bf13","group-75fec93ebb867d23","train","pri","clean","257","0","0","0.13433564663864672","3.1230908751487734","17.5230006217409","1.8389407323429516","signals/train/signal-001948.csv","951628793b16db5253dc2624a9ee51b865473990d83483d4bf65af18e9d383e5","c8c6cc343c9e951f0df58112cad3677f948e977051ebbbadfb9679ad3095b6f5"
"signal-001949","src-143984b87696bf13","group-75fec93ebb867d23","train","pri","noisy","129","0.01","0","0.029804202960804105","2.0038591019809244","12.244476533968225","2.9973418154221196","signals/train/signal-001949.csv","e4b3b9a7e92c3ba68d33a57fa29b0a06cae4a1d4a32b1e6268aeb9c86b77e4b3","c8c6cc343c9e951f0df58112cad3677f948e977051ebbbadfb9679ad3095b6f5"
"signal-001950","src-143984b87696bf13","group-75fec93ebb867d23","train","pri","sparse-jittered","65","0.03","0.25","0.40366880455985665","2.2906131697818637","11.083710042282853","3.1211506331519274","signals/train/signal-001950.csv","bb3892abbe4333d07ec3065f95748ec8685971de917366f16b7bba5ba5ade7be","c8c6cc343c9e951f0df58112cad3677f948e977051ebbbadfb9679ad3095b6f5"
"signal-001951","src-8c117951e6f18126","group-5546c60048d459c2","validation","frequency","clean","257","0","0","0.700626554666087","0.9657500889152288","15.553463003478665","1.7606685050236077","signals/validation/signal-001951.csv","d33a59f8a6e12b71934c6e8e629dd1cbb5b095055b16a55a4893d92c12a73bd5","93e9d346d8d4040f86bd2e83968370731c708c65be2197ef8648c698f3de508d"
"signal-001952","src-8c117951e6f18126","group-5546c60048d459c2","validation","frequency","noisy","129","0.01","0","0.444947058102116","0.9245981965214014","15.732054104447222","0.8259512552785981","signals/validation/signal-001952.csv","01b78f4dde20655228ceaccf1e93cf11af6d1b8e23e2d0bc7ba0bb03f2889042","93e9d346d8d4040f86bd2e83968370731c708c65be2197ef8648c698f3de508d"
"signal-001953","src-8c117951e6f18126","group-5546c60048d459c2","validation","frequency","sparse-jittered","65","0.03","0.25","0.47133985348045826","2.7561518268659713","14.026206537328061","1.9469265969958354","signals/validation/signal-001953.csv","d7b369a5c954ea0e78077179db1bd777f83e5126175d49bb1a1f4cb0d525cb6d","93e9d346d8d4040f86bd2e83968370731c708c65be2197ef8648c698f3de508d"
"signal-001954","src-8c117951e6f18126","group-5546c60048d459c2","validation","pri","clean","257","0","0","0.4351764901075512","3.0614628046751022","14.754107825122972","1.4184740683347261","signals/validation/signal-001954.csv","6271486ec399737e1fb5c9c49bf6313394bfa2a9689029e1456055b27208d0f2","93e9d346d8d4040f86bd2e83968370731c708c65be2197ef8648c698f3de508d"
"signal-001955","src-8c117951e6f18126","group-5546c60048d459c2","validation","pri","noisy","129","0.01","0","0.015509383752942085","2.6095659928396344","14.953980948449711","2.5151535701061647","signals/validation/signal-001955.csv","402643be6055b463bcae5ae96a6f5bd385cc25ff9cdd5727111637adf77797c2","93e9d346d8d4040f86bd2e83968370731c708c65be2197ef8648c698f3de508d"
"signal-001956","src-8c117951e6f18126","group-5546c60048d459c2","validation","pri","sparse-jittered","65","0.03","0.25","0.11937648826278746","2.0749884620308876","11.32791636694516","1.1667768183582314","signals/validation/signal-001956.csv","0b564bb2a18ebe508bc70d40f22dc5fb32897a8143389fe8f08c8f1216b0996d","93e9d346d8d4040f86bd2e83968370731c708c65be2197ef8648c698f3de508d"
"signal-001957","src-981fee87330291d1","group-a2f75284ec132c7c","validation","frequency","clean","257","0","0","0.7368409037590027","2.792671153135598","14.657234590097257","1.8093691429321002","signals/validation/signal-001957.csv","af88f8f2478faa91087c6c5545c0c77c5fef621e6f4cb2e1c18d2c18a849fbc4","ff3030ac678f1829115bd1032a8592a38415a611c5a090b9f7e175bf94b36cff"
"signal-001958","src-981fee87330291d1","group-a2f75284ec132c7c","validation","frequency","noisy","129","0.01","0","0.08104644110426307","1.7514253905043007","12.983042098663244","2.0868532222738985","signals/validation/signal-001958.csv","fd37e58633d796160cc0bc06bd696cc356cd0cabee450f227779d5346c88139d","ff3030ac678f1829115bd1032a8592a38415a611c5a090b9f7e175bf94b36cff"
"signal-001959","src-981fee87330291d1","group-a2f75284ec132c7c","validation","frequency","sparse-jittered","65","0.03","0.25","0.5506802431773394","1.422411547228694","10.646694019396126","2.803309516381276","signals/validation/signal-001959.csv","ace769986169e41a34b44040d270111f945163d0443267d3006981003d66c813","ff3030ac678f1829115bd1032a8592a38415a611c5a090b9f7e175bf94b36cff"
"signal-001960","src-981fee87330291d1","group-a2f75284ec132c7c","validation","pri","clean","257","0","0","0.5347715064417571","2.6084424506872894","12.653305761490472","2.130106257199838","signals/validation/signal-001960.csv","2eaa62765475ca0782a509d05a141e7b3c7a37b5bbe6091683bec5d0d0932352","ff3030ac678f1829115bd1032a8592a38415a611c5a090b9f7e175bf94b36cff"
"signal-001961","src-981fee87330291d1","group-a2f75284ec132c7c","validation","pri","noisy","129","0.01","0","0.8859795373864472","1.9603589920327067","16.31973257998908","1.1973284529860688","signals/validation/signal-001961.csv","740abe9449f3238286430efa31b5121ef506e5e3dbbbe0fe33ee64a78027098c","ff3030ac678f1829115bd1032a8592a38415a611c5a090b9f7e175bf94b36cff"
"signal-001962","src-981fee87330291d1","group-a2f75284ec132c7c","validation","pri","sparse-jittered","65","0.03","0.25","0.26815860089845955","0.9223112232983113","14.442766757597084","3.0668508731345216","signals/validation/signal-001962.csv","7a874465cb453bfd63be0472a5cb3cddc782d4156bd05f38ded96a48db07cc4c","ff3030ac678f1829115bd1032a8592a38415a611c5a090b9f7e175bf94b36cff"
"signal-001963","src-4d50243625dc1373","group-9382a8486cf3f0e8","validation","frequency","clean","257","0","0","0.32574016274884343","2.751989593915641","16.854669480328","2.7392841803470382","signals/validation/signal-001963.csv","6a70d9505031348fa39414cd441bb3c9489e17bcce2d237ee4b0b6270015c4c1","affb1bb830b1e8e3b90569bafbe825cee0f4e5cade651388b4647c4cc4c4d963"
"signal-001964","src-4d50243625dc1373","group-9382a8486cf3f0e8","validation","frequency","noisy","129","0.01","0","0.001966561423614621","2.928926580399275","17.015738461152036","1.2098535557599703","signals/validation/signal-001964.csv","ceaa20b1a3f78aa0f4623eac6cdfb3f1305c7505dde7104145f4bf3642162d7f","affb1bb830b1e8e3b90569bafbe825cee0f4e5cade651388b4647c4cc4c4d963"
"signal-001965","src-4d50243625dc1373","group-9382a8486cf3f0e8","validation","frequency","sparse-jittered","65","0.03","0.25","0.8656140533275902","2.5423752276226876","12.050249350261208","0.7977872296211697","signals/validation/signal-001965.csv","712b286538557b26deacf84872a32d60c6547eb5d8e8183404d55c92f213179a","affb1bb830b1e8e3b90569bafbe825cee0f4e5cade651388b4647c4cc4c4d963"
"signal-001966","src-4d50243625dc1373","group-9382a8486cf3f0e8","validation","pri","clean","257","0","0","0.9784553062636405","2.310211230069399","13.80891027286843","0.7507008683561871","signals/validation/signal-001966.csv","3db3abc653d5c43ef252e885a802c89d82f869df4374e4f2eaaf38839d4c0ce4","affb1bb830b1e8e3b90569bafbe825cee0f4e5cade651388b4647c4cc4c4d963"
"signal-001967","src-4d50243625dc1373","group-9382a8486cf3f0e8","validation","pri","noisy","129","0.01","0","0.15909964917227626","3.0065864002332088","18.32057411956933","1.5536499753330908","signals/validation/signal-001967.csv","acec5b86d5ade1266f59d0a183ad49d691c678f2ab857ba7e49ce3699e9fd886","affb1bb830b1e8e3b90569bafbe825cee0f4e5cade651388b4647c4cc4c4d963"
"signal-001968","src-4d50243625dc1373","group-9382a8486cf3f0e8","validation","pri","sparse-jittered","65","0.03","0.25","0.3974307016469538","1.112181563489139","14.144140566780703","1.691220650695458","signals/validation/signal-001968.csv","3fafa89510b635161f75d7b21dcd8f5fe63329395bbdb0b4de9fd686e698cab5","affb1bb830b1e8e3b90569bafbe825cee0f4e5cade651388b4647c4cc4c4d963"
"signal-001969","src-a1c516b1bd8a18ea","group-26e386bdb6593ee6","test","frequency","clean","257","0","0","0.8973656708840281","2.031391952931881","16.90421842319114","2.7234376122096258","signals/test/signal-001969.csv","01e833c60c1e979150a22b4f8f1d74eabcfd210266dcecbaae4d046ef369fcea","7aae36eecf4f3225625e706c22523d231bfb06811e2996702d8aa591db6be797"
"signal-001970","src-a1c516b1bd8a18ea","group-26e386bdb6593ee6","test","frequency","noisy","129","0.01","0","0.6558252850081772","3.040448737516999","11.260662504213766","0.7254747373628447","signals/test/signal-001970.csv","69e2a3d48b9a2954d29073e7131e092f0100d94ff4f4649838aa99ce3d4f86aa","7aae36eecf4f3225625e706c22523d231bfb06811e2996702d8aa591db6be797"
"signal-001971","src-a1c516b1bd8a18ea","group-26e386bdb6593ee6","test","frequency","sparse-jittered","65","0.03","0.25","0.9288052793126553","2.511125447973609","18.581451049524894","2.299847572813274","signals/test/signal-001971.csv","eb6c4fa895f3753b5be158710d02c79bd7cd20e7b19901548ad0fc233496075f","7aae36eecf4f3225625e706c22523d231bfb06811e2996702d8aa591db6be797"
"signal-001972","src-a1c516b1bd8a18ea","group-26e386bdb6593ee6","test","pri","clean","257","0","0","0.20681410934776068","1.7510664025321603","13.20928273176785","1.5992315504660528","signals/test/signal-001972.csv","3054613e2c08047da9a704bda97c9c3627f9dfa32d039e38b400a21403d69db0","7aae36eecf4f3225625e706c22523d231bfb06811e2996702d8aa591db6be797"
"signal-001973","src-a1c516b1bd8a18ea","group-26e386bdb6593ee6","test","pri","noisy","129","0.01","0","0.3059759894385934","2.0232597136870027","15.587570221632866","0.7717591300988591","signals/test/signal-001973.csv","5123979660a80a3ce304cb71a702012710d206c94ecaf4ffe273efe4e67e763f","7aae36eecf4f3225625e706c22523d231bfb06811e2996702d8aa591db6be797"
"signal-001974","src-a1c516b1bd8a18ea","group-26e386bdb6593ee6","test","pri","sparse-jittered","65","0.03","0.25","0.18619244126603007","2.7916044330224397","16.484964069609497","2.4653981841769834","signals/test/signal-001974.csv","c380440e0f6efc156aab3b59cd3ce479e0319873c6b4a491f6643e3fa69bb99f","7aae36eecf4f3225625e706c22523d231bfb06811e2996702d8aa591db6be797"
"signal-001975","src-79a01fe4624e6f8d","group-004da2a67be6e069","calibration","frequency","clean","257","0","0","0.6795743175316602","1.830757387727499","11.700416118095003","2.353021966333623","signals/calibration/signal-001975.csv","b67d02123a54d4ce5ab49531a14e396dbab1823c86ba542d162675b1dc574910","cb97775c9f106c763f8f1e067b8e8cb7f957d65e1b60b6b241b3181424c2ef04"
"signal-001976","src-79a01fe4624e6f8d","group-004da2a67be6e069","calibration","frequency","noisy","129","0.01","0","0.34740294166840613","0.8648800119757653","19.045736942045615","2.8823834467640133","signals/calibration/signal-001976.csv","51a18b76d6b0c43b4b7f99710bb829dadf8aeca8c866a187b20ed7ffa9cd53d3","cb97775c9f106c763f8f1e067b8e8cb7f957d65e1b60b6b241b3181424c2ef04"
"signal-001977","src-79a01fe4624e6f8d","group-004da2a67be6e069","calibration","frequency","sparse-jittered","65","0.03","0.25","0.794453016249463","2.794390582665801","19.76208869451312","1.8833846077449863","signals/calibration/signal-001977.csv","b4add0edda90792ef09c4561da8a3aa500c6bb270ab7820b9f5bbdf95acb5e3a","cb97775c9f106c763f8f1e067b8e8cb7f957d65e1b60b6b241b3181424c2ef04"
"signal-001978","src-79a01fe4624e6f8d","group-004da2a67be6e069","calibration","pri","clean","257","0","0","0.6878244453109801","1.5753720683977008","11.497085899012266","1.286739197471725","signals/calibration/signal-001978.csv","a1bd8bd03d055c9708f197534ca36d937123c71e4d3e2a7260ae242d7fc0e9cb","cb97775c9f106c763f8f1e067b8e8cb7f957d65e1b60b6b241b3181424c2ef04"
"signal-001979","src-79a01fe4624e6f8d","group-004da2a67be6e069","calibration","pri","noisy","129","0.01","0","0.883830047911033","1.7898313093930482","18.015570913371263","2.082108675460521","signals/calibration/signal-001979.csv","de6e4689282135c769a262c54c5a1cc1ff6531597eebb4f80ecb01815e4c40b6","cb97775c9f106c763f8f1e067b8e8cb7f957d65e1b60b6b241b3181424c2ef04"
"signal-001980","src-79a01fe4624e6f8d","group-004da2a67be6e069","calibration","pri","sparse-jittered","65","0.03","0.25","0.9212214613799006","2.8751812562346455","15.19179839443748","0.7260279340847458","signals/calibration/signal-001980.csv","a08691f29269244cdac02bfa3f9592ebb907f39804bbf091757455895e56ac17","cb97775c9f106c763f8f1e067b8e8cb7f957d65e1b60b6b241b3181424c2ef04"
"signal-001981","src-ff0a49bfa67b6f2c","group-16650d508ca4deed","validation","frequency","clean","257","0","0","0.3235897843260318","3.134975615888834","14.389982999609176","0.8270051953463771","signals/validation/signal-001981.csv","5613fb041e5b6243aa3e1ccc0618569b67b64c8e0279d05b91bd4ba1b091787d","077ec94d99e02e063f4fb96298dcbb63e48fff297a08009a7557f210d52a62dc"
"signal-001982","src-ff0a49bfa67b6f2c","group-16650d508ca4deed","validation","frequency","noisy","129","0.01","0","0.008295949781313539","1.9896496638655663","12.338549867617765","2.7202799576603898","signals/validation/signal-001982.csv","d7c9d3ae92c9b53b11282e920bae18992f064088914a2998a1ac01d77600f8fd","077ec94d99e02e063f4fb96298dcbb63e48fff297a08009a7557f210d52a62dc"
"signal-001983","src-ff0a49bfa67b6f2c","group-16650d508ca4deed","validation","frequency","sparse-jittered","65","0.03","0.25","0.387032562866807","0.9037935154512525","14.375278959712503","1.7908438644914373","signals/validation/signal-001983.csv","962d7f2db2f297fd144a91cca9befc8d86ececcd662f4c7be21353821ea2202d","077ec94d99e02e063f4fb96298dcbb63e48fff297a08009a7557f210d52a62dc"
"signal-001984","src-ff0a49bfa67b6f2c","group-16650d508ca4deed","validation","pri","clean","257","0","0","0.03742905170656741","1.595092421770096","12.415747578091795","0.7614644991212813","signals/validation/signal-001984.csv","f0a94e03244a0019b87988a8890d610eb3a72c4b96bdcd136e3799eedfbebd86","077ec94d99e02e063f4fb96298dcbb63e48fff297a08009a7557f210d52a62dc"
"signal-001985","src-ff0a49bfa67b6f2c","group-16650d508ca4deed","validation","pri","noisy","129","0.01","0","0.17832781421020627","2.509368902258575","15.968674970811442","2.7258493873018637","signals/validation/signal-001985.csv","b0860f45a40a8f615ff46fff3fee483f22c1c2fcdc9c84610cee0d54a81060d4","077ec94d99e02e063f4fb96298dcbb63e48fff297a08009a7557f210d52a62dc"
"signal-001986","src-ff0a49bfa67b6f2c","group-16650d508ca4deed","validation","pri","sparse-jittered","65","0.03","0.25","0.8867561200167984","2.534913778677583","12.98423189001652","1.5998289688928171","signals/validation/signal-001986.csv","0e261958f91cfc468d271a40cc3f86a6072b3a5d65273b48d3fcad5272447f9c","077ec94d99e02e063f4fb96298dcbb63e48fff297a08009a7557f210d52a62dc"
"signal-001987","src-9da6cb83ba56f30e","group-a3e1270cc6af8b7f","train","frequency","clean","257","0","0","0.39721164223738015","1.2697063215076922","10.339042091364746","0.8676508700918237","signals/train/signal-001987.csv","69a89eb51cb340e4e3bf60fefe81fe5c4b3b3f418829e1ed8d85ed007dde4a54","e7ed576aca6230c4a59a9bd92ef08c8c2fc3448ddde4104801c14a50f4b983ee"
"signal-001988","src-9da6cb83ba56f30e","group-a3e1270cc6af8b7f","train","frequency","noisy","129","0.01","0","0.546093387529254","2.9631707893684505","18.428874852985707","2.0032975171419416","signals/train/signal-001988.csv","b5286c1e0934c10408a8f7ff93783d54f1a8eaaccc8563479476c1d7d3eba275","e7ed576aca6230c4a59a9bd92ef08c8c2fc3448ddde4104801c14a50f4b983ee"
"signal-001989","src-9da6cb83ba56f30e","group-a3e1270cc6af8b7f","train","frequency","sparse-jittered","65","0.03","0.25","0.313988235546276","1.699993545934558","16.354015163374903","0.8066467099548298","signals/train/signal-001989.csv","b029c58062fb35de267d080a3e15bc024027633a04c9d94540aa77bde39af78e","e7ed576aca6230c4a59a9bd92ef08c8c2fc3448ddde4104801c14a50f4b983ee"
"signal-001990","src-9da6cb83ba56f30e","group-a3e1270cc6af8b7f","train","pri","clean","257","0","0","0.8250613494310528","1.1914576500654221","15.046832079081492","1.0082740845409397","signals/train/signal-001990.csv","fdbb31628e7bcee6e55e07b220dcca4ecae57d4af45f6d6a0d69eaedfe014749","e7ed576aca6230c4a59a9bd92ef08c8c2fc3448ddde4104801c14a50f4b983ee"
"signal-001991","src-9da6cb83ba56f30e","group-a3e1270cc6af8b7f","train","pri","noisy","129","0.01","0","0.7034277098719031","2.7911499276757237","14.169851892707946","0.9094920323684068","signals/train/signal-001991.csv","fd5dfefcc445fe3aef46229a5a55d3c4017b7bc65d5d467c324c94a1755ec980","e7ed576aca6230c4a59a9bd92ef08c8c2fc3448ddde4104801c14a50f4b983ee"
"signal-001992","src-9da6cb83ba56f30e","group-a3e1270cc6af8b7f","train","pri","sparse-jittered","65","0.03","0.25","0.47750907693989575","0.8001483373343945","11.119206750714973","2.078091966337608","signals/train/signal-001992.csv","5daa3691cd58f4b8794bdfdb1309115d20a1f2292cb2e3faf38e364773209708","e7ed576aca6230c4a59a9bd92ef08c8c2fc3448ddde4104801c14a50f4b983ee"
"signal-001993","src-b8f5f7c5017fc998","group-05550823e35fa060","calibration","frequency","clean","257","0","0","0.22756082261912525","1.4053325187414885","18.65564049421912","2.4454173504247514","signals/calibration/signal-001993.csv","e36c05142cd3e840c8f885484c5bc0c7970882c9b710ddbe3d4beb70e3ec200b","5170ae68225e09586da271a0e33fec57432fb75f16874f7e217580c1e1c107a5"
"signal-001994","src-b8f5f7c5017fc998","group-05550823e35fa060","calibration","frequency","noisy","129","0.01","0","0.945928746368736","1.252322261594236","12.827839136944236","0.9732451563757003","signals/calibration/signal-001994.csv","a0b64fee1f31db72b9431279249bcaeb0c3748f8d9cd6f124ece014fa6dbaccb","5170ae68225e09586da271a0e33fec57432fb75f16874f7e217580c1e1c107a5"
"signal-001995","src-b8f5f7c5017fc998","group-05550823e35fa060","calibration","frequency","sparse-jittered","65","0.03","0.25","0.7707340565975755","0.8618773449212314","13.965194328033085","2.903388354281839","signals/calibration/signal-001995.csv","21350526926ddbda291b37f6c22bcc51b145154e2f0f25bb1cf47740a5eac224","5170ae68225e09586da271a0e33fec57432fb75f16874f7e217580c1e1c107a5"
"signal-001996","src-b8f5f7c5017fc998","group-05550823e35fa060","calibration","pri","clean","257","0","0","0.6914400842506438","3.1763809390366076","11.871160544012634","1.9040264144696728","signals/calibration/signal-001996.csv","9dc9f14dc2a11d5fdbce459969072bfff3c7e0a0a8758deae6ab1a422963dd01","5170ae68225e09586da271a0e33fec57432fb75f16874f7e217580c1e1c107a5"
"signal-001997","src-b8f5f7c5017fc998","group-05550823e35fa060","calibration","pri","noisy","129","0.01","0","0.9825816389638931","2.599078828841448","11.048910898475848","2.718058523645972","signals/calibration/signal-001997.csv","434e2d9d739c433adf21985773e4a713d9a8e66d378c2ae24371eb15dc3ca9f2","5170ae68225e09586da271a0e33fec57432fb75f16874f7e217580c1e1c107a5"
"signal-001998","src-b8f5f7c5017fc998","group-05550823e35fa060","calibration","pri","sparse-jittered","65","0.03","0.25","0.9080708050169051","1.0431345028802752","16.754087412365614","2.080599458385377","signals/calibration/signal-001998.csv","7469d3821a864c8ed58fec3f16355a48e57b7345a0316ae759f8b56099170361","5170ae68225e09586da271a0e33fec57432fb75f16874f7e217580c1e1c107a5"
"signal-001999","src-cb49e163e79a94cb","group-bac5d4a468fbbb87","train","frequency","clean","257","0","0","0.12335627619177103","2.5279978239908814","17.26989417657289","2.2325425620960573","signals/train/signal-001999.csv","ae6963b4284486fee6e3d88268d612de5109ba95d7844726f28d5774296b885f","e797cf7ab1e8c2fdebf3618f357f144221f5e0475f876f8b4eb8db221a0695ee"
"signal-002000","src-cb49e163e79a94cb","group-bac5d4a468fbbb87","train","frequency","noisy","129","0.01","0","0.20463674794882536","1.92097142431885","13.031445233732908","1.2569280885673386","signals/train/signal-002000.csv","8401ffba78e913bfad10aa6469069c72478ec1ecb092f4f4f36312dead7924a9","e797cf7ab1e8c2fdebf3618f357f144221f5e0475f876f8b4eb8db221a0695ee"
"signal-002001","src-cb49e163e79a94cb","group-bac5d4a468fbbb87","train","frequency","sparse-jittered","65","0.03","0.25","0.31455836561508477","1.6490052409470082","15.923479231200407","1.0348646092481228","signals/train/signal-002001.csv","8dca6c7d9f734828259b564049423390f51e0f8c09734cbafca4767f4c1052dd","e797cf7ab1e8c2fdebf3618f357f144221f5e0475f876f8b4eb8db221a0695ee"
"signal-002002","src-cb49e163e79a94cb","group-bac5d4a468fbbb87","train","pri","clean","257","0","0","0.20109726581722498","2.3828878665342925","14.136170592699255","1.3530670550531827","signals/train/signal-002002.csv","4c3260caadae218b0466700d74a12a69e851b0d3af9d317fdd530db2322ef4da","e797cf7ab1e8c2fdebf3618f357f144221f5e0475f876f8b4eb8db221a0695ee"
"signal-002003","src-cb49e163e79a94cb","group-bac5d4a468fbbb87","train","pri","noisy","129","0.01","0","0.8357584758196026","2.867892929911614","16.859653743434116","2.358025472506517","signals/train/signal-002003.csv","3b2b5dd56b576d4858986354398c4ca7d524bf03ebb7868e33b2984082fe6948","e797cf7ab1e8c2fdebf3618f357f144221f5e0475f876f8b4eb8db221a0695ee"
"signal-002004","src-cb49e163e79a94cb","group-bac5d4a468fbbb87","train","pri","sparse-jittered","65","0.03","0.25","0.17828320642001927","1.6829511843621732","18.69413879181569","2.5559079421736186","signals/train/signal-002004.csv","e9fc3ea618bcc19709cb61b3c8e79d38dbaae5bcde17e032daf0ed066e90692a","e797cf7ab1e8c2fdebf3618f357f144221f5e0475f876f8b4eb8db221a0695ee"
"signal-002005","src-ac3b481de2d9bf28","group-ae82f00d5db8fbbe","test","frequency","clean","257","0","0","0.2417034963145852","2.5584169888868926","10.020756143521131","0.9820632665312452","signals/test/signal-002005.csv","ca5343f05acab7ef806c097c077bdc7138c568c7e5438424b10a55c9093285bc","2091584168f3fb2f0c8ef0d5e127c1471dd1b33741a2cc18aa8e173c1a5b6591"
"signal-002006","src-ac3b481de2d9bf28","group-ae82f00d5db8fbbe","test","frequency","noisy","129","0.01","0","0.2614809377118945","2.868044728972018","19.648303434132238","2.647791922138932","signals/test/signal-002006.csv","961b8aa85ca1c93e2340a839799c6bb5f1f1ebaa30f03826b2bd14a52b15a675","2091584168f3fb2f0c8ef0d5e127c1471dd1b33741a2cc18aa8e173c1a5b6591"
"signal-002007","src-ac3b481de2d9bf28","group-ae82f00d5db8fbbe","test","frequency","sparse-jittered","65","0.03","0.25","0.7816189632285386","2.0643634609878063","11.482785980237537","1.915388107618579","signals/test/signal-002007.csv","70facbb877818c99cf94713d9e315ee77d4fcc88a827b917247b00f57c1539eb","2091584168f3fb2f0c8ef0d5e127c1471dd1b33741a2cc18aa8e173c1a5b6591"
"signal-002008","src-ac3b481de2d9bf28","group-ae82f00d5db8fbbe","test","pri","clean","257","0","0","0.4189054707530886","1.9540668532252312","17.064220561521815","2.4521531305022926","signals/test/signal-002008.csv","9e922f757e88808f2a22f2e21088060e2bd7d32edc4ab37e43fa3f0bdf43668a","2091584168f3fb2f0c8ef0d5e127c1471dd1b33741a2cc18aa8e173c1a5b6591"
"signal-002009","src-ac3b481de2d9bf28","group-ae82f00d5db8fbbe","test","pri","noisy","129","0.01","0","0.8879962477367371","1.8785300727933645","10.160486900134595","2.8568074238896344","signals/test/signal-002009.csv","1c4794a74013749832a60de7532f89613c26ff93d94565feb5605e7a58cab1f9","2091584168f3fb2f0c8ef0d5e127c1471dd1b33741a2cc18aa8e173c1a5b6591"
"signal-002010","src-ac3b481de2d9bf28","group-ae82f00d5db8fbbe","test","pri","sparse-jittered","65","0.03","0.25","0.22053388855420053","1.4210982102900744","11.950400664981863","0.6925386114911358","signals/test/signal-002010.csv","3bc4ea0ffb4aec2538c1a62e791659ee0a33900c7edafbd30b663914037e1dfc","2091584168f3fb2f0c8ef0d5e127c1471dd1b33741a2cc18aa8e173c1a5b6591"
"signal-002011","src-3a15aec29edf9201","group-cbc0a900b15116a4","train","frequency","clean","257","0","0","0.30404508602805436","1.104241678863764","16.867889684934248","2.3689426229333197","signals/train/signal-002011.csv","993e7c57faa7cfcf351a2f36080f70fe958e30a9c8687258bb6e4f999c4f8d57","fb0920827ee22eb56a6594b5600dfd1056290ce6e55992159ca04ebb96098214"
"signal-002012","src-3a15aec29edf9201","group-cbc0a900b15116a4","train","frequency","noisy","129","0.01","0","0.828426341060549","2.9351800663396714","18.20804768884397","1.872625534420461","signals/train/signal-002012.csv","f7d5cf333af8a00feb795cdff1a9165d4553f2140df385c252e9778c59148dbe","fb0920827ee22eb56a6594b5600dfd1056290ce6e55992159ca04ebb96098214"
"signal-002013","src-3a15aec29edf9201","group-cbc0a900b15116a4","train","frequency","sparse-jittered","65","0.03","0.25","0.5903415970969945","1.2803569220006465","17.810187128788506","0.9830672364648585","signals/train/signal-002013.csv","9d17c95f1bd1ad18c4c368a650ddaad30168fab8422e80888fdef61b0fc77755","fb0920827ee22eb56a6594b5600dfd1056290ce6e55992159ca04ebb96098214"
"signal-002014","src-3a15aec29edf9201","group-cbc0a900b15116a4","train","pri","clean","257","0","0","0.25831741327419877","2.146050695888698","15.00619494624043","1.8284676568498117","signals/train/signal-002014.csv","12342de24f87575eeb3ba000dff6dba1969219c87c3e785f04117ecbfaf05f78","fb0920827ee22eb56a6594b5600dfd1056290ce6e55992159ca04ebb96098214"
"signal-002015","src-3a15aec29edf9201","group-cbc0a900b15116a4","train","pri","noisy","129","0.01","0","0.9454110846854746","1.9327727628871798","11.47225983932404","2.752543732345906","signals/train/signal-002015.csv","4085428d6d84f1b1dedbe3a0078a58ac7035e8ae9d7aea3790e91cf2f6e9202f","fb0920827ee22eb56a6594b5600dfd1056290ce6e55992159ca04ebb96098214"
"signal-002016","src-3a15aec29edf9201","group-cbc0a900b15116a4","train","pri","sparse-jittered","65","0.03","0.25","0.24772999971173704","1.3413667801767588","12.93321696242521","2.221037303107641","signals/train/signal-002016.csv","18963dd753fd866e34d90e9396461ef9bd7411775a418a6d4fa776707e268827","fb0920827ee22eb56a6594b5600dfd1056290ce6e55992159ca04ebb96098214"
"signal-002017","src-503bb2f191516bee","group-f7601e8ab68046eb","train","frequency","clean","257","0","0","0.8283436552155763","2.776506011933088","10.983754638878082","1.3398899671124997","signals/train/signal-002017.csv","566df62aebef41a86710128e5042879d312d752cf87ed17dd913e8474abab5b0","0fb4f8448f8eaa956d6c162a651aed2afbc293746348b716f7cd6303332f3ebf"
"signal-002018","src-503bb2f191516bee","group-f7601e8ab68046eb","train","frequency","noisy","129","0.01","0","0.778704275842756","2.44689764585346","15.295790553619192","1.0174202552965372","signals/train/signal-002018.csv","96c4f814e2251c043b06d614949190e9c63b4d511bbe5571c6c37160c158cba1","0fb4f8448f8eaa956d6c162a651aed2afbc293746348b716f7cd6303332f3ebf"
"signal-002019","src-503bb2f191516bee","group-f7601e8ab68046eb","train","frequency","sparse-jittered","65","0.03","0.25","0.15137930773198605","2.160927669890225","14.526993160850841","1.7824363228982136","signals/train/signal-002019.csv","8e3bfcc6f9534782fd7ed5f91744e022b5ac79114de8b8fc7f30e570888b8110","0fb4f8448f8eaa956d6c162a651aed2afbc293746348b716f7cd6303332f3ebf"
"signal-002020","src-503bb2f191516bee","group-f7601e8ab68046eb","train","pri","clean","257","0","0","0.9420722166541964","1.621780137717724","15.626246208562723","0.7898583922046978","signals/train/signal-002020.csv","e2c4c1b4ab7d50c6b0b61321cb91333485a47413795aadb272c3052540fc1fc0","0fb4f8448f8eaa956d6c162a651aed2afbc293746348b716f7cd6303332f3ebf"
"signal-002021","src-503bb2f191516bee","group-f7601e8ab68046eb","train","pri","noisy","129","0.01","0","0.6094724372960627","1.4923597289249302","17.68431390126173","1.4886815299896874","signals/train/signal-002021.csv","690753aed73b8493f111d5b601425d13493992deed26f31482228407f6f471ef","0fb4f8448f8eaa956d6c162a651aed2afbc293746348b716f7cd6303332f3ebf"
"signal-002022","src-503bb2f191516bee","group-f7601e8ab68046eb","train","pri","sparse-jittered","65","0.03","0.25","0.7843839912675321","1.9240100195631384","17.253807732367356","1.0951376124194852","signals/train/signal-002022.csv","2fdfe158ceb91d7488eea964a0d2664369bbae451e839dc24fb3072e7f9ece88","0fb4f8448f8eaa956d6c162a651aed2afbc293746348b716f7cd6303332f3ebf"
"signal-002023","src-e2d6545c7d5e6403","group-77fdb6eb4efb8672","train","frequency","clean","257","0","0","0.46149980439804494","1.7924942288547754","16.761865198536576","2.0586448683871623","signals/train/signal-002023.csv","86b23913196e2bf65f7d5bedaae387a7af56e8aa48e267685b09280c7f2c0a2e","c8b8db7b55e64ef192eeb911a2c5de19869426e6aabe9cc711462d2cf0b870f1"
"signal-002024","src-e2d6545c7d5e6403","group-77fdb6eb4efb8672","train","frequency","noisy","129","0.01","0","0.8076486985664815","1.5692221011966467","18.26777366385224","1.2300390303054591","signals/train/signal-002024.csv","f8f159f7d3162541725651ebb64c66560ba023313ee008f106b697e4c8fa4cda","c8b8db7b55e64ef192eeb911a2c5de19869426e6aabe9cc711462d2cf0b870f1"
"signal-002025","src-e2d6545c7d5e6403","group-77fdb6eb4efb8672","train","frequency","sparse-jittered","65","0.03","0.25","0.8684399756602943","1.2831582998856903","16.847375914878025","2.621298321592926","signals/train/signal-002025.csv","74e8799dc28371a9b00f7e934b990d474e65c730e0b1ec74ff39ba7265d9d883","c8b8db7b55e64ef192eeb911a2c5de19869426e6aabe9cc711462d2cf0b870f1"
"signal-002026","src-e2d6545c7d5e6403","group-77fdb6eb4efb8672","train","pri","clean","257","0","0","0.24226506426930428","1.565289598889649","14.31731300480643","2.183085211090967","signals/train/signal-002026.csv","e2194904b8a0fcd767a3d9f05eae1a8c42d024099663844df3fcd912ad1e2336","c8b8db7b55e64ef192eeb911a2c5de19869426e6aabe9cc711462d2cf0b870f1"
"signal-002027","src-e2d6545c7d5e6403","group-77fdb6eb4efb8672","train","pri","noisy","129","0.01","0","0.17886961228214204","1.9776878643780946","11.081921036223044","0.8862578771623024","signals/train/signal-002027.csv","e9ea7c31b64e3e96d059329f20423350bb1c807d930c82db181fb4f952fd5dc9","c8b8db7b55e64ef192eeb911a2c5de19869426e6aabe9cc711462d2cf0b870f1"
"signal-002028","src-e2d6545c7d5e6403","group-77fdb6eb4efb8672","train","pri","sparse-jittered","65","0.03","0.25","0.2505792169831693","1.4764925291761757","10.39212266530423","1.3047133012589427","signals/train/signal-002028.csv","cf3d7259babd4ad642af806800aa29953c0b3568b976ac32c7750f9ff3ec610d","c8b8db7b55e64ef192eeb911a2c5de19869426e6aabe9cc711462d2cf0b870f1"
"signal-002029","src-f808eeed4ed8d49b","group-c85ed0af29c7fc1b","calibration","frequency","clean","257","0","0","0.9243753338232636","3.198513850010931","15.136468949393635","1.5200770312581238","signals/calibration/signal-002029.csv","0e63e292ca996279bd9be21157e481bf76c170d49d4c65fb984e0b08273f263b","9cd9f6097b5d449bc615144d98e8d927c11479dc3b0b0d4be1d909152acd7d80"
"signal-002030","src-f808eeed4ed8d49b","group-c85ed0af29c7fc1b","calibration","frequency","noisy","129","0.01","0","0.3442117136437446","1.1007648833096026","13.482151351052574","2.6757796473555935","signals/calibration/signal-002030.csv","cadbbe422481602ad20bf4738c18bef504b4fc1003f2933467e3b51eed7780ff","9cd9f6097b5d449bc615144d98e8d927c11479dc3b0b0d4be1d909152acd7d80"
"signal-002031","src-f808eeed4ed8d49b","group-c85ed0af29c7fc1b","calibration","frequency","sparse-jittered","65","0.03","0.25","0.7166815639939159","0.9674521002918482","19.894875150559912","1.1248382066181293","signals/calibration/signal-002031.csv","af1318e2f7e69d35000bbe45801aca556ed4ebcd9f899aac20530ef1ed529e18","9cd9f6097b5d449bc615144d98e8d927c11479dc3b0b0d4be1d909152acd7d80"
"signal-002032","src-f808eeed4ed8d49b","group-c85ed0af29c7fc1b","calibration","pri","clean","257","0","0","0.7791252583265305","2.9417508693411945","10.134805364067041","2.828748897116945","signals/calibration/signal-002032.csv","ce9a898931a1b6615f2e5388b6868edf3b342900840534f69f5d1b154e22b46a","9cd9f6097b5d449bc615144d98e8d927c11479dc3b0b0d4be1d909152acd7d80"
"signal-002033","src-f808eeed4ed8d49b","group-c85ed0af29c7fc1b","calibration","pri","noisy","129","0.01","0","0.3805207659024745","2.043024132400751","12.11939639732662","1.9422545136718838","signals/calibration/signal-002033.csv","58ffe376e21beb48544ed4dc5f926ee7fb9635d0b2f91241be27e20a00965904","9cd9f6097b5d449bc615144d98e8d927c11479dc3b0b0d4be1d909152acd7d80"
"signal-002034","src-f808eeed4ed8d49b","group-c85ed0af29c7fc1b","calibration","pri","sparse-jittered","65","0.03","0.25","0.5048247973900288","1.0352536525577307","18.996077469029352","1.5512939527139586","signals/calibration/signal-002034.csv","127ab5dc756480aa12e1358d290f8fb7922d012cda506cba7efe0cdefcf6e46c","9cd9f6097b5d449bc615144d98e8d927c11479dc3b0b0d4be1d909152acd7d80"
"signal-002035","src-e106b17b01ce49d4","group-f21691497b2e0930","test","frequency","clean","257","0","0","0.8209125499706715","0.8928340043872596","14.541504486437486","2.5293771042746833","signals/test/signal-002035.csv","79bad038cef68a59246e1d67a5cd02b0722305ceb0f60fffd46a62a0829f8558","5f0e98e07e5fe0a24d26f59c6ec1b9795f4e197c4434498099a0a67662d4fd74"
"signal-002036","src-e106b17b01ce49d4","group-f21691497b2e0930","test","frequency","noisy","129","0.01","0","0.9222879400476813","3.1788631955161692","17.599603289750043","1.0049595978434418","signals/test/signal-002036.csv","e59afcadd62cae1f53f1bedc77217f00792ebdba30e9c95e279873503472f5ff","5f0e98e07e5fe0a24d26f59c6ec1b9795f4e197c4434498099a0a67662d4fd74"
"signal-002037","src-e106b17b01ce49d4","group-f21691497b2e0930","test","frequency","sparse-jittered","65","0.03","0.25","0.4524119880516082","2.4731583781540394","17.18028181652499","2.5482761324110275","signals/test/signal-002037.csv","46e6fccfa42a2ae46264d8f91956e3feba1b0a4b70051970b973a620f17db5c8","5f0e98e07e5fe0a24d26f59c6ec1b9795f4e197c4434498099a0a67662d4fd74"
"signal-002038","src-e106b17b01ce49d4","group-f21691497b2e0930","test","pri","clean","257","0","0","0.8102013499010354","0.9329229228198529","12.05548871268554","1.8889786995600204","signals/test/signal-002038.csv","0a0293c3c2256df017fde8083804b2b19f073c3b649ffe4fe8a211a7e186eec4","5f0e98e07e5fe0a24d26f59c6ec1b9795f4e197c4434498099a0a67662d4fd74"
"signal-002039","src-e106b17b01ce49d4","group-f21691497b2e0930","test","pri","noisy","129","0.01","0","0.5861545188818127","1.172245094180107","15.947805350896939","1.5648104340524753","signals/test/signal-002039.csv","2145513a36f25536b74d5f13ac2c0edd443be36fb7a5514f61bedd32a89d2a83","5f0e98e07e5fe0a24d26f59c6ec1b9795f4e197c4434498099a0a67662d4fd74"
"signal-002040","src-e106b17b01ce49d4","group-f21691497b2e0930","test","pri","sparse-jittered","65","0.03","0.25","0.6457850539591163","2.1343200508505107","16.91776646301829","2.3054618673458105","signals/test/signal-002040.csv","9392a0fe8503cca91cee41b43fa7e821d1b37eb53e9076e92d3d8c97976f0c23","5f0e98e07e5fe0a24d26f59c6ec1b9795f4e197c4434498099a0a67662d4fd74"
"signal-002041","src-55f93ae05a40198e","group-9bbcc8138e458bad","train","frequency","clean","257","0","0","0.6246799442451447","2.221750902757049","15.366570566386857","2.6541027543649527","signals/train/signal-002041.csv","cc492570f9b7c7431046bad3124a6460f11b9098d1dff613b723ebacb205715e","c2740e79f5ab7aaae87d8351dbc46f4578065d64196158f4104404ddc587644e"
"signal-002042","src-55f93ae05a40198e","group-9bbcc8138e458bad","train","frequency","noisy","129","0.01","0","0.23841744661331177","1.4816191168501973","15.945704377739865","2.006446915983032","signals/train/signal-002042.csv","4b2b36bee6ed3a89f572e66c7afbed99c05877ab59d6ed8f4cd0597c2b4ca695","c2740e79f5ab7aaae87d8351dbc46f4578065d64196158f4104404ddc587644e"
"signal-002043","src-55f93ae05a40198e","group-9bbcc8138e458bad","train","frequency","sparse-jittered","65","0.03","0.25","0.26428720355033875","2.545926019735634","18.64386510723691","1.040121379006905","signals/train/signal-002043.csv","4af2f9181f55a723d633b3f697ebcdc78d07b47e6193bf7aed8a2a33f355df3a","c2740e79f5ab7aaae87d8351dbc46f4578065d64196158f4104404ddc587644e"
"signal-002044","src-55f93ae05a40198e","group-9bbcc8138e458bad","train","pri","clean","257","0","0","0.9553482157643884","2.2724156070500614","11.478757274341918","2.1799110978417495","signals/train/signal-002044.csv","973b11aaf93bebfab76299a8891e915cd4707253810b89a366138fbff0880a34","c2740e79f5ab7aaae87d8351dbc46f4578065d64196158f4104404ddc587644e"
"signal-002045","src-55f93ae05a40198e","group-9bbcc8138e458bad","train","pri","noisy","129","0.01","0","0.6270090411417186","2.2248349374160172","14.749360635174028","2.003912824518011","signals/train/signal-002045.csv","aedb971c8e7e93b177ddea0f76f173168292f83a5c127bdf0239d0b0a05b8549","c2740e79f5ab7aaae87d8351dbc46f4578065d64196158f4104404ddc587644e"
"signal-002046","src-55f93ae05a40198e","group-9bbcc8138e458bad","train","pri","sparse-jittered","65","0.03","0.25","0.2663378329016268","2.514691652171314","12.053497666653882","1.7131472388270765","signals/train/signal-002046.csv","6722f8d2b98364d0ca5d3404e9324941bf9b06e4c8cee172f5169c23bcc3f3f3","c2740e79f5ab7aaae87d8351dbc46f4578065d64196158f4104404ddc587644e"
"signal-002047","src-3e61583e9c7b7d9e","group-30249f8f75383eee","calibration","frequency","clean","257","0","0","0.4390589608810842","0.8062315097078682","11.126070014318723","1.53098731185192","signals/calibration/signal-002047.csv","e8d71d64d55b8d0511bb933e3a77ede187a58594f4774fc70abdc163a09266d7","9c7d4b0a5a6430d7312c2c1dffa25ef0a28453ee4cb9135349225828b378cbc5"
"signal-002048","src-3e61583e9c7b7d9e","group-30249f8f75383eee","calibration","frequency","noisy","129","0.01","0","0.8649391657672822","1.5936833640560508","19.87550575024341","2.5472246469083615","signals/calibration/signal-002048.csv","16c05008d906bdabe2b89bdce727d7aa96b5401e6279683fa6258e3d6161457c","9c7d4b0a5a6430d7312c2c1dffa25ef0a28453ee4cb9135349225828b378cbc5"
"signal-002049","src-3e61583e9c7b7d9e","group-30249f8f75383eee","calibration","frequency","sparse-jittered","65","0.03","0.25","0.14068477042019367","1.2673440413549542","16.682461003461526","0.9141846458913463","signals/calibration/signal-002049.csv","bd03c49cc48f4461f74c4f949904c3d2d1a9a1d145b519f9d26b376931e4975c","9c7d4b0a5a6430d7312c2c1dffa25ef0a28453ee4cb9135349225828b378cbc5"
"signal-002050","src-3e61583e9c7b7d9e","group-30249f8f75383eee","calibration","pri","clean","257","0","0","0.7005607683677226","2.335288391262293","16.983421887318656","2.1781943245245063","signals/calibration/signal-002050.csv","141885189e7f321687b52e819ea442734e7de58a2c3ff084f79ab32182b16beb","9c7d4b0a5a6430d7312c2c1dffa25ef0a28453ee4cb9135349225828b378cbc5"
"signal-002051","src-3e61583e9c7b7d9e","group-30249f8f75383eee","calibration","pri","noisy","129","0.01","0","0.6642324454151094","0.9867087623104454","14.870341253126751","1.2286184640837305","signals/calibration/signal-002051.csv","9a89f4e6fc867f7d3791fe7843971813942c8e957c174003ff89e5d52b735555","9c7d4b0a5a6430d7312c2c1dffa25ef0a28453ee4cb9135349225828b378cbc5"
"signal-002052","src-3e61583e9c7b7d9e","group-30249f8f75383eee","calibration","pri","sparse-jittered","65","0.03","0.25","0.6451296883169562","1.4876946941018105","13.216786171941635","2.105907048176853","signals/calibration/signal-002052.csv","e6ea1511d3f3aaadc2795a7cbee6abf3137495e76fa01dd4dc15230f65863ffa","9c7d4b0a5a6430d7312c2c1dffa25ef0a28453ee4cb9135349225828b378cbc5"
"signal-002053","src-bcaec0560ca25b5e","group-df9b3f4fb32823db","test","frequency","clean","257","0","0","0.18861446203663945","1.0202287821099163","13.667084436526288","2.1831063251960554","signals/test/signal-002053.csv","8f1c6e24a2f48b34d0e12c621b353ad4542730923b48dcc3f53b63b2df645836","c2422c5afa00ccb46e7ffb6ee4d90540fded9bcd2e0743e64ef284ebdea48482"
"signal-002054","src-bcaec0560ca25b5e","group-df9b3f4fb32823db","test","frequency","noisy","129","0.01","0","0.32377492636442184","2.056485799141228","15.790171926190798","2.6719619637221808","signals/test/signal-002054.csv","c16f0d4b2b52f61d22cbc7547367a550d5537b04570f6f9eefcd07cf6fd8a5d3","c2422c5afa00ccb46e7ffb6ee4d90540fded9bcd2e0743e64ef284ebdea48482"
"signal-002055","src-bcaec0560ca25b5e","group-df9b3f4fb32823db","test","frequency","sparse-jittered","65","0.03","0.25","0.9723670515231788","1.1938158487901092","10.375851894403276","2.195953543282336","signals/test/signal-002055.csv","ca8a311484ae3810da64484b4ac1ed073b3a8ba8d9ba9a3867f3c140c73d5b16","c2422c5afa00ccb46e7ffb6ee4d90540fded9bcd2e0743e64ef284ebdea48482"
"signal-002056","src-bcaec0560ca25b5e","group-df9b3f4fb32823db","test","pri","clean","257","0","0","0.3044240630697459","1.3253689926117658","19.95411555976409","1.5973853077250801","signals/test/signal-002056.csv","3c961a12ef8f1bad42d5278660a9aafd509cf96d85947a3fcfccf8f8391421e5","c2422c5afa00ccb46e7ffb6ee4d90540fded9bcd2e0743e64ef284ebdea48482"
"signal-002057","src-bcaec0560ca25b5e","group-df9b3f4fb32823db","test","pri","noisy","129","0.01","0","0.5771011621691287","1.8748870266601443","13.717412404807394","0.8780134560191719","signals/test/signal-002057.csv","2a67ecff1d0afbe9d9c15ee3a3791a32a7f928e6004a9a875f11ffeeac46fae8","c2422c5afa00ccb46e7ffb6ee4d90540fded9bcd2e0743e64ef284ebdea48482"
"signal-002058","src-bcaec0560ca25b5e","group-df9b3f4fb32823db","test","pri","sparse-jittered","65","0.03","0.25","0.7268794977571815","1.8857519451528788","17.628549608309477","1.6555341918725226","signals/test/signal-002058.csv","9bddbc20aea57efb6cb42d095e35b8155e37e167a096edabc39be8b20a87fcdd","c2422c5afa00ccb46e7ffb6ee4d90540fded9bcd2e0743e64ef284ebdea48482"
"signal-002059","src-ab62f82a2c38ce2f","group-b0327d8e4f8d11de","test","frequency","clean","257","0","0","0.4399136658757925","2.576880102045834","11.32668251085067","2.465898392469624","signals/test/signal-002059.csv","e79e7e8feb8fb33f75046da69017ed03732af7d44f77dff537b380b612d5858b","114c32372611e815eba9b420b70cf860f22c57d065ecf35f8660b441373b79dd"
"signal-002060","src-ab62f82a2c38ce2f","group-b0327d8e4f8d11de","test","frequency","noisy","129","0.01","0","0.2392449292819947","0.9164554592221976","11.639939045645423","1.060715703318456","signals/test/signal-002060.csv","a557e1c99a4b752f8ad62cd8efd601330fe3ff902b7349d4ae3bd0f90e00bebd","114c32372611e815eba9b420b70cf860f22c57d065ecf35f8660b441373b79dd"
"signal-002061","src-ab62f82a2c38ce2f","group-b0327d8e4f8d11de","test","frequency","sparse-jittered","65","0.03","0.25","0.3333228202536702","2.8917348081246015","12.695184601114757","1.4262647667159385","signals/test/signal-002061.csv","b8bc07c945e6ed409ba7f74f4fa1d9cf49802043f60a5892ca744ff05c7d0a10","114c32372611e815eba9b420b70cf860f22c57d065ecf35f8660b441373b79dd"
"signal-002062","src-ab62f82a2c38ce2f","group-b0327d8e4f8d11de","test","pri","clean","257","0","0","0.21837383741512895","2.185847811214626","18.72726714198901","1.904453192212344","signals/test/signal-002062.csv","dc072653a4960f38fd6242dff25d22c7a7f7ecbb07cbe3426effe36877822c88","114c32372611e815eba9b420b70cf860f22c57d065ecf35f8660b441373b79dd"
"signal-002063","src-ab62f82a2c38ce2f","group-b0327d8e4f8d11de","test","pri","noisy","129","0.01","0","0.862972155213356","1.7300743909552694","12.684484395392992","1.0681487189687733","signals/test/signal-002063.csv","88244b7829ed7bbe9c3a1b1c822bdeed6604b571713b709df93f8b9c2e91276c","114c32372611e815eba9b420b70cf860f22c57d065ecf35f8660b441373b79dd"
"signal-002064","src-ab62f82a2c38ce2f","group-b0327d8e4f8d11de","test","pri","sparse-jittered","65","0.03","0.25","0.7760380748659372","1.9308148520067334","12.333600427304171","1.6106921945903956","signals/test/signal-002064.csv","d2435aca4302d2f8a4061da428dd220da615d1359c311c0bd50db1c98fc9fe5e","114c32372611e815eba9b420b70cf860f22c57d065ecf35f8660b441373b79dd"
"signal-002065","src-e2a2965a1966adb9","group-bb08cacd915a11cb","test","frequency","clean","257","0","0","0.8561467756517231","2.76914844494313","12.42631378245191","2.483235481855372","signals/test/signal-002065.csv","bb5eef1257982b621fe07ef9312ba441278a7c2b3117cd7620b54b456e45ac4e","c0022b2b6a8de1bc96a932c4c63ce01b6577e396a4227b6207c3e678d9716f63"
"signal-002066","src-e2a2965a1966adb9","group-bb08cacd915a11cb","test","frequency","noisy","129","0.01","0","0.6823056896682829","1.7085703987628222","11.27714119439062","2.7080071503328824","signals/test/signal-002066.csv","74145cf003b175bd50c7096f4e25fb0ca7c8ab8020799341bf14909869e39a1b","c0022b2b6a8de1bc96a932c4c63ce01b6577e396a4227b6207c3e678d9716f63"
"signal-002067","src-e2a2965a1966adb9","group-bb08cacd915a11cb","test","frequency","sparse-jittered","65","0.03","0.25","0.5009460807777941","1.4256198419258","11.763599374804054","1.7348168619808355","signals/test/signal-002067.csv","953ef84b6b4c5ad1365947de45fbdb2565bec8763512229d12d236fc5547b983","c0022b2b6a8de1bc96a932c4c63ce01b6577e396a4227b6207c3e678d9716f63"
"signal-002068","src-e2a2965a1966adb9","group-bb08cacd915a11cb","test","pri","clean","257","0","0","0.2740239785052836","2.005546243302524","13.44887147090789","2.835671093668367","signals/test/signal-002068.csv","6f6c118be44c25e37dfbb5f2d14e1e54393c9c3d676e1ca7cb810eb1062dbe34","c0022b2b6a8de1bc96a932c4c63ce01b6577e396a4227b6207c3e678d9716f63"
"signal-002069","src-e2a2965a1966adb9","group-bb08cacd915a11cb","test","pri","noisy","129","0.01","0","0.439875571988523","1.4139372626319529","17.021747203966726","2.7837730680494204","signals/test/signal-002069.csv","3ebb14ac463c128e4cabec263e5679d239631796d33694997591d0153e3d7ac7","c0022b2b6a8de1bc96a932c4c63ce01b6577e396a4227b6207c3e678d9716f63"
"signal-002070","src-e2a2965a1966adb9","group-bb08cacd915a11cb","test","pri","sparse-jittered","65","0.03","0.25","0.2770044025965035","1.3661763278767467","10.09616387759226","0.780573641250994","signals/test/signal-002070.csv","1ef944e504d4f5df03364aa8a11c4fb0354ab5dee5d094761dc11dc9f75ef6af","c0022b2b6a8de1bc96a932c4c63ce01b6577e396a4227b6207c3e678d9716f63"
"signal-002071","src-95e54b9b1e2f3343","group-2cc422be7db25d76","train","frequency","clean","257","0","0","0.9933793463278562","2.6332164965569973","13.564780955189155","1.497731077013757","signals/train/signal-002071.csv","2ab33f3a6d3eeda1cc9155ac99b32955e522a5128399cd0ac1f0ade2ddd05afa","807bc2b8cd49798b9f4a7e9858bedf6c2cd3197f8f89d634514f0b234e229e4e"
"signal-002072","src-95e54b9b1e2f3343","group-2cc422be7db25d76","train","frequency","noisy","129","0.01","0","0.7058196517173201","1.9090693190693855","15.732416229648738","0.8177586170780415","signals/train/signal-002072.csv","c059fc6432b33e3941bc2300a96d764fc8e0b8d237a188b600d068a0d6d02e71","807bc2b8cd49798b9f4a7e9858bedf6c2cd3197f8f89d634514f0b234e229e4e"
"signal-002073","src-95e54b9b1e2f3343","group-2cc422be7db25d76","train","frequency","sparse-jittered","65","0.03","0.25","0.9885565724689513","2.6440254636108875","19.39314572261638","2.043283388885474","signals/train/signal-002073.csv","99fa20b64f5f7fdafc1c7ecba28f9f3046662c9442df098e0bdfde64900c9aa6","807bc2b8cd49798b9f4a7e9858bedf6c2cd3197f8f89d634514f0b234e229e4e"
"signal-002074","src-95e54b9b1e2f3343","group-2cc422be7db25d76","train","pri","clean","257","0","0","0.32932466780766845","2.9064031442627307","15.251240851355977","0.8815940734107262","signals/train/signal-002074.csv","3abf3e5e138599ecccdcab9b64c3410bfd07eef1af79667c4e1575dcd58d6b00","807bc2b8cd49798b9f4a7e9858bedf6c2cd3197f8f89d634514f0b234e229e4e"
"signal-002075","src-95e54b9b1e2f3343","group-2cc422be7db25d76","train","pri","noisy","129","0.01","0","0.2028448472265154","2.710930912196636","13.512256377765674","1.870308697713238","signals/train/signal-002075.csv","590201dfb46dd97a653625e723cc0afb271eb5290081afe4bab706a817ea286f","807bc2b8cd49798b9f4a7e9858bedf6c2cd3197f8f89d634514f0b234e229e4e"
"signal-002076","src-95e54b9b1e2f3343","group-2cc422be7db25d76","train","pri","sparse-jittered","65","0.03","0.25","0.5799662042409182","2.5139766411855815","13.074074226106118","1.4697872264922367","signals/train/signal-002076.csv","ce981c7f5bde644dcffabf239d0cc7dbafac219bf55b5b37762f660548a1f927","807bc2b8cd49798b9f4a7e9858bedf6c2cd3197f8f89d634514f0b234e229e4e"
"signal-002077","src-31ce0d71149c5d80","group-4909e28ef1e1668a","train","frequency","clean","257","0","0","0.8681583378929645","2.586671904474497","12.576812486846396","0.9162201018126961","signals/train/signal-002077.csv","0de52fe5fc65537e9340aab7477207660d915b1b17013e89fa1844e04e253530","f1cf3c227077b2d6292129d02e02c6db36651f66a8bd30fc740b41d2a6d1d05b"
"signal-002078","src-31ce0d71149c5d80","group-4909e28ef1e1668a","train","frequency","noisy","129","0.01","0","0.20208041020669043","2.8681617721915247","11.407690973798289","1.6037288059648258","signals/train/signal-002078.csv","124af6626205b9e12eda3332287a73b961a072be0d485d1457c2121589e38402","f1cf3c227077b2d6292129d02e02c6db36651f66a8bd30fc740b41d2a6d1d05b"
"signal-002079","src-31ce0d71149c5d80","group-4909e28ef1e1668a","train","frequency","sparse-jittered","65","0.03","0.25","0.5909167034551501","2.2538190076127647","14.352470273963997","1.619985123029835","signals/train/signal-002079.csv","7428cbf3226f82d24f4a5f56f664deeae1e617662daecf4ca71719f34d4dd6be","f1cf3c227077b2d6292129d02e02c6db36651f66a8bd30fc740b41d2a6d1d05b"
"signal-002080","src-31ce0d71149c5d80","group-4909e28ef1e1668a","train","pri","clean","257","0","0","0.026294036768376827","1.377073589898646","18.26547774670705","1.5126322466530446","signals/train/signal-002080.csv","92908928da495adf01463239230b5c8dc2a82976ec4dd81722fe2c343aad8429","f1cf3c227077b2d6292129d02e02c6db36651f66a8bd30fc740b41d2a6d1d05b"
"signal-002081","src-31ce0d71149c5d80","group-4909e28ef1e1668a","train","pri","noisy","129","0.01","0","0.7955229126382619","1.931119229644537","13.342831668639676","1.1872047656296587","signals/train/signal-002081.csv","a4cd484c38f7be413e54c7e419538d8e5918e0579d80d56618d8ffc815cc8796","f1cf3c227077b2d6292129d02e02c6db36651f66a8bd30fc740b41d2a6d1d05b"
"signal-002082","src-31ce0d71149c5d80","group-4909e28ef1e1668a","train","pri","sparse-jittered","65","0.03","0.25","0.8340736760292202","1.5319392293691636","12.094882389890508","3.004014845873707","signals/train/signal-002082.csv","39a2e99afcbade82df24373ac012c69a4b5540e11e7ed00812b2078665d83252","f1cf3c227077b2d6292129d02e02c6db36651f66a8bd30fc740b41d2a6d1d05b"
"signal-002083","src-88f037e5680c83c4","group-360a0b59ad384bd8","test","frequency","clean","257","0","0","0.33896699943579733","2.6601872012019157","19.448515640106052","1.357001268630846","signals/test/signal-002083.csv","4a61464660b070d8e82b59d9db0f50f4cc2165005680b5430506926f7a8e0c05","0e168f3e010d946d4b8567ec522cfb1d68a789cbc2229a4e23f076453e1be1bf"
"signal-002084","src-88f037e5680c83c4","group-360a0b59ad384bd8","test","frequency","noisy","129","0.01","0","0.3195805884897709","1.1130039634183049","17.868369633486722","3.07353822979087","signals/test/signal-002084.csv","1ac91ee92fbce4e8a6d0835fbb44127ec8e7506998d06a0152cde840c6ec43bd","0e168f3e010d946d4b8567ec522cfb1d68a789cbc2229a4e23f076453e1be1bf"
"signal-002085","src-88f037e5680c83c4","group-360a0b59ad384bd8","test","frequency","sparse-jittered","65","0.03","0.25","0.6200532007496804","2.3431039985269306","12.293803359379819","2.2326834736003836","signals/test/signal-002085.csv","12bbf86f2a08efec2bbb5c69822519a8fff2d73630b0ccc0434af6afff7e8129","0e168f3e010d946d4b8567ec522cfb1d68a789cbc2229a4e23f076453e1be1bf"
"signal-002086","src-88f037e5680c83c4","group-360a0b59ad384bd8","test","pri","clean","257","0","0","0.6260406705550849","1.565306160412729","19.180100550875068","2.8229287616210073","signals/test/signal-002086.csv","cd1d555cb34347a1230509ddfe901391a0627ac83a6822ffb8094edd99813dec","0e168f3e010d946d4b8567ec522cfb1d68a789cbc2229a4e23f076453e1be1bf"
"signal-002087","src-88f037e5680c83c4","group-360a0b59ad384bd8","test","pri","noisy","129","0.01","0","0.3109633431304246","2.4626694969832896","11.300941395349465","1.2281408706980343","signals/test/signal-002087.csv","ba5347c8b71308628b3fefe26229ba1ed721dd6a9b02e96eb600bd5385c4a00b","0e168f3e010d946d4b8567ec522cfb1d68a789cbc2229a4e23f076453e1be1bf"
"signal-002088","src-88f037e5680c83c4","group-360a0b59ad384bd8","test","pri","sparse-jittered","65","0.03","0.25","0.20713654323481023","0.9361949417740107","15.255654061026751","3.1643964456381433","signals/test/signal-002088.csv","84f777192853d50dc3fc837219e9cc54686310308e1c2b448b388a4cac12a823","0e168f3e010d946d4b8567ec522cfb1d68a789cbc2229a4e23f076453e1be1bf"
"signal-002089","src-f34b2e52c801ad40","group-8ed919decca37d7a","train","frequency","clean","257","0","0","0.05626232409849763","2.5791405661031606","18.822316802449357","2.768947238216665","signals/train/signal-002089.csv","4e4ce1d0de74ac20ea96f66d209688f821b1d8b5a0c4681d9e759f8e1c5fc7c8","8259368d29392f6ea7a772cb1afdd04e2b6db239ba3489327808d9c7ec8ea169"
"signal-002090","src-f34b2e52c801ad40","group-8ed919decca37d7a","train","frequency","noisy","129","0.01","0","0.974837699206546","1.9151875205338","18.665051950207243","2.7707369730777565","signals/train/signal-002090.csv","005e76b5b460652a3dfed0d9345443574cf4294f31cc0351c95b5e9a54570af4","8259368d29392f6ea7a772cb1afdd04e2b6db239ba3489327808d9c7ec8ea169"
"signal-002091","src-f34b2e52c801ad40","group-8ed919decca37d7a","train","frequency","sparse-jittered","65","0.03","0.25","0.6201698102522641","2.808456870168447","16.833189219233592","1.475371713421417","signals/train/signal-002091.csv","6ea9a0aadfc3288e0a2b768bdd6c12815c6436d453e3f70ca360f0d379909223","8259368d29392f6ea7a772cb1afdd04e2b6db239ba3489327808d9c7ec8ea169"
"signal-002092","src-f34b2e52c801ad40","group-8ed919decca37d7a","train","pri","clean","257","0","0","0.2949892545584589","2.0309006795287132","19.66731554369933","0.7736578551946955","signals/train/signal-002092.csv","8259f122b304cc12a37201e830403a5f84034ce9c6c5c13ebe7eeb6d3017c5ba","8259368d29392f6ea7a772cb1afdd04e2b6db239ba3489327808d9c7ec8ea169"
"signal-002093","src-f34b2e52c801ad40","group-8ed919decca37d7a","train","pri","noisy","129","0.01","0","0.8576489016413689","1.2410569222643972","11.839651076475409","1.2701435653886666","signals/train/signal-002093.csv","7ac057bb164787d947ed11b1032c4255dece65ce0dc3c9a4a8ce5c176c4cd2f4","8259368d29392f6ea7a772cb1afdd04e2b6db239ba3489327808d9c7ec8ea169"
"signal-002094","src-f34b2e52c801ad40","group-8ed919decca37d7a","train","pri","sparse-jittered","65","0.03","0.25","0.39636102598160505","3.073847104050219","16.326723353877114","2.150794360343193","signals/train/signal-002094.csv","698c5265637b330cf032f3ea1029a79488d89842959392431d1814d1be7e9cfd","8259368d29392f6ea7a772cb1afdd04e2b6db239ba3489327808d9c7ec8ea169"
"signal-002095","src-72387872f951da8f","group-e9d951c6ea5f0636","train","frequency","clean","257","0","0","0.2901216521859169","2.5168977411463858","12.413088165950057","1.4686678877876265","signals/train/signal-002095.csv","3476ce9cb569b12c22223bd91f3dd982aae3a78c8b1b70f654aa3efff36c2f1f","19290d8220a68fed4f00ebaf48c89454bc97e9aa0b8766e98ca43b15d705f862"
"signal-002096","src-72387872f951da8f","group-e9d951c6ea5f0636","train","frequency","noisy","129","0.01","0","0.07264945702627301","0.8789151070639492","19.733259880300437","1.9468365791175444","signals/train/signal-002096.csv","d99a42b16fa207428ef1fb8db74c1caa9309fb65a5865c86a5b67cd8997dc746","19290d8220a68fed4f00ebaf48c89454bc97e9aa0b8766e98ca43b15d705f862"
"signal-002097","src-72387872f951da8f","group-e9d951c6ea5f0636","train","frequency","sparse-jittered","65","0.03","0.25","0.38625218509696424","2.820562297478318","14.28767084320089","2.853052981217534","signals/train/signal-002097.csv","9a71b911830857fe83aaf90477f8e33e929d39f689fe8f0065b3a20b82f4c321","19290d8220a68fed4f00ebaf48c89454bc97e9aa0b8766e98ca43b15d705f862"
"signal-002098","src-72387872f951da8f","group-e9d951c6ea5f0636","train","pri","clean","257","0","0","0.6058030480053276","1.2418903533369303","12.112286121667973","1.5244928336150103","signals/train/signal-002098.csv","e869eba5ff42c48d3d9b630666bf1e93538d1c7bbe4e8450ccdf5359f4a4afc4","19290d8220a68fed4f00ebaf48c89454bc97e9aa0b8766e98ca43b15d705f862"
"signal-002099","src-72387872f951da8f","group-e9d951c6ea5f0636","train","pri","noisy","129","0.01","0","0.1632066136226058","1.8441682556644081","13.056781183900142","1.5098218714375786","signals/train/signal-002099.csv","0ad661ac0ba1c4c68cc4440d1627bb8bdd577e329ed5e9012ca6dcc154f697f0","19290d8220a68fed4f00ebaf48c89454bc97e9aa0b8766e98ca43b15d705f862"
"signal-002100","src-72387872f951da8f","group-e9d951c6ea5f0636","train","pri","sparse-jittered","65","0.03","0.25","0.43251729547046125","2.8897659722715616","17.74261273952394","1.977999288896335","signals/train/signal-002100.csv","5f87923cd6fec55ef5d30ac78b038b895182e6b3c94be7e094d9bed067fa6d80","19290d8220a68fed4f00ebaf48c89454bc97e9aa0b8766e98ca43b15d705f862"
"signal-002101","src-7541ac3c4ae3d048","group-30d64d5f1744c033","train","frequency","clean","257","0","0","0.4825078072026372","1.919027310051024","19.582843461143334","1.2094373941573267","signals/train/signal-002101.csv","5cdda823ca7bfd5e4904e234edd14b5117291355abe45f467389d7902b28d238","a2093542197d1676c9546d27a419a3296e61a98deb478c2e40071bb263635a9d"
"signal-002102","src-7541ac3c4ae3d048","group-30d64d5f1744c033","train","frequency","noisy","129","0.01","0","0.8007559045217931","2.277971004508436","11.06960472310299","2.3632978622844103","signals/train/signal-002102.csv","b9145c90c0ffd51bd38a50fdf5cec0d0c702e74ee10498bb37f6df72288a3bea","a2093542197d1676c9546d27a419a3296e61a98deb478c2e40071bb263635a9d"
"signal-002103","src-7541ac3c4ae3d048","group-30d64d5f1744c033","train","frequency","sparse-jittered","65","0.03","0.25","0.653856071876362","2.0489821545779705","14.136964650088057","2.8773390940712797","signals/train/signal-002103.csv","b764cfb09607ca0168d188a4c434e39f5bc1d61b796e698827df195648968133","a2093542197d1676c9546d27a419a3296e61a98deb478c2e40071bb263635a9d"
"signal-002104","src-7541ac3c4ae3d048","group-30d64d5f1744c033","train","pri","clean","257","0","0","0.1391354543156922","2.0374883798882366","18.800543130402726","1.2387783639563352","signals/train/signal-002104.csv","3e9dd4761db3046d4d1392053925819fb239e93a99c62232bcaf1479e66fba31","a2093542197d1676c9546d27a419a3296e61a98deb478c2e40071bb263635a9d"
"signal-002105","src-7541ac3c4ae3d048","group-30d64d5f1744c033","train","pri","noisy","129","0.01","0","0.5457147320266813","3.1446620125323532","14.62398722859225","2.668434329192504","signals/train/signal-002105.csv","5a43c92520f72a06b8c757f51770ed7968aa9357b5e17931f11e9cc0cb475c2f","a2093542197d1676c9546d27a419a3296e61a98deb478c2e40071bb263635a9d"
"signal-002106","src-7541ac3c4ae3d048","group-30d64d5f1744c033","train","pri","sparse-jittered","65","0.03","0.25","0.029539970448240638","2.8863363031297924","11.273359975924382","1.1427713047275336","signals/train/signal-002106.csv","f6a2517726903c5a67b848d429a312627c5842cb6050f503a169722d84e3cdba","a2093542197d1676c9546d27a419a3296e61a98deb478c2e40071bb263635a9d"
"signal-002107","src-176cd93f9ce7395b","group-988382d80a310872","calibration","frequency","clean","257","0","0","0.41095967241562903","0.8045646414160729","10.526318923698549","0.96680138228988","signals/calibration/signal-002107.csv","2a75c1319294fa3b3417a7470c1dfa205663850183e947a769db66a858b296f0","4b8d86d8c86dbb2449e669905a799c408ce9aed12186a0bce79b4796bf0f12a5"
"signal-002108","src-176cd93f9ce7395b","group-988382d80a310872","calibration","frequency","noisy","129","0.01","0","0.9033236987888813","3.0952166857197883","15.499656842144041","1.3346399535220996","signals/calibration/signal-002108.csv","2d944d0bbe7b672e11fb25fb5fb80febcc3cd1ec41fe7d54f7abd76bbde9b74f","4b8d86d8c86dbb2449e669905a799c408ce9aed12186a0bce79b4796bf0f12a5"
"signal-002109","src-176cd93f9ce7395b","group-988382d80a310872","calibration","frequency","sparse-jittered","65","0.03","0.25","0.7236933421809226","2.1942272908985614","14.82794013488138","2.2698893898032324","signals/calibration/signal-002109.csv","8f1db64531f7c3a02081399c9b1ae3f74e669b4da3fd1b893b185bf9246f10b2","4b8d86d8c86dbb2449e669905a799c408ce9aed12186a0bce79b4796bf0f12a5"
"signal-002110","src-176cd93f9ce7395b","group-988382d80a310872","calibration","pri","clean","257","0","0","0.6770625654608011","2.3879651920869946","18.0330158110485","1.562602916743618","signals/calibration/signal-002110.csv","aa8f1f44555ebf54a4b2f5c7bb93b0c2cdb013cbd145b3c4eb2fa4a59767744b","4b8d86d8c86dbb2449e669905a799c408ce9aed12186a0bce79b4796bf0f12a5"
"signal-002111","src-176cd93f9ce7395b","group-988382d80a310872","calibration","pri","noisy","129","0.01","0","0.52544712764211","0.8898981846868992","13.099757332801328","1.8333953141547763","signals/calibration/signal-002111.csv","d5895096746056f92ce8ab7a441237364c401db7cf3f633722c720458af5b12f","4b8d86d8c86dbb2449e669905a799c408ce9aed12186a0bce79b4796bf0f12a5"
"signal-002112","src-176cd93f9ce7395b","group-988382d80a310872","calibration","pri","sparse-jittered","65","0.03","0.25","0.22903827135451138","2.6242840878665445","12.663598269435202","1.7557988462776795","signals/calibration/signal-002112.csv","6394782fb9585ccf823669eab058e1ecc8fb15a42260207b36ac27ba0f9ea086","4b8d86d8c86dbb2449e669905a799c408ce9aed12186a0bce79b4796bf0f12a5"
"signal-002113","src-d7278d88fd32f680","group-1fcce656a2b550bb","test","frequency","clean","257","0","0","0.4006935933139175","2.0835141662508248","11.60064933991835","2.0206462457994157","signals/test/signal-002113.csv","1fa2f9aed4981fde8fad1d6d4cabb62519811ad7085cf0b0d290358d6b3dc456","3557955c205bea119b474046820b75216ac8101bdcbb5e0bfe8b1bafe67a623d"
"signal-002114","src-d7278d88fd32f680","group-1fcce656a2b550bb","test","frequency","noisy","129","0.01","0","0.7411820725537837","2.9883893443271514","12.245727638522716","1.4636349034071348","signals/test/signal-002114.csv","618b33e3f50054c05fff28bc33cf5be49306f0dd4d74a52afec36e864ff90394","3557955c205bea119b474046820b75216ac8101bdcbb5e0bfe8b1bafe67a623d"
"signal-002115","src-d7278d88fd32f680","group-1fcce656a2b550bb","test","frequency","sparse-jittered","65","0.03","0.25","0.7913298921193928","2.3938761208206416","13.429793692638196","2.0696225072418724","signals/test/signal-002115.csv","3a4c648d9a4fd3664a0631bc9781aa877e2ef5e9205aea7854bace695a5369dd","3557955c205bea119b474046820b75216ac8101bdcbb5e0bfe8b1bafe67a623d"
"signal-002116","src-d7278d88fd32f680","group-1fcce656a2b550bb","test","pri","clean","257","0","0","0.5524674823973328","1.5592980206012728","19.601314062992053","1.6211356357220126","signals/test/signal-002116.csv","b58818f74a05792e0415051a3df3a2ea6a3bcb8512f7c9474283c33213b61370","3557955c205bea119b474046820b75216ac8101bdcbb5e0bfe8b1bafe67a623d"
"signal-002117","src-d7278d88fd32f680","group-1fcce656a2b550bb","test","pri","noisy","129","0.01","0","0.3593894224613905","0.8813323127105832","14.31785679384899","0.8485580694305082","signals/test/signal-002117.csv","33084e02c1a33cdb439480dcb0c0fbc055002e6a67586d0ca08d413b1d383760","3557955c205bea119b474046820b75216ac8101bdcbb5e0bfe8b1bafe67a623d"
"signal-002118","src-d7278d88fd32f680","group-1fcce656a2b550bb","test","pri","sparse-jittered","65","0.03","0.25","0.21717963414266706","1.676475322060287","15.252239151509572","1.2979079844098003","signals/test/signal-002118.csv","0682ab9a1791707817444331b7b0dfc2b7d4e9ae95b879740a0c39c2bb8eaa81","3557955c205bea119b474046820b75216ac8101bdcbb5e0bfe8b1bafe67a623d"
"signal-002119","src-b8fe3b001831c024","group-a4255b2487653e21","validation","frequency","clean","257","0","0","0.000567511422559619","2.744669977948069","11.512184582348352","2.122033187968441","signals/validation/signal-002119.csv","25fe4fb65e4daa87e36ca648e53beff9dcda6031ace1bbcc88722b8b09f3d8b7","88ec02e6337fc6466e3e201ac4e83cff759d6e224b108643b1dc3919ba91eba6"
"signal-002120","src-b8fe3b001831c024","group-a4255b2487653e21","validation","frequency","noisy","129","0.01","0","0.8863531204406172","1.7062772944569589","17.419702705129843","1.943302280460486","signals/validation/signal-002120.csv","678b97ea4c2a85fb0bc05aa5e1f68ad46b0256420a20fdbf05eb189554174db1","88ec02e6337fc6466e3e201ac4e83cff759d6e224b108643b1dc3919ba91eba6"
"signal-002121","src-b8fe3b001831c024","group-a4255b2487653e21","validation","frequency","sparse-jittered","65","0.03","0.25","0.6995712965726852","2.3627144427970053","10.876195078346637","2.69871967623515","signals/validation/signal-002121.csv","2a79119e3d0288c5470ca8fc461e8c73902932544526be2c0f6e6de22f1d7792","88ec02e6337fc6466e3e201ac4e83cff759d6e224b108643b1dc3919ba91eba6"
"signal-002122","src-b8fe3b001831c024","group-a4255b2487653e21","validation","pri","clean","257","0","0","0.836879561888054","2.873344450443983","15.995484772486565","1.6409840703544027","signals/validation/signal-002122.csv","186c80c4ae4d218e32bc84ac6c537549abca8c367c185149820fd36f884f35a4","88ec02e6337fc6466e3e201ac4e83cff759d6e224b108643b1dc3919ba91eba6"
"signal-002123","src-b8fe3b001831c024","group-a4255b2487653e21","validation","pri","noisy","129","0.01","0","0.2653411941137165","2.9628245804458855","17.302012453970853","2.2967774098382954","signals/validation/signal-002123.csv","3bc42b1fdc2c898195584555b25660523034921f1ff41c538e89edfb83ad4b80","88ec02e6337fc6466e3e201ac4e83cff759d6e224b108643b1dc3919ba91eba6"
"signal-002124","src-b8fe3b001831c024","group-a4255b2487653e21","validation","pri","sparse-jittered","65","0.03","0.25","0.26761286542750895","1.40194151699543","10.305351381369455","2.9295133594844227","signals/validation/signal-002124.csv","efc455f9ef649019463d2ad276f3e4712f6f5bd8ea29ffaf3da6854c779dd950","88ec02e6337fc6466e3e201ac4e83cff759d6e224b108643b1dc3919ba91eba6"
"signal-002125","src-40058f7cc8dc6612","group-9392e8602d3271ad","test","frequency","clean","257","0","0","0.9189680777490139","2.142996239848435","10.76282618267876","0.7222887291333002","signals/test/signal-002125.csv","57ab03b855220b2517e99c86c8f0e52630c41de4813b4fda40b9776d2cfdab0a","560479b5a15a210e6592aa50e7dc4258fa1a56696f47d46f5d8229eb65e3815d"
"signal-002126","src-40058f7cc8dc6612","group-9392e8602d3271ad","test","frequency","noisy","129","0.01","0","0.3197334948927164","1.3583815949037672","19.575150246389043","1.6733961429505868","signals/test/signal-002126.csv","a7d6345f03a60c45433583544a8449342f70e4e88a944f43c0f80e0dbd10731c","560479b5a15a210e6592aa50e7dc4258fa1a56696f47d46f5d8229eb65e3815d"
"signal-002127","src-40058f7cc8dc6612","group-9392e8602d3271ad","test","frequency","sparse-jittered","65","0.03","0.25","0.12612645467743278","1.9496463051065802","18.282487268697267","1.1518626438890571","signals/test/signal-002127.csv","69bd5ba112b5af4b5c78d20de03723ce7183734d5dce13a131827036107fdf26","560479b5a15a210e6592aa50e7dc4258fa1a56696f47d46f5d8229eb65e3815d"
"signal-002128","src-40058f7cc8dc6612","group-9392e8602d3271ad","test","pri","clean","257","0","0","0.5741775471251458","2.8126672800630335","18.20821295528767","0.703632731793931","signals/test/signal-002128.csv","6a0924e78e1b47bd64c1304a05396ddb9c8febf22da2f9703e5b6a2631eb2133","560479b5a15a210e6592aa50e7dc4258fa1a56696f47d46f5d8229eb65e3815d"
"signal-002129","src-40058f7cc8dc6612","group-9392e8602d3271ad","test","pri","noisy","129","0.01","0","0.2535213839728385","3.178426266461611","17.247313495781384","1.911241125977238","signals/test/signal-002129.csv","4484c65f58e6523e5f30f3ce9837925e9db9809cb0d09e54ca305ca90d0fa480","560479b5a15a210e6592aa50e7dc4258fa1a56696f47d46f5d8229eb65e3815d"
"signal-002130","src-40058f7cc8dc6612","group-9392e8602d3271ad","test","pri","sparse-jittered","65","0.03","0.25","0.6492086506914347","2.628154031559825","12.695209194698926","1.6768560122480878","signals/test/signal-002130.csv","a4d52f04315bf68def7a0f17f08368db508b2001533522f6ad2f06b9ac7a19f9","560479b5a15a210e6592aa50e7dc4258fa1a56696f47d46f5d8229eb65e3815d"
"signal-002131","src-ba05aa6f17f48621","group-4517a2409a3d1205","train","frequency","clean","257","0","0","0.3989511120598763","1.4317629750818015","17.63608820969239","1.1802211289294036","signals/train/signal-002131.csv","6e32e0a7b4947aaa0890a41a6555e0eb0b8670e5f278b70a2d4f2d465eb451a6","c828c32ba661e1aedb09615661418a7e232adfc93b28d3c74bea665c602241b3"
"signal-002132","src-ba05aa6f17f48621","group-4517a2409a3d1205","train","frequency","noisy","129","0.01","0","0.3962397729046643","1.1612646160647273","10.643049260235026","1.7102641905411389","signals/train/signal-002132.csv","9b4dbea68e81d3a39845ebc85616e3acc69319ca888041d63cc0313fd9216633","c828c32ba661e1aedb09615661418a7e232adfc93b28d3c74bea665c602241b3"
"signal-002133","src-ba05aa6f17f48621","group-4517a2409a3d1205","train","frequency","sparse-jittered","65","0.03","0.25","0.7430847550276667","1.374324379861355","11.081060610485547","2.3311790350381827","signals/train/signal-002133.csv","e19ee623dff0cd79c6bd9a95d403d989957c788fedb143e896f0814da4d9bf0e","c828c32ba661e1aedb09615661418a7e232adfc93b28d3c74bea665c602241b3"
"signal-002134","src-ba05aa6f17f48621","group-4517a2409a3d1205","train","pri","clean","257","0","0","0.9250619800295681","1.3583888921886684","10.155556157696992","2.8790361722931266","signals/train/signal-002134.csv","ee0cd201eee66b752f483f58cfcdd07f5b1cf6e615705b6af3516c7e8ab4fe53","c828c32ba661e1aedb09615661418a7e232adfc93b28d3c74bea665c602241b3"
"signal-002135","src-ba05aa6f17f48621","group-4517a2409a3d1205","train","pri","noisy","129","0.01","0","0.17900144634768367","2.57774277087301","14.372664002477158","2.5800666710792157","signals/train/signal-002135.csv","94c016e5777b3f59a0a6d53da544ce84ef8fd92d7832b4818175e8f5a496c551","c828c32ba661e1aedb09615661418a7e232adfc93b28d3c74bea665c602241b3"
"signal-002136","src-ba05aa6f17f48621","group-4517a2409a3d1205","train","pri","sparse-jittered","65","0.03","0.25","0.8878943999297917","1.5331032393500208","15.09515753556876","2.9725231079167624","signals/train/signal-002136.csv","f26cf4b09afd038cce672391000041bfc64b7f4175d4322e777bfd7e67d8a3a1","c828c32ba661e1aedb09615661418a7e232adfc93b28d3c74bea665c602241b3"
"signal-002137","src-ed22b2922efb0e2c","group-518e3a1bdc5e7576","train","frequency","clean","257","0","0","0.2166365017183125","1.3072100637480617","18.324680509498695","1.0602599062450082","signals/train/signal-002137.csv","c13113256e8b7ed5a8236907ab966529331d726f35cdb6aa1a937a0f5aa03c8d","3226557b5fc14b93458d3a6e9c4316fed7e53d6af8e576ccf06b8d5a2af518c2"
"signal-002138","src-ed22b2922efb0e2c","group-518e3a1bdc5e7576","train","frequency","noisy","129","0.01","0","0.241199103416875","1.4181779898703097","18.673871802628952","2.495602267171563","signals/train/signal-002138.csv","422c4d066074f53a6c569d405da06a1763d6d66b9c50791a0d6b1d28d47115da","3226557b5fc14b93458d3a6e9c4316fed7e53d6af8e576ccf06b8d5a2af518c2"
"signal-002139","src-ed22b2922efb0e2c","group-518e3a1bdc5e7576","train","frequency","sparse-jittered","65","0.03","0.25","0.8936487592291087","2.911363045498729","14.792697388886804","2.485243090339978","signals/train/signal-002139.csv","ff5831db582bf972857eff5155c8e4785fdb31d84875c40e50b8e6462ff346e2","3226557b5fc14b93458d3a6e9c4316fed7e53d6af8e576ccf06b8d5a2af518c2"
"signal-002140","src-ed22b2922efb0e2c","group-518e3a1bdc5e7576","train","pri","clean","257","0","0","0.36129052960313857","1.9139603093266486","17.29352106496455","0.8482077128700389","signals/train/signal-002140.csv","cddd07b417c6b674fef970ee4d6f49d4eef38ccdeb73cf73effd22e01abdbd19","3226557b5fc14b93458d3a6e9c4316fed7e53d6af8e576ccf06b8d5a2af518c2"
"signal-002141","src-ed22b2922efb0e2c","group-518e3a1bdc5e7576","train","pri","noisy","129","0.01","0","0.28741505718789995","1.06504913456738","16.15500838105575","0.9360154624957016","signals/train/signal-002141.csv","ebf64a98946bdb944f4473979adac27bba1ba6dfc032e3bc165543e8b2196ab4","3226557b5fc14b93458d3a6e9c4316fed7e53d6af8e576ccf06b8d5a2af518c2"
"signal-002142","src-ed22b2922efb0e2c","group-518e3a1bdc5e7576","train","pri","sparse-jittered","65","0.03","0.25","0.40882675908505917","3.0971970723941924","10.51629666901552","0.8292971315781017","signals/train/signal-002142.csv","6c913b42a29c0aa29eb6ca9ad8e858250dc71aadc11083bbcf70c2a0b3f5eeb1","3226557b5fc14b93458d3a6e9c4316fed7e53d6af8e576ccf06b8d5a2af518c2"
"signal-002143","src-8868de71e43e80ad","group-bab2694b39a573fc","calibration","frequency","clean","257","0","0","0.1033861325122416","0.8112505508586765","10.790546140345242","2.2790089405262695","signals/calibration/signal-002143.csv","4fe8c0a1daaefabee075d507c1757056a5bf93d5f7e964ee4be5386e9b307146","8016bf98bc3e719ae86516f471d4dd8594221a2a18be512a9392e7844032c8b0"
"signal-002144","src-8868de71e43e80ad","group-bab2694b39a573fc","calibration","frequency","noisy","129","0.01","0","0.33980645961128175","1.7421672035008668","12.627663869798047","0.9225365840086575","signals/calibration/signal-002144.csv","6c6d5c366c5a3d00ac33e294c12cc36e2255b1e7666f29addaaabdcbe8efddf2","8016bf98bc3e719ae86516f471d4dd8594221a2a18be512a9392e7844032c8b0"
"signal-002145","src-8868de71e43e80ad","group-bab2694b39a573fc","calibration","frequency","sparse-jittered","65","0.03","0.25","0.5115410261787474","1.7137990875169635","14.972268020230178","1.7161104755991765","signals/calibration/signal-002145.csv","6308d317ad0da476b0b613827999490b7f356a9a5586d9c9b02bd13abec36044","8016bf98bc3e719ae86516f471d4dd8594221a2a18be512a9392e7844032c8b0"
"signal-002146","src-8868de71e43e80ad","group-bab2694b39a573fc","calibration","pri","clean","257","0","0","0.6816620009485632","1.458849360048771","15.823326039320381","1.756273456238814","signals/calibration/signal-002146.csv","a8d319e25f05f70b10b6086639638a9fb42685a86f970ba5b8c062cd487e9fe0","8016bf98bc3e719ae86516f471d4dd8594221a2a18be512a9392e7844032c8b0"
"signal-002147","src-8868de71e43e80ad","group-bab2694b39a573fc","calibration","pri","noisy","129","0.01","0","0.25088254595175385","1.2119005424901843","17.146651114615516","3.0424168443764934","signals/calibration/signal-002147.csv","c9475344785642a80f3e5a4aa97a464d083b595167a127dbf2858ea3accbe25e","8016bf98bc3e719ae86516f471d4dd8594221a2a18be512a9392e7844032c8b0"
"signal-002148","src-8868de71e43e80ad","group-bab2694b39a573fc","calibration","pri","sparse-jittered","65","0.03","0.25","0.46187594672665","2.122324883006513","14.156208061007021","2.566137117907486","signals/calibration/signal-002148.csv","25294bbebc39cd8d7f823689a20c67270cca7fed8ac8ea5a9c10b3a473b9ca15","8016bf98bc3e719ae86516f471d4dd8594221a2a18be512a9392e7844032c8b0"
"signal-002149","src-d2d5a671c00da9a7","group-c17ce31197e79749","train","frequency","clean","257","0","0","0.15859506418928504","0.9028714468702674","19.423814907529735","2.1164723181745657","signals/train/signal-002149.csv","3a466eb14c145696ebc54f18daf1d34f859feb6c483370865e1588a763153034","b05bc418cb64c1ae078807c250298a8373e259e0e7bc8efcc1f31dff2543ecf5"
"signal-002150","src-d2d5a671c00da9a7","group-c17ce31197e79749","train","frequency","noisy","129","0.01","0","0.8934390761423856","2.2273607216775417","12.372349834569672","2.20990821919942","signals/train/signal-002150.csv","633573f6910c77ca547dd31df58e21afd873e4d47145e06c17b381491500299f","b05bc418cb64c1ae078807c250298a8373e259e0e7bc8efcc1f31dff2543ecf5"
"signal-002151","src-d2d5a671c00da9a7","group-c17ce31197e79749","train","frequency","sparse-jittered","65","0.03","0.25","0.2995793374720961","2.2893416836857794","12.624640386875935","1.802906234063391","signals/train/signal-002151.csv","7a358fe0cba55182cc92f143a30d6f474b88105c5ed08764ec6ad2396e2ba0a9","b05bc418cb64c1ae078807c250298a8373e259e0e7bc8efcc1f31dff2543ecf5"
"signal-002152","src-d2d5a671c00da9a7","group-c17ce31197e79749","train","pri","clean","257","0","0","0.9243205855600536","2.950195235572755","16.212935564787244","1.7372731006341784","signals/train/signal-002152.csv","b35652e2ff3077b5a6f807b094b02562a80647c2564ed2de1e3fef28a3849cad","b05bc418cb64c1ae078807c250298a8373e259e0e7bc8efcc1f31dff2543ecf5"
"signal-002153","src-d2d5a671c00da9a7","group-c17ce31197e79749","train","pri","noisy","129","0.01","0","0.9403995107859373","1.535076736100018","12.377472703830323","1.419683262362998","signals/train/signal-002153.csv","d39f75129adeb740188319036e1c7e0f5af0a0280c29a02e75737edde479c877","b05bc418cb64c1ae078807c250298a8373e259e0e7bc8efcc1f31dff2543ecf5"
"signal-002154","src-d2d5a671c00da9a7","group-c17ce31197e79749","train","pri","sparse-jittered","65","0.03","0.25","0.7350492835976183","2.2117076409980654","10.070889835936637","1.9126509469384825","signals/train/signal-002154.csv","2417d77b15194b71f6fdf0ff9ddbb640d64ac79c42685076110826cc6c844bc8","b05bc418cb64c1ae078807c250298a8373e259e0e7bc8efcc1f31dff2543ecf5"
"signal-002155","src-49325e1397217edb","group-93c22c93c879d94b","train","frequency","clean","257","0","0","0.10226339590735734","3.156731102615595","10.021448887449388","0.9671803422100531","signals/train/signal-002155.csv","6a2a38cd52c1a04c62bdfd9cf61c4b47f5107fff333f78ab4855afd0e50e3a84","1334f3232714c25510726e87980650570c1a4c1b094754559b1100a120705d39"
"signal-002156","src-49325e1397217edb","group-93c22c93c879d94b","train","frequency","noisy","129","0.01","0","0.13057108200155199","0.8303387869149447","17.65453190382905","2.4009050423263076","signals/train/signal-002156.csv","e2e5c540576fbaea57d57472e88c169f2711696d722799ca332b9e06b7900db9","1334f3232714c25510726e87980650570c1a4c1b094754559b1100a120705d39"
"signal-002157","src-49325e1397217edb","group-93c22c93c879d94b","train","frequency","sparse-jittered","65","0.03","0.25","0.5197656638920307","3.1859483065083625","16.542141438286436","1.7028717019175055","signals/train/signal-002157.csv","8804b0e4384b402be3d8ce3965305375a5926f0c557d6314949b9f595e3a9047","1334f3232714c25510726e87980650570c1a4c1b094754559b1100a120705d39"
"signal-002158","src-49325e1397217edb","group-93c22c93c879d94b","train","pri","clean","257","0","0","0.8090755143202841","0.8543247444555164","12.757649961136842","1.6010010349931125","signals/train/signal-002158.csv","8e18400598eb7390852589fb5abe0f70c1ad5e5605ad2fb7ec2c22a87dc904ca","1334f3232714c25510726e87980650570c1a4c1b094754559b1100a120705d39"
"signal-002159","src-49325e1397217edb","group-93c22c93c879d94b","train","pri","noisy","129","0.01","0","0.805059841601178","1.684748124703765","11.414942169652562","1.684498471586089","signals/train/signal-002159.csv","f2dfb07af865e2a4d5519f48e52e39940030aa29e82e783d935528ca36d7533b","1334f3232714c25510726e87980650570c1a4c1b094754559b1100a120705d39"
"signal-002160","src-49325e1397217edb","group-93c22c93c879d94b","train","pri","sparse-jittered","65","0.03","0.25","0.6664459991734475","1.5677367385476828","16.491594411053953","0.9465926871626458","signals/train/signal-002160.csv","8963ebf419d873aee6e5b0b3fae08b11ebf0b6baa55291eeb7b88d294fd97bc9","1334f3232714c25510726e87980650570c1a4c1b094754559b1100a120705d39"
"signal-002161","src-a3bfa833315f7528","group-dab057e9b4a22f6d","train","frequency","clean","257","0","0","0.3738488624803722","2.4993857091292737","17.35001116811692","2.6686551276240316","signals/train/signal-002161.csv","611f72c6615d6d983a30ac654f744b186cd98a0f9d7f61cc2ae29ba763f4e4c4","6c0d52503c042dd50bedabf8c71ce1ca9bc69c361ff1c6f01b48e477b5a6cbcc"
"signal-002162","src-a3bfa833315f7528","group-dab057e9b4a22f6d","train","frequency","noisy","129","0.01","0","0.8725237743929029","1.0327358478680253","16.686717739731794","1.742715855093003","signals/train/signal-002162.csv","bd9e673f2bd39475c4a994a0f669fb276a0d7e4bd71357c25f23efea0b35fc5e","6c0d52503c042dd50bedabf8c71ce1ca9bc69c361ff1c6f01b48e477b5a6cbcc"
"signal-002163","src-a3bfa833315f7528","group-dab057e9b4a22f6d","train","frequency","sparse-jittered","65","0.03","0.25","0.031580887734889984","2.9929534705355767","16.83359101650744","1.9208162644956204","signals/train/signal-002163.csv","4b21cf0428303518b0a0eb2b12a2694a2e1108c74e117a101c77d94ab0655d8d","6c0d52503c042dd50bedabf8c71ce1ca9bc69c361ff1c6f01b48e477b5a6cbcc"
"signal-002164","src-a3bfa833315f7528","group-dab057e9b4a22f6d","train","pri","clean","257","0","0","0.2205719114281237","1.0787559999153018","10.405488566005545","1.2007264073386725","signals/train/signal-002164.csv","678f802ba89738cd5270c3b1625051b2e32f2345d9407162a084580bc594ffa9","6c0d52503c042dd50bedabf8c71ce1ca9bc69c361ff1c6f01b48e477b5a6cbcc"
"signal-002165","src-a3bfa833315f7528","group-dab057e9b4a22f6d","train","pri","noisy","129","0.01","0","0.3592218994162977","2.2530535152181983","15.279530213865229","1.0248491377301363","signals/train/signal-002165.csv","84c57632ab0f782bcb135c6d7fca5a2a33c196fd4c86c70a95e8ff3a80197eb3","6c0d52503c042dd50bedabf8c71ce1ca9bc69c361ff1c6f01b48e477b5a6cbcc"
"signal-002166","src-a3bfa833315f7528","group-dab057e9b4a22f6d","train","pri","sparse-jittered","65","0.03","0.25","0.5041299357544631","2.278713096305728","17.83784625878336","2.0108050747045922","signals/train/signal-002166.csv","a30c08846248988005e1bb2c7586a56ceb4c9d21c28ea0eca81e13303200c78e","6c0d52503c042dd50bedabf8c71ce1ca9bc69c361ff1c6f01b48e477b5a6cbcc"
"signal-002167","src-6ace68cf5e7e27cf","group-011b7d0d854b038d","calibration","frequency","clean","257","0","0","0.5544978813268244","2.102776141278446","13.427466330056589","0.7985114142463807","signals/calibration/signal-002167.csv","c4e7cf61f46f295e007be60e1de4a6b12126e00a575279517467cdc3232110b7","a9eda2d9c07aec395f29db148a88c54d2b80502b2fbce8b210b1e0e37b08d894"
"signal-002168","src-6ace68cf5e7e27cf","group-011b7d0d854b038d","calibration","frequency","noisy","129","0.01","0","0.08623094926588237","2.6801210086792704","10.787792006744908","0.889848809632058","signals/calibration/signal-002168.csv","a19b738ac7b74c10d302d094602a31c653a3ab43cd2c037a56535836809a0ecd","a9eda2d9c07aec395f29db148a88c54d2b80502b2fbce8b210b1e0e37b08d894"
"signal-002169","src-6ace68cf5e7e27cf","group-011b7d0d854b038d","calibration","frequency","sparse-jittered","65","0.03","0.25","0.6612438515294343","3.0590389661490915","14.167973194168884","1.006864462955532","signals/calibration/signal-002169.csv","e6bacf106fa90b1aa9f6e3287100ce91976451b4f0c7197d798fbacde9493207","a9eda2d9c07aec395f29db148a88c54d2b80502b2fbce8b210b1e0e37b08d894"
"signal-002170","src-6ace68cf5e7e27cf","group-011b7d0d854b038d","calibration","pri","clean","257","0","0","0.3293199527543038","0.888280051574111","10.501465532294244","2.9105038353911823","signals/calibration/signal-002170.csv","1600afeba22ea65c51c477b456e0db42a6abd92fb1739231ef3468d092669f5c","a9eda2d9c07aec395f29db148a88c54d2b80502b2fbce8b210b1e0e37b08d894"
"signal-002171","src-6ace68cf5e7e27cf","group-011b7d0d854b038d","calibration","pri","noisy","129","0.01","0","0.9889433176722378","0.9449245844036341","19.828011084828383","2.5109877713366195","signals/calibration/signal-002171.csv","4729de996e32aad05d87e6691fbfc44792022ff1132ce0fcfe79add58f0796c0","a9eda2d9c07aec395f29db148a88c54d2b80502b2fbce8b210b1e0e37b08d894"
"signal-002172","src-6ace68cf5e7e27cf","group-011b7d0d854b038d","calibration","pri","sparse-jittered","65","0.03","0.25","0.15878218063153327","2.804110227525234","10.601035345748992","1.0600351364921607","signals/calibration/signal-002172.csv","c866e29dcb98f25fde509d34b5bf3e3fa9182a97dade3bb87400fd9de92eca49","a9eda2d9c07aec395f29db148a88c54d2b80502b2fbce8b210b1e0e37b08d894"
"signal-002173","src-8a5f5c194a730d80","group-dbe6a3a564e421d9","train","frequency","clean","257","0","0","0.7008660989813507","3.1885179555043575","18.401934205361364","2.2155407642783267","signals/train/signal-002173.csv","7093acd778d0944539ad777ab5fe31c2023d621e1dc2210fdd7acb96554bf0bf","3410c4a1c024044dba7d3983c82e917b6658d20d07a7c091d248ca06d7743922"
"signal-002174","src-8a5f5c194a730d80","group-dbe6a3a564e421d9","train","frequency","noisy","129","0.01","0","0.6607716481667012","1.8996982898563146","12.770043808562267","2.875928010001367","signals/train/signal-002174.csv","a31a9b4c62f14129fda8677378a32b10597fe26ed03a044513fcf549725db3a3","3410c4a1c024044dba7d3983c82e917b6658d20d07a7c091d248ca06d7743922"
"signal-002175","src-8a5f5c194a730d80","group-dbe6a3a564e421d9","train","frequency","sparse-jittered","65","0.03","0.25","0.18923173076473176","1.7774565268307925","12.452301591187382","1.029208753014844","signals/train/signal-002175.csv","d356291b8a2af5ed2bcccc633d1c53b63d15d3c48024558ac997b3f6cb54dea0","3410c4a1c024044dba7d3983c82e917b6658d20d07a7c091d248ca06d7743922"
"signal-002176","src-8a5f5c194a730d80","group-dbe6a3a564e421d9","train","pri","clean","257","0","0","0.4655487989075482","1.7698583422228693","15.098574362398026","1.6008896812695","signals/train/signal-002176.csv","0f7340c74d554f96138550d078dca62bffaaebe8e4f461f8bad51fe9bf4eaa5e","3410c4a1c024044dba7d3983c82e917b6658d20d07a7c091d248ca06d7743922"
"signal-002177","src-8a5f5c194a730d80","group-dbe6a3a564e421d9","train","pri","noisy","129","0.01","0","0.017164084827527404","1.3464566070586443","13.5310735203323","2.926799152665202","signals/train/signal-002177.csv","0c35fb2e7efd45080e328b7fd302bccd53abd7a4a2e7e52933418c87c348eb32","3410c4a1c024044dba7d3983c82e917b6658d20d07a7c091d248ca06d7743922"
"signal-002178","src-8a5f5c194a730d80","group-dbe6a3a564e421d9","train","pri","sparse-jittered","65","0.03","0.25","0.36526582459919155","1.044066045805812","17.50084215077597","1.2791307523387445","signals/train/signal-002178.csv","1ab24aa08d8cf973a8db02b5f028748ea9a398aab5eb8ce8b426d30a8cae206a","3410c4a1c024044dba7d3983c82e917b6658d20d07a7c091d248ca06d7743922"
"signal-002179","src-a0e96b1346da3403","group-90e3b52db441cfd3","train","frequency","clean","257","0","0","0.8791146369185299","2.079467025771737","12.57350420225234","2.66991930702887","signals/train/signal-002179.csv","b5c802caba0746587762bf0e635d1c7adc7a6f172773df14d3c2483ffc2e6c68","091f06ed62565cf4180f78a69c9043c53e53a122348d645b673ac6713ba72808"
"signal-002180","src-a0e96b1346da3403","group-90e3b52db441cfd3","train","frequency","noisy","129","0.01","0","0.40790960867889225","2.1037431083619595","19.825266916740688","2.6729276543468856","signals/train/signal-002180.csv","7dc15b05ba2b25b020c8a2b786267bf26e449978f76e3cf920b0046e87a4fa68","091f06ed62565cf4180f78a69c9043c53e53a122348d645b673ac6713ba72808"
"signal-002181","src-a0e96b1346da3403","group-90e3b52db441cfd3","train","frequency","sparse-jittered","65","0.03","0.25","0.8745746221393347","1.9718535350635649","16.973690137711774","2.2139732222544186","signals/train/signal-002181.csv","bcbebae7630db0c5f1c96600c7db23aeddfa386d9d342d654d35a33fffa6ce4b","091f06ed62565cf4180f78a69c9043c53e53a122348d645b673ac6713ba72808"
"signal-002182","src-a0e96b1346da3403","group-90e3b52db441cfd3","train","pri","clean","257","0","0","0.3235188405960798","2.1583855973556636","13.970843269854154","1.7605379299207922","signals/train/signal-002182.csv","904f42e78d57f4d4cae8792fa797a664c02edb1f7fe1506e6528e2d4c70977fc","091f06ed62565cf4180f78a69c9043c53e53a122348d645b673ac6713ba72808"
"signal-002183","src-a0e96b1346da3403","group-90e3b52db441cfd3","train","pri","noisy","129","0.01","0","0.5230195538606495","2.080787155404687","18.356960192599537","1.2837374330761513","signals/train/signal-002183.csv","516b0327cb35d408797b7ac3406921b58dd6520c95a0bd0811286908645925ab","091f06ed62565cf4180f78a69c9043c53e53a122348d645b673ac6713ba72808"
"signal-002184","src-a0e96b1346da3403","group-90e3b52db441cfd3","train","pri","sparse-jittered","65","0.03","0.25","0.7039035921916366","1.7898646095767616","18.994551270930295","2.873755512440141","signals/train/signal-002184.csv","549c082ee41d22c2ae01f8ba530a053aa9d35b513b2fc86fc472bf01cac3161d","091f06ed62565cf4180f78a69c9043c53e53a122348d645b673ac6713ba72808"
"signal-002185","src-f274b90d76f41dc5","group-ae69cc42c043c173","test","frequency","clean","257","0","0","0.17776781995780766","1.7261738382279872","10.311299023101908","2.2382309804028644","signals/test/signal-002185.csv","686f24647d88ff72ccd284a115045735130f44bb3f7e8e8080f4dd164f9e24ea","696c8df5a90819dbafe36d38dd72240a658d4eb044a52e4bbb5201119f7233eb"
"signal-002186","src-f274b90d76f41dc5","group-ae69cc42c043c173","test","frequency","noisy","129","0.01","0","0.8540075405035168","1.5617819517850875","17.009941679446406","2.776524032110501","signals/test/signal-002186.csv","73f351266d8ffa3188458360ff7a69a09a4b918a182b87990962823286750329","696c8df5a90819dbafe36d38dd72240a658d4eb044a52e4bbb5201119f7233eb"
"signal-002187","src-f274b90d76f41dc5","group-ae69cc42c043c173","test","frequency","sparse-jittered","65","0.03","0.25","0.40080725750885904","1.3755690712481736","13.645579149691418","2.790334636587506","signals/test/signal-002187.csv","6f36676c558b62908d78f421abdfffc1171470a5150fc15636a53f8b29a80ec8","696c8df5a90819dbafe36d38dd72240a658d4eb044a52e4bbb5201119f7233eb"
"signal-002188","src-f274b90d76f41dc5","group-ae69cc42c043c173","test","pri","clean","257","0","0","0.729290098650381","2.333323435112834","18.988814232446963","1.997945026513385","signals/test/signal-002188.csv","d7a8f2437b75504743bc19fe55943cc9c5085691a7e9cd49836340de3f3e5370","696c8df5a90819dbafe36d38dd72240a658d4eb044a52e4bbb5201119f7233eb"
"signal-002189","src-f274b90d76f41dc5","group-ae69cc42c043c173","test","pri","noisy","129","0.01","0","0.02172927651554346","1.704868700541556","18.067823436418205","2.039698538073459","signals/test/signal-002189.csv","ae8d88fac3efb18e4d53d81d7429b8357cfacc51582d351adee18d7bf742d8c0","696c8df5a90819dbafe36d38dd72240a658d4eb044a52e4bbb5201119f7233eb"
"signal-002190","src-f274b90d76f41dc5","group-ae69cc42c043c173","test","pri","sparse-jittered","65","0.03","0.25","0.6839156749192625","2.797888334095478","18.488515674236154","0.7484960654973989","signals/test/signal-002190.csv","cf5a908dad5b6686e46dff507eb2ec96b16b2f41efc63e40fdeca385ee2bb09f","696c8df5a90819dbafe36d38dd72240a658d4eb044a52e4bbb5201119f7233eb"
"signal-002191","src-56e2f6333f35c963","group-2ed912059acf8e0f","train","frequency","clean","257","0","0","0.44714749651029706","2.644292223267257","19.49779654088227","1.1028352644467638","signals/train/signal-002191.csv","67dd35c0d563d55928ff802f49d8ac0dbecd854901b0ef1d56f2036f8a1d82ef","167b87cc9939b79e99b094602dc71fd906d712c5cba836d3bccccd342f9b80d6"
"signal-002192","src-56e2f6333f35c963","group-2ed912059acf8e0f","train","frequency","noisy","129","0.01","0","0.38597592641599476","0.8998152635991574","13.19149453292027","2.514014508868245","signals/train/signal-002192.csv","56c9ac06180bd7d6196f501fb0134c1801a6330c927188774544c7ca3fb6f2c0","167b87cc9939b79e99b094602dc71fd906d712c5cba836d3bccccd342f9b80d6"
"signal-002193","src-56e2f6333f35c963","group-2ed912059acf8e0f","train","frequency","sparse-jittered","65","0.03","0.25","0.8604753420222551","2.0712145380675793","17.261811873852025","1.1820776340983379","signals/train/signal-002193.csv","395b46e8ba4594205e5f06a7114ec605ba1f410fb672b1f5b472fe23bfbfa40e","167b87cc9939b79e99b094602dc71fd906d712c5cba836d3bccccd342f9b80d6"
"signal-002194","src-56e2f6333f35c963","group-2ed912059acf8e0f","train","pri","clean","257","0","0","0.8228637066204101","1.051952452212572","13.842013111050953","1.4196560252674306","signals/train/signal-002194.csv","4deaa7cff3d797d8a279ff31a0e906d08d144e48a1436001fb9a87c3478dea0c","167b87cc9939b79e99b094602dc71fd906d712c5cba836d3bccccd342f9b80d6"
"signal-002195","src-56e2f6333f35c963","group-2ed912059acf8e0f","train","pri","noisy","129","0.01","0","0.13009405182674527","1.1068526444956661","15.264803014212827","1.8832818253445556","signals/train/signal-002195.csv","46c0c56e43d952e7aec0d4cec1ceab49a4bbc0d257940e41bcabf55be0c32ad9","167b87cc9939b79e99b094602dc71fd906d712c5cba836d3bccccd342f9b80d6"
"signal-002196","src-56e2f6333f35c963","group-2ed912059acf8e0f","train","pri","sparse-jittered","65","0.03","0.25","0.3992584445513785","2.9356183035299184","17.53228215198376","1.8427726995884086","signals/train/signal-002196.csv","93eee4f858ffc16f8976cd5c46714fe1945f46cf3099be617e0d6db70d99f1d2","167b87cc9939b79e99b094602dc71fd906d712c5cba836d3bccccd342f9b80d6"
"signal-002197","src-31620069fdd7f187","group-2e8ef03677ba5966","test","frequency","clean","257","0","0","0.4439247625414282","1.6124489560723305","19.02157361309255","0.7087962141984612","signals/test/signal-002197.csv","ea719daebb267d647407b4edfcff2f9e510a1a3b15d7b0b5c29339699899eb24","5d491e8ed6837d7edbe56a03486798db12e5e1d7c6ee9f880122dd4ab949cd27"
"signal-002198","src-31620069fdd7f187","group-2e8ef03677ba5966","test","frequency","noisy","129","0.01","0","0.20455136592499912","2.2895076107233763","13.42665491843046","2.5265171855924713","signals/test/signal-002198.csv","c4af2df0855a98853ff4261d9953c6e4146a9c4b0d6874424741024efe7910bd","5d491e8ed6837d7edbe56a03486798db12e5e1d7c6ee9f880122dd4ab949cd27"
"signal-002199","src-31620069fdd7f187","group-2e8ef03677ba5966","test","frequency","sparse-jittered","65","0.03","0.25","0.9354033570270985","2.4276218976825477","17.936053019600394","0.694023540840913","signals/test/signal-002199.csv","00872feaa437b953a2bd7c54799100a98e15db8aeacaca0537403eeb2133d0b0","5d491e8ed6837d7edbe56a03486798db12e5e1d7c6ee9f880122dd4ab949cd27"
"signal-002200","src-31620069fdd7f187","group-2e8ef03677ba5966","test","pri","clean","257","0","0","0.5830453217495233","2.9885520689189438","10.831917171205664","2.740330171802606","signals/test/signal-002200.csv","eb0aa7ad8a06b307b4dc04a3c9f0dc69ee7c91c6984b797cf085286dd0a80e3a","5d491e8ed6837d7edbe56a03486798db12e5e1d7c6ee9f880122dd4ab949cd27"
"signal-002201","src-31620069fdd7f187","group-2e8ef03677ba5966","test","pri","noisy","129","0.01","0","0.87897709896788","1.241795234940946","12.435798508985247","2.229805479699545","signals/test/signal-002201.csv","6519c31ca2874728fb9b4954cc508a53d9ca516ef6d36f7ee62f7b3a3dbca105","5d491e8ed6837d7edbe56a03486798db12e5e1d7c6ee9f880122dd4ab949cd27"
"signal-002202","src-31620069fdd7f187","group-2e8ef03677ba5966","test","pri","sparse-jittered","65","0.03","0.25","0.2138589785899967","1.17665372826159","12.158603329494003","0.7695692891561947","signals/test/signal-002202.csv","a4f9bae1d7e6045d4a0f63904a7b291ef56fa7407c80312a95a954c16c46bbb2","5d491e8ed6837d7edbe56a03486798db12e5e1d7c6ee9f880122dd4ab949cd27"
"signal-002203","src-dba9fcd161c15b20","group-350d29fefeb4d2bb","train","frequency","clean","257","0","0","0.41135320253670216","2.1530428962782024","19.556241288269298","1.6811488190090529","signals/train/signal-002203.csv","d16085bff686ef87babcece3e1ae3ffb0890cb014d882bec4d444fe2b7189a14","e4fda69fe4e6535a4fa604e5604a470c75edfb4c8c5645e5e0e0281c4390a509"
"signal-002204","src-dba9fcd161c15b20","group-350d29fefeb4d2bb","train","frequency","noisy","129","0.01","0","0.7390704588033259","2.54325665961951","15.232818845542406","2.3357147188845637","signals/train/signal-002204.csv","2f894a0bc817f2dd4c2dd9f7590c123c6731cfe6671350e82c5e66d9e0b679b7","e4fda69fe4e6535a4fa604e5604a470c75edfb4c8c5645e5e0e0281c4390a509"
"signal-002205","src-dba9fcd161c15b20","group-350d29fefeb4d2bb","train","frequency","sparse-jittered","65","0.03","0.25","0.24041939992457628","1.5359484249725939","18.002849030240178","1.7786578503911876","signals/train/signal-002205.csv","4511213c90aef4c337b5157b6cb02b8fafb5a8f7af138948d7da394de9a7518a","e4fda69fe4e6535a4fa604e5604a470c75edfb4c8c5645e5e0e0281c4390a509"
"signal-002206","src-dba9fcd161c15b20","group-350d29fefeb4d2bb","train","pri","clean","257","0","0","0.10091418959200382","2.3000404136255383","13.900186305718858","2.7053771479819826","signals/train/signal-002206.csv","3e8aec64ea8a36627b066e9f25ab3e014050b59bf62896795c7b6319086cc898","e4fda69fe4e6535a4fa604e5604a470c75edfb4c8c5645e5e0e0281c4390a509"
"signal-002207","src-dba9fcd161c15b20","group-350d29fefeb4d2bb","train","pri","noisy","129","0.01","0","0.8658232588786632","1.4449361182749272","10.241665154115413","1.1200585626328987","signals/train/signal-002207.csv","b250e6bab81646e083fc62c46cce6094e1b0ad9138f30e5da63bf74e9fa38142","e4fda69fe4e6535a4fa604e5604a470c75edfb4c8c5645e5e0e0281c4390a509"
"signal-002208","src-dba9fcd161c15b20","group-350d29fefeb4d2bb","train","pri","sparse-jittered","65","0.03","0.25","0.9019605515059084","1.6534517634660006","14.831276142750633","2.6515977113499964","signals/train/signal-002208.csv","40a56e4941688a6085678f6814cb7c976c9b05d74e40cb89d4544978a4c829a1","e4fda69fe4e6535a4fa604e5604a470c75edfb4c8c5645e5e0e0281c4390a509"
"signal-002209","src-9c73154cf38c60ae","group-36830532f4080ee5","train","frequency","clean","257","0","0","0.5712372488342226","2.5973493119701745","15.958626864761456","1.7682856689097601","signals/train/signal-002209.csv","434514c4f4f48a6ef9a09929ec423e12a85ba5ab15e4b80027cefd23d6b7d26b","e216bbc04bb66286a0679bbffe7fb69ac93249b4b1b4749dedaa4d80d9520a20"
"signal-002210","src-9c73154cf38c60ae","group-36830532f4080ee5","train","frequency","noisy","129","0.01","0","0.9930648244917393","0.8008635701611638","11.665401639763708","2.154578531857309","signals/train/signal-002210.csv","d62cb86e98fd98090f45872a40b1774c9cb650f23e7e2aa75db57d35cb8d9e3a","e216bbc04bb66286a0679bbffe7fb69ac93249b4b1b4749dedaa4d80d9520a20"
"signal-002211","src-9c73154cf38c60ae","group-36830532f4080ee5","train","frequency","sparse-jittered","65","0.03","0.25","0.851941698230803","2.098524948395789","19.21556466437702","1.77297571010752","signals/train/signal-002211.csv","1f7e51b8d4ed59cc1d3830f1230046b575de2fc6783368eacd50845e754e3bc8","e216bbc04bb66286a0679bbffe7fb69ac93249b4b1b4749dedaa4d80d9520a20"
"signal-002212","src-9c73154cf38c60ae","group-36830532f4080ee5","train","pri","clean","257","0","0","0.7818270430434495","1.4585531525313855","11.469919695827528","2.642570318054597","signals/train/signal-002212.csv","d8592c11e48e2d2881247962ca9f7fdee5ae4d700dd674e5aee23984f6399a60","e216bbc04bb66286a0679bbffe7fb69ac93249b4b1b4749dedaa4d80d9520a20"
"signal-002213","src-9c73154cf38c60ae","group-36830532f4080ee5","train","pri","noisy","129","0.01","0","0.11106403614394367","2.565759314224124","12.865576042614315","2.1307182279953416","signals/train/signal-002213.csv","0c22c852a8d6bb860624a1e5324a665da2b7743b62272ef43dbd67b809e12f29","e216bbc04bb66286a0679bbffe7fb69ac93249b4b1b4749dedaa4d80d9520a20"
"signal-002214","src-9c73154cf38c60ae","group-36830532f4080ee5","train","pri","sparse-jittered","65","0.03","0.25","0.9088009125553071","1.3014810821041465","14.847939230872102","2.746198129860357","signals/train/signal-002214.csv","9408af106146a0149aba35c5211c86e571e9b3031239c935be988414deee720f","e216bbc04bb66286a0679bbffe7fb69ac93249b4b1b4749dedaa4d80d9520a20"
"signal-002215","src-a801135b3f2230b3","group-9cee780d0a344e39","test","frequency","clean","257","0","0","0.3697396812494844","2.232889233902097","15.494267855091689","2.2500756339639594","signals/test/signal-002215.csv","118d15417454fbddd498466bab4765cedbdcf9d26492fa4c854f67921bf7721c","db5c2beed9257f1f3cdb9986cd723edc13b238c708efa5ebddbcd764990950da"
"signal-002216","src-a801135b3f2230b3","group-9cee780d0a344e39","test","frequency","noisy","129","0.01","0","0.26301427627913654","0.8743726145476103","15.178504617600785","2.8642328613330044","signals/test/signal-002216.csv","4c76b4eff7527ab04ae0f3823b28508ab035ff2a3c26dae84901c25085078d46","db5c2beed9257f1f3cdb9986cd723edc13b238c708efa5ebddbcd764990950da"
"signal-002217","src-a801135b3f2230b3","group-9cee780d0a344e39","test","frequency","sparse-jittered","65","0.03","0.25","0.76856261305511","1.5164712535217406","13.670034265199007","1.1096929174615813","signals/test/signal-002217.csv","749ba471bbc7653ec1022b380b6fdc8ea83a6a0d880f9b7e9be4992bb1ec61fc","db5c2beed9257f1f3cdb9986cd723edc13b238c708efa5ebddbcd764990950da"
"signal-002218","src-a801135b3f2230b3","group-9cee780d0a344e39","test","pri","clean","257","0","0","0.8994513382203877","3.1078011510893706","15.323250664243071","2.1347274666541303","signals/test/signal-002218.csv","522018b237dcb3e84530a12023a0a0139da08f8e56a9749d2bd3ba7523fc138f","db5c2beed9257f1f3cdb9986cd723edc13b238c708efa5ebddbcd764990950da"
"signal-002219","src-a801135b3f2230b3","group-9cee780d0a344e39","test","pri","noisy","129","0.01","0","0.5188225074671209","2.425892256759107","11.980728273127701","1.8041112483186303","signals/test/signal-002219.csv","4e53662b4900e1a7924230b4d6e3d91ad6e2fc2413f565045183654ddb7b22fe","db5c2beed9257f1f3cdb9986cd723edc13b238c708efa5ebddbcd764990950da"
"signal-002220","src-a801135b3f2230b3","group-9cee780d0a344e39","test","pri","sparse-jittered","65","0.03","0.25","0.9372199694626033","1.7456428831443191","18.29995656421553","3.002722118827272","signals/test/signal-002220.csv","4e4b3174da0821d0fcbe80c3dbc4d2901a0fd63cb932a4de1981478ecd107ce6","db5c2beed9257f1f3cdb9986cd723edc13b238c708efa5ebddbcd764990950da"
"signal-002221","src-7528b5e8a82eef30","group-54ac5f8ed377ed4c","test","frequency","clean","257","0","0","0.5006874799728394","0.9764078112319112","12.410641336085412","1.897793798513371","signals/test/signal-002221.csv","41e2f8d35bbfd790a2bd421165b553c633a9f2eec3b3779125c6b8eec7776b79","e152990cc5bb396336ba23ed5f57e229cf08e31967a705a607063f4cf274c2c6"
"signal-002222","src-7528b5e8a82eef30","group-54ac5f8ed377ed4c","test","frequency","noisy","129","0.01","0","0.6015473797451705","2.8749805342406036","13.07685563808436","2.4008078923838028","signals/test/signal-002222.csv","347afa289f34344cb5b72fc0a60643399b561b64c319d21fe3821e0f0cbe712a","e152990cc5bb396336ba23ed5f57e229cf08e31967a705a607063f4cf274c2c6"
"signal-002223","src-7528b5e8a82eef30","group-54ac5f8ed377ed4c","test","frequency","sparse-jittered","65","0.03","0.25","0.40127550694160163","2.053759860619903","19.982751529060902","2.157149768677648","signals/test/signal-002223.csv","beeefd1df3ed5853ccbb323f6893be55c260fb08fdcdf87867ea2b07a9586caf","e152990cc5bb396336ba23ed5f57e229cf08e31967a705a607063f4cf274c2c6"
"signal-002224","src-7528b5e8a82eef30","group-54ac5f8ed377ed4c","test","pri","clean","257","0","0","0.837466963334009","2.238897107169032","13.224473635297445","2.8406802725983376","signals/test/signal-002224.csv","2de9ac12857134d06e491bdfaffd3133a008c94fe8a06a1547a42b0cdb2c8936","e152990cc5bb396336ba23ed5f57e229cf08e31967a705a607063f4cf274c2c6"
"signal-002225","src-7528b5e8a82eef30","group-54ac5f8ed377ed4c","test","pri","noisy","129","0.01","0","0.2759221466258168","1.2505900317803025","18.908934764923274","1.5481241621809652","signals/test/signal-002225.csv","be163bc5ee6e8fe4557ef288049c906185b22a5468341ec61e33d93bbbd1e456","e152990cc5bb396336ba23ed5f57e229cf08e31967a705a607063f4cf274c2c6"
"signal-002226","src-7528b5e8a82eef30","group-54ac5f8ed377ed4c","test","pri","sparse-jittered","65","0.03","0.25","0.8827876509167254","1.0259287131950259","15.606516931633138","2.134725999745106","signals/test/signal-002226.csv","cd880d63a9102e21e2838956692729e8de47dd99b171947233fcf848ff36a027","e152990cc5bb396336ba23ed5f57e229cf08e31967a705a607063f4cf274c2c6"
"signal-002227","src-ca2966499b1600a7","group-07facbb8cddcf340","train","frequency","clean","257","0","0","0.13165352935902774","0.9109883975237608","14.70396405318752","2.569051687326283","signals/train/signal-002227.csv","5e4db76a4bf2ec0a3e2a1aea0f18764effc77898eb49d03883a9c5ae2933a1ca","132e2f63cde4c8e5a492623f80d0396cadb9d7c76ba33f07e5f353b85516dec6"
"signal-002228","src-ca2966499b1600a7","group-07facbb8cddcf340","train","frequency","noisy","129","0.01","0","0.6562316485214978","2.6243586622178556","19.874672131233424","1.6414203495383006","signals/train/signal-002228.csv","4cc26ca6855e76cbf69a88262b17f9ef06a538c2d505cdb8e296f1513baeb0b1","132e2f63cde4c8e5a492623f80d0396cadb9d7c76ba33f07e5f353b85516dec6"
"signal-002229","src-ca2966499b1600a7","group-07facbb8cddcf340","train","frequency","sparse-jittered","65","0.03","0.25","0.3060334916226566","1.0798129802569747","11.104293944778082","0.8164820631740461","signals/train/signal-002229.csv","239c24136c7ddd2943d520a058a848b638a841b875fca5534435507d7f785917","132e2f63cde4c8e5a492623f80d0396cadb9d7c76ba33f07e5f353b85516dec6"
"signal-002230","src-ca2966499b1600a7","group-07facbb8cddcf340","train","pri","clean","257","0","0","0.40623547113500535","2.003932260349393","19.634255033452064","0.8656544007360907","signals/train/signal-002230.csv","5f150dcfee1274912bc0edfc751d2014fc644cafafe149d1f1ac46f15bbbfa93","132e2f63cde4c8e5a492623f80d0396cadb9d7c76ba33f07e5f353b85516dec6"
"signal-002231","src-ca2966499b1600a7","group-07facbb8cddcf340","train","pri","noisy","129","0.01","0","0.12609470542520285","1.7015152910724283","10.440624527834988","2.5996230173038537","signals/train/signal-002231.csv","d9d7093c86a75b10236288685f2780e854d0b4917e0f7fe921cda1fd00845731","132e2f63cde4c8e5a492623f80d0396cadb9d7c76ba33f07e5f353b85516dec6"
"signal-002232","src-ca2966499b1600a7","group-07facbb8cddcf340","train","pri","sparse-jittered","65","0.03","0.25","0.3464254797436297","2.799235369078815","10.960065681174418","2.5109675490228653","signals/train/signal-002232.csv","77cabcaa0386867b9ae8fd6ee488d97c6d799d29d1b47a3a1dcb40e0916c18c1","132e2f63cde4c8e5a492623f80d0396cadb9d7c76ba33f07e5f353b85516dec6"
"signal-002233","src-eab54dd55ef0ce8d","group-4660c66fdee06d4e","train","frequency","clean","257","0","0","0.20439961762167513","1.412286823987961","10.384483798163737","1.9120622597407966","signals/train/signal-002233.csv","9a847ad3934bfb7da2cc40c4d33469077edb4373def6c27182b1dfe16452203c","68d50f30054aac3b1a3df5031209c52aa7c9aeb8c458b2592afd2b3ec3c6d0f2"
"signal-002234","src-eab54dd55ef0ce8d","group-4660c66fdee06d4e","train","frequency","noisy","129","0.01","0","0.9639866824727505","1.5627692963927986","14.715660278910748","1.5716373865668771","signals/train/signal-002234.csv","62b92b16f7f8c014fc840f2bcfab214ece240cd05b9b6f728b1491599b8d26d8","68d50f30054aac3b1a3df5031209c52aa7c9aeb8c458b2592afd2b3ec3c6d0f2"
"signal-002235","src-eab54dd55ef0ce8d","group-4660c66fdee06d4e","train","frequency","sparse-jittered","65","0.03","0.25","0.9183451074641198","1.276193743571639","13.991208076115083","0.8295053675843089","signals/train/signal-002235.csv","cd89f722386dbd98e45ab12c34cbcf21cc8d43c119a529b0b37204dcbf675dbe","68d50f30054aac3b1a3df5031209c52aa7c9aeb8c458b2592afd2b3ec3c6d0f2"
"signal-002236","src-eab54dd55ef0ce8d","group-4660c66fdee06d4e","train","pri","clean","257","0","0","0.5115446478594095","1.6833366267383099","11.938270585886045","0.8559096121195058","signals/train/signal-002236.csv","703f7ae7ae8e13257208855638955a69fb9f2cb66e25c4e85ac18e0dc1001480","68d50f30054aac3b1a3df5031209c52aa7c9aeb8c458b2592afd2b3ec3c6d0f2"
"signal-002237","src-eab54dd55ef0ce8d","group-4660c66fdee06d4e","train","pri","noisy","129","0.01","0","0.816132168052718","0.8323629226535559","16.081455769931118","2.8364952213468477","signals/train/signal-002237.csv","9fde245ed5a4641ec0f084cf35c4f5c51332be3a76597a59dcdf416bf65e625e","68d50f30054aac3b1a3df5031209c52aa7c9aeb8c458b2592afd2b3ec3c6d0f2"
"signal-002238","src-eab54dd55ef0ce8d","group-4660c66fdee06d4e","train","pri","sparse-jittered","65","0.03","0.25","0.6425716583617032","2.013862937502563","14.044063364849855","2.2952387660782065","signals/train/signal-002238.csv","073f8bbf3a0ca3e87333e8b7390035e598a98ad433245204d564518f578011b3","68d50f30054aac3b1a3df5031209c52aa7c9aeb8c458b2592afd2b3ec3c6d0f2"
"signal-002239","src-809db8d87cc387b6","group-9673e4ce0c8a91be","train","frequency","clean","257","0","0","0.09819483780302107","2.505346305668354","17.191688064628682","0.9783596707622806","signals/train/signal-002239.csv","b6f3c0359095acaca0795663d46e34cef20e90b5d9510872513a9d98146802c6","0d994b6e6d59617c52db017410cbd432b4d09e09393c5798b9d26b75245375e1"
"signal-002240","src-809db8d87cc387b6","group-9673e4ce0c8a91be","train","frequency","noisy","129","0.01","0","0.8646414771210402","2.4403420101851223","18.549954904985256","2.322539300967886","signals/train/signal-002240.csv","f95f57f70bcc946b984a9f03e8d3238c5d3989fd0415aa469095783fffa484aa","0d994b6e6d59617c52db017410cbd432b4d09e09393c5798b9d26b75245375e1"
"signal-002241","src-809db8d87cc387b6","group-9673e4ce0c8a91be","train","frequency","sparse-jittered","65","0.03","0.25","0.3516813737805933","3.0997220207005736","12.321761017632967","1.6662748425958718","signals/train/signal-002241.csv","36576864131a5e5b41e2d201398d3e99617552e2b9591e46018ac4aac5f87002","0d994b6e6d59617c52db017410cbd432b4d09e09393c5798b9d26b75245375e1"
"signal-002242","src-809db8d87cc387b6","group-9673e4ce0c8a91be","train","pri","clean","257","0","0","0.05875771609134972","2.801082570105791","12.214740353503872","2.218464820283266","signals/train/signal-002242.csv","f3bfa5516ff4cf89cda30e51f44aed7dcda144c70cedcd6604d900c4b207309f","0d994b6e6d59617c52db017410cbd432b4d09e09393c5798b9d26b75245375e1"
"signal-002243","src-809db8d87cc387b6","group-9673e4ce0c8a91be","train","pri","noisy","129","0.01","0","0.9920647568069398","0.8413475533947349","19.187311087684044","1.9280702684627578","signals/train/signal-002243.csv","b4269298e3ad7666b9f925cd4d85a684b74d40aca8e016b607766c74f547876e","0d994b6e6d59617c52db017410cbd432b4d09e09393c5798b9d26b75245375e1"
"signal-002244","src-809db8d87cc387b6","group-9673e4ce0c8a91be","train","pri","sparse-jittered","65","0.03","0.25","0.27879263064824045","2.1225565928965806","11.17143609926914","0.754468887616925","signals/train/signal-002244.csv","dff9b9db25e95f2c40664a950bfb7a46f03161deca49f52aa8d023c3b0480ec9","0d994b6e6d59617c52db017410cbd432b4d09e09393c5798b9d26b75245375e1"
"signal-002245","src-650c2b6180ba9b51","group-88e8fb590348b2b2","train","frequency","clean","257","0","0","0.14552564430050552","1.1232710923999547","15.75683413484773","2.204427954087482","signals/train/signal-002245.csv","45e073a8d8de9a4249736cf60288d8774c05bfb635b5eed4f4b7895e1c551225","f4b309b0de3528b97dc47a34b4370c39a6af1ae4d51ab37f99199648b0a3472e"
"signal-002246","src-650c2b6180ba9b51","group-88e8fb590348b2b2","train","frequency","noisy","129","0.01","0","0.08340215822681785","2.6586261382326484","12.663332846860108","1.763008610774941","signals/train/signal-002246.csv","edbe377c554e028184c71e8182632856f6257c0ae21ba8d03140487bb7afd743","f4b309b0de3528b97dc47a34b4370c39a6af1ae4d51ab37f99199648b0a3472e"
"signal-002247","src-650c2b6180ba9b51","group-88e8fb590348b2b2","train","frequency","sparse-jittered","65","0.03","0.25","0.19818967138417065","2.1129753522574903","10.27374838628172","1.3522100396184538","signals/train/signal-002247.csv","fbf63acc31b21cc01dc0b0a2237fd8aae7bec952d34ced4cc5a9361c736d67ce","f4b309b0de3528b97dc47a34b4370c39a6af1ae4d51ab37f99199648b0a3472e"
"signal-002248","src-650c2b6180ba9b51","group-88e8fb590348b2b2","train","pri","clean","257","0","0","0.6687330466229469","3.197098553925753","19.320984995726516","1.8282866452597872","signals/train/signal-002248.csv","dcdfd82b4338d636cc28e6ff2cc52a394bbe5c0b3d89bcdaf2ba74af3e6fe3eb","f4b309b0de3528b97dc47a34b4370c39a6af1ae4d51ab37f99199648b0a3472e"
"signal-002249","src-650c2b6180ba9b51","group-88e8fb590348b2b2","train","pri","noisy","129","0.01","0","0.22244393499568105","2.538690802268684","18.649861191611862","1.8940841102315922","signals/train/signal-002249.csv","22b8cb71b50748038cead113fb329031ab6da90601cece252ed0941e112a4d3c","f4b309b0de3528b97dc47a34b4370c39a6af1ae4d51ab37f99199648b0a3472e"
"signal-002250","src-650c2b6180ba9b51","group-88e8fb590348b2b2","train","pri","sparse-jittered","65","0.03","0.25","0.8048010014463216","1.5128048442304136","15.180872254130694","3.294573735052902","signals/train/signal-002250.csv","8633c735f87495f995e65690f1c21e514940d295340f56923baa2aea0c85d440","f4b309b0de3528b97dc47a34b4370c39a6af1ae4d51ab37f99199648b0a3472e"
"signal-002251","src-d9c13d9ab9a54c15","group-a0c124b3eac6e115","test","frequency","clean","257","0","0","0.37064333143644035","1.4396446999162436","11.502880083862692","1.5814223934896283","signals/test/signal-002251.csv","e332f91fb7dc15888fada7d1233441484326f2891cbe26aa2fde09072770966c","24bc7207b3334b98838ab18b84e3d5bd7ce9e38eb15e095940d7a156ee1c661c"
"signal-002252","src-d9c13d9ab9a54c15","group-a0c124b3eac6e115","test","frequency","noisy","129","0.01","0","0.0705970311537385","0.992839821614325","16.959934170251778","1.0160358133049172","signals/test/signal-002252.csv","3162843c691619a3a99dc874d0d40276a1347647cb12a02b06d14186d7a44628","24bc7207b3334b98838ab18b84e3d5bd7ce9e38eb15e095940d7a156ee1c661c"
"signal-002253","src-d9c13d9ab9a54c15","group-a0c124b3eac6e115","test","frequency","sparse-jittered","65","0.03","0.25","0.676162465242669","3.0470495756715534","11.48616101070163","2.565542455748602","signals/test/signal-002253.csv","7b73c9974b65dcd8a104343cc82b9f49d83437ece204ca7dfb95cf6e34e1bf11","24bc7207b3334b98838ab18b84e3d5bd7ce9e38eb15e095940d7a156ee1c661c"
"signal-002254","src-d9c13d9ab9a54c15","group-a0c124b3eac6e115","test","pri","clean","257","0","0","0.928056655684486","2.064913722872734","17.838032802101225","1.5994373719673618","signals/test/signal-002254.csv","112cf89e6112a7873dad21d3da489ddebdf4d6d1cedf8678796091f60f4fbe99","24bc7207b3334b98838ab18b84e3d5bd7ce9e38eb15e095940d7a156ee1c661c"
"signal-002255","src-d9c13d9ab9a54c15","group-a0c124b3eac6e115","test","pri","noisy","129","0.01","0","0.6459404220804572","1.9186446705833078","15.782035899902674","2.918987703568426","signals/test/signal-002255.csv","f076861d79a6a38f1effd7369978e715efcdb1136c908791ad6395797fd9d277","24bc7207b3334b98838ab18b84e3d5bd7ce9e38eb15e095940d7a156ee1c661c"
"signal-002256","src-d9c13d9ab9a54c15","group-a0c124b3eac6e115","test","pri","sparse-jittered","65","0.03","0.25","0.014104175381362438","2.153868187405169","13.388752686697273","1.4267355562278876","signals/test/signal-002256.csv","1b43be16feece64c8b80c46cee665d9ff5e55e3814fd8b5efcca98aa73d9c8eb","24bc7207b3334b98838ab18b84e3d5bd7ce9e38eb15e095940d7a156ee1c661c"
"signal-002257","src-edd0ce687f103f39","group-565aca663f60e811","validation","frequency","clean","257","0","0","0.983979475684464","1.3405800396576524","16.487812782494647","1.5115870113393441","signals/validation/signal-002257.csv","dff79ff9898fe6264c5c8226b6974c94f291cc6a7e3716ab1fc6629695af2d3e","2f38db3ad7ed96673d0f6d1b310f3a405770f49f9b2cd5e5fe5348bee988de3d"
"signal-002258","src-edd0ce687f103f39","group-565aca663f60e811","validation","frequency","noisy","129","0.01","0","0.6966608613729477","2.348595723696053","10.264152281450436","1.411169410655095","signals/validation/signal-002258.csv","98e2bd61a2f736473ef3f2db751308fb59040e5f0dda6e442f1e02c19de4b6f3","2f38db3ad7ed96673d0f6d1b310f3a405770f49f9b2cd5e5fe5348bee988de3d"
"signal-002259","src-edd0ce687f103f39","group-565aca663f60e811","validation","frequency","sparse-jittered","65","0.03","0.25","0.23628068575635552","0.9846271289512516","17.665168495014285","0.8043875446424771","signals/validation/signal-002259.csv","7135c720aec10c7eaeea8b4b39c8c464f7a3cf4b87b22d0a8d2a31d6710c697b","2f38db3ad7ed96673d0f6d1b310f3a405770f49f9b2cd5e5fe5348bee988de3d"
"signal-002260","src-edd0ce687f103f39","group-565aca663f60e811","validation","pri","clean","257","0","0","0.7498239376582205","1.4890400392934682","13.908203002920658","2.913075119148033","signals/validation/signal-002260.csv","62dc8855cae6556fa305083fad57da3b13724a5254164049d85145441d7b9d57","2f38db3ad7ed96673d0f6d1b310f3a405770f49f9b2cd5e5fe5348bee988de3d"
"signal-002261","src-edd0ce687f103f39","group-565aca663f60e811","validation","pri","noisy","129","0.01","0","0.37547901016660035","2.635160879045725","18.86517042945897","2.8518827554912995","signals/validation/signal-002261.csv","0fd6a729e7d7f2da0f77f494eafde443b3b3dfbb20565382a36f1c713ec582e8","2f38db3ad7ed96673d0f6d1b310f3a405770f49f9b2cd5e5fe5348bee988de3d"
"signal-002262","src-edd0ce687f103f39","group-565aca663f60e811","validation","pri","sparse-jittered","65","0.03","0.25","0.22973837424069643","1.1364697450771928","15.262774216677606","1.6050263731628718","signals/validation/signal-002262.csv","e03396884e3f7563ef0192d08a14ab05d52bbf20afa492f44db9a52a359c74ac","2f38db3ad7ed96673d0f6d1b310f3a405770f49f9b2cd5e5fe5348bee988de3d"
"signal-002263","src-b153465dd670e4d8","group-f7355578a3f2cc61","test","frequency","clean","257","0","0","0.3207923078443855","2.0161455694586037","15.294025905895978","0.8912889832630739","signals/test/signal-002263.csv","4de4b681c67d85f79cae9f0066769777355575e5ed9f0e5210f3ed41b2ca6190","75edd7249e19f756de1b1efc14b40ccfbcef3173ed319bf9c2fa02fbd275107e"
"signal-002264","src-b153465dd670e4d8","group-f7355578a3f2cc61","test","frequency","noisy","129","0.01","0","0.9945673688780516","2.1219433080404997","17.720061199087656","1.141446464452983","signals/test/signal-002264.csv","c7b1791143328485e0678e9ab95f2e1079dc02b0654c7450aec2d826a13573e6","75edd7249e19f756de1b1efc14b40ccfbcef3173ed319bf9c2fa02fbd275107e"
"signal-002265","src-b153465dd670e4d8","group-f7355578a3f2cc61","test","frequency","sparse-jittered","65","0.03","0.25","0.26561147440224886","1.0697872752323747","17.638437794858724","1.9498586667118118","signals/test/signal-002265.csv","089eea7c29e3714e1b085be77efe2b688ec1ed178dc9dc5f1cc7987b758b737c","75edd7249e19f756de1b1efc14b40ccfbcef3173ed319bf9c2fa02fbd275107e"
"signal-002266","src-b153465dd670e4d8","group-f7355578a3f2cc61","test","pri","clean","257","0","0","0.4487995537929237","2.3893410658463834","10.43412952683866","1.1166083953576162","signals/test/signal-002266.csv","d6925f11813792c602fae4f8b2be5603e78d58e39210f7d1bc64eb4625bec468","75edd7249e19f756de1b1efc14b40ccfbcef3173ed319bf9c2fa02fbd275107e"
"signal-002267","src-b153465dd670e4d8","group-f7355578a3f2cc61","test","pri","noisy","129","0.01","0","0.4819480541627854","1.9209972020238637","11.812644470173616","1.8950836189212144","signals/test/signal-002267.csv","e3cafdfc414b9ddc46224ae55ccf756aece0fc7d34c591851e9bff89eef559b2","75edd7249e19f756de1b1efc14b40ccfbcef3173ed319bf9c2fa02fbd275107e"
"signal-002268","src-b153465dd670e4d8","group-f7355578a3f2cc61","test","pri","sparse-jittered","65","0.03","0.25","0.020869150990620255","2.319330783188343","12.680427260105882","1.6855321770223917","signals/test/signal-002268.csv","ea3e7946c4c1a63242a85bc6f4ec4d3810beaab11d2031dc0d44e069edfb0132","75edd7249e19f756de1b1efc14b40ccfbcef3173ed319bf9c2fa02fbd275107e"
"signal-002269","src-f57187a7c8cd97fb","group-5b80a7cc4b2c083c","calibration","frequency","clean","257","0","0","0.10998867894522846","2.6390124451369044","11.486675982606656","2.627956051228912","signals/calibration/signal-002269.csv","637ec278fb4ded5f1012e430474baf7b237d875bd723f6c1829ec0786318e732","436a20b80c7a05d7f77a6462852468d99eea3fca99b0e58afab3e07db2b1246b"
"signal-002270","src-f57187a7c8cd97fb","group-5b80a7cc4b2c083c","calibration","frequency","noisy","129","0.01","0","0.323809627443552","2.3964327516034247","14.960938590281843","2.2256080726910774","signals/calibration/signal-002270.csv","5df034ea63510d21377243bbcd06aa446a870b9a78a2842070ce0b0e970418bc","436a20b80c7a05d7f77a6462852468d99eea3fca99b0e58afab3e07db2b1246b"
"signal-002271","src-f57187a7c8cd97fb","group-5b80a7cc4b2c083c","calibration","frequency","sparse-jittered","65","0.03","0.25","0.44983781105838716","1.0943315792828798","15.147067190407828","1.5463191245709265","signals/calibration/signal-002271.csv","ab86b34297e6d06f17c2f8e63700cd5cca1a3a97a2793d17bde8adaed37339c6","436a20b80c7a05d7f77a6462852468d99eea3fca99b0e58afab3e07db2b1246b"
"signal-002272","src-f57187a7c8cd97fb","group-5b80a7cc4b2c083c","calibration","pri","clean","257","0","0","0.1431425055488944","1.7998515287414194","13.468519542619056","2.3905614495484","signals/calibration/signal-002272.csv","2523667a1cc28801bedc34ed386954604c1ce47be1a8dd853eab61c303b3a658","436a20b80c7a05d7f77a6462852468d99eea3fca99b0e58afab3e07db2b1246b"
"signal-002273","src-f57187a7c8cd97fb","group-5b80a7cc4b2c083c","calibration","pri","noisy","129","0.01","0","0.31199039006605744","2.9103991014882924","19.295249436639356","2.354882480133689","signals/calibration/signal-002273.csv","9f2304f5160ebeae23f4f434a6900537ebd49d7294f27acf09f4e2f53a9d6799","436a20b80c7a05d7f77a6462852468d99eea3fca99b0e58afab3e07db2b1246b"
"signal-002274","src-f57187a7c8cd97fb","group-5b80a7cc4b2c083c","calibration","pri","sparse-jittered","65","0.03","0.25","0.5582317383959889","1.9134474212303758","10.171318261343995","2.5257099307278903","signals/calibration/signal-002274.csv","6e9b44ad9da5aa7d9c1ea36f886d83723f52b1bb955178302452377fcc1f95f6","436a20b80c7a05d7f77a6462852468d99eea3fca99b0e58afab3e07db2b1246b"
"signal-002275","src-c901d66f56d9da34","group-188cb4745e8a7cab","train","frequency","clean","257","0","0","0.48713697446510196","3.089534438215196","16.155567475931484","2.5700587658319947","signals/train/signal-002275.csv","df21b02cd32cd7201726b25557a4a872e94e8147147558b6806881fb44a634f2","641a54bc020e336802ca65d72562f325462c1f1f0f84af46f726fdefb384d4d5"
"signal-002276","src-c901d66f56d9da34","group-188cb4745e8a7cab","train","frequency","noisy","129","0.01","0","0.3481575136538595","2.9931325633078814","18.966949837161128","3.0445978050870437","signals/train/signal-002276.csv","33355fbe717577424cf710780ee15cfd7f8a62e74b16eaa078109429db05a5d0","641a54bc020e336802ca65d72562f325462c1f1f0f84af46f726fdefb384d4d5"
"signal-002277","src-c901d66f56d9da34","group-188cb4745e8a7cab","train","frequency","sparse-jittered","65","0.03","0.25","0.21402719500474632","2.895879667624831","19.450248787392688","2.8897640580112416","signals/train/signal-002277.csv","2e6d5e165750c772a302a60cb03a58886b17e55c6b992ba9368ad6f87b6fd6e6","641a54bc020e336802ca65d72562f325462c1f1f0f84af46f726fdefb384d4d5"
"signal-002278","src-c901d66f56d9da34","group-188cb4745e8a7cab","train","pri","clean","257","0","0","0.18345332983881235","2.1017420614138245","11.547277182613698","1.7728889374558658","signals/train/signal-002278.csv","1212cbe817d510b0d063167ae34265f2c3c514447588b8237c95674d4fc2b097","641a54bc020e336802ca65d72562f325462c1f1f0f84af46f726fdefb384d4d5"
"signal-002279","src-c901d66f56d9da34","group-188cb4745e8a7cab","train","pri","noisy","129","0.01","0","0.17322218790650368","2.7841108025982972","14.157325222190368","1.4177709362482211","signals/train/signal-002279.csv","6acf1f8d80d2ad45db2b31679c67421befa31984ae599a31a4a484f6f4c6b871","641a54bc020e336802ca65d72562f325462c1f1f0f84af46f726fdefb384d4d5"
"signal-002280","src-c901d66f56d9da34","group-188cb4745e8a7cab","train","pri","sparse-jittered","65","0.03","0.25","0.9549329264555126","1.9061854571104049","14.674410435369646","1.9703536402911972","signals/train/signal-002280.csv","454239df2e381d209bcda573e51c22495e895cf63d5cbd87cad0d4d4a6288ef5","641a54bc020e336802ca65d72562f325462c1f1f0f84af46f726fdefb384d4d5"
"signal-002281","src-4f00c66ef6835912","group-15f8b5a2bd3a0b1e","calibration","frequency","clean","257","0","0","0.22650073654949665","1.7741303401067854","13.62595379394056","0.9773603968004849","signals/calibration/signal-002281.csv","26afa81bdbafe325d8af888202bdd624978ebe9f12453e644119dfee88f113b1","0446c56188f1a03788105773b89ef10b7b811d3f22c6c6dc3b83a1254164f049"
"signal-002282","src-4f00c66ef6835912","group-15f8b5a2bd3a0b1e","calibration","frequency","noisy","129","0.01","0","0.5791403655894101","1.809690254740417","10.132957830355334","2.4315691705160827","signals/calibration/signal-002282.csv","e3ed1bf8b1cb1b123ec9b091d9c356a5cd4816eb20e9e775fa94ab040cdfd5f8","0446c56188f1a03788105773b89ef10b7b811d3f22c6c6dc3b83a1254164f049"
"signal-002283","src-4f00c66ef6835912","group-15f8b5a2bd3a0b1e","calibration","frequency","sparse-jittered","65","0.03","0.25","0.7500239254441112","2.2727972541004418","18.136351686173178","2.4885077985536377","signals/calibration/signal-002283.csv","e25e562ffbb04c49f83cbc1c542ba6dd74bd53284087294b345d2a4c2c2f12f7","0446c56188f1a03788105773b89ef10b7b811d3f22c6c6dc3b83a1254164f049"
"signal-002284","src-4f00c66ef6835912","group-15f8b5a2bd3a0b1e","calibration","pri","clean","257","0","0","0.23218732723034918","3.0268565997481343","12.700776526244848","1.9545673345802843","signals/calibration/signal-002284.csv","41426d72a5e83da4bfd17b94631fb0250fd8356a6852839395eae7e2ea5428cd","0446c56188f1a03788105773b89ef10b7b811d3f22c6c6dc3b83a1254164f049"
"signal-002285","src-4f00c66ef6835912","group-15f8b5a2bd3a0b1e","calibration","pri","noisy","129","0.01","0","0.5764776754658669","2.8483394797891375","13.475838933990715","2.6733476877389126","signals/calibration/signal-002285.csv","5441335b000bf796850c36fcdc4746c63a168aaa43693ff19355a07154f809f7","0446c56188f1a03788105773b89ef10b7b811d3f22c6c6dc3b83a1254164f049"
"signal-002286","src-4f00c66ef6835912","group-15f8b5a2bd3a0b1e","calibration","pri","sparse-jittered","65","0.03","0.25","0.4511216839309782","1.8247553963214158","14.722410385900908","1.2185519362312167","signals/calibration/signal-002286.csv","3cacb5b2a3c77a7984cf2690445fa1427408ee0dcec6a28696263b73f65c9050","0446c56188f1a03788105773b89ef10b7b811d3f22c6c6dc3b83a1254164f049"
"signal-002287","src-b371fdf854602680","group-6a37a64a8c319526","calibration","frequency","clean","257","0","0","0.9263289247173816","2.8256821192801","12.900632763869686","2.9043889052357486","signals/calibration/signal-002287.csv","ade66819e1147a72ffa5721df3d292a240a094d3002290b36dc194747aae62ea","7bbd914906013202718f3d1925078bd6dc1469cd998c7d284c73d1a724787438"
"signal-002288","src-b371fdf854602680","group-6a37a64a8c319526","calibration","frequency","noisy","129","0.01","0","0.9326301096007228","2.7136381993070247","19.934949413593785","1.3351368688830512","signals/calibration/signal-002288.csv","dafb4c6edd0dfa896f6f7e1ce755d27d635121dbacc0a071f914b128b820e3db","7bbd914906013202718f3d1925078bd6dc1469cd998c7d284c73d1a724787438"
"signal-002289","src-b371fdf854602680","group-6a37a64a8c319526","calibration","frequency","sparse-jittered","65","0.03","0.25","0.15349651663564146","2.624109638109803","12.78909546621887","2.3910922211886785","signals/calibration/signal-002289.csv","a9a4fce5e82640f6951a5153936abe7d73ff568a1851b9e711255906a5012dde","7bbd914906013202718f3d1925078bd6dc1469cd998c7d284c73d1a724787438"
"signal-002290","src-b371fdf854602680","group-6a37a64a8c319526","calibration","pri","clean","257","0","0","0.9499885654076934","0.830365882255137","15.569462328527083","2.674453165418388","signals/calibration/signal-002290.csv","c0ca57f7371e835234e9c9157934f251f0a8623e0e7f392f5e653648bb37598d","7bbd914906013202718f3d1925078bd6dc1469cd998c7d284c73d1a724787438"
"signal-002291","src-b371fdf854602680","group-6a37a64a8c319526","calibration","pri","noisy","129","0.01","0","0.7962434364017099","1.702438860014081","15.859198146800168","1.0607124003530686","signals/calibration/signal-002291.csv","aa0b7d8b15f384f21ad0c1c8c4d6bc83e751a791c4e1b662466710fee000c44e","7bbd914906013202718f3d1925078bd6dc1469cd998c7d284c73d1a724787438"
"signal-002292","src-b371fdf854602680","group-6a37a64a8c319526","calibration","pri","sparse-jittered","65","0.03","0.25","0.2344883184414357","2.0349432077258824","16.687860526462103","0.9555964437356863","signals/calibration/signal-002292.csv","07d765b9f79acbeb38dcbb661a1fef7f263ea68fca5bff66afb54cdaefa08674","7bbd914906013202718f3d1925078bd6dc1469cd998c7d284c73d1a724787438"
"signal-002293","src-88b41980906239bc","group-c9538a7e63d8178e","validation","frequency","clean","257","0","0","0.17241674638353288","2.9929286349564794","14.594455910165621","1.1547869704241087","signals/validation/signal-002293.csv","75a705b9f239bb9f9a3017103c28b831ea23c9d09529a5c1aec96cfa1582b0f5","638949ec82aeb4758636c860e20fbc72761599a9432c8b195df8169d0e5965a5"
"signal-002294","src-88b41980906239bc","group-c9538a7e63d8178e","validation","frequency","noisy","129","0.01","0","0.26056263502687216","2.8265392521396278","17.55513620984811","1.5721720697690031","signals/validation/signal-002294.csv","2df74b3ab032628fd2e55605b2c5da32cd68357b425f1bcf169e507fdb6c442c","638949ec82aeb4758636c860e20fbc72761599a9432c8b195df8169d0e5965a5"
"signal-002295","src-88b41980906239bc","group-c9538a7e63d8178e","validation","frequency","sparse-jittered","65","0.03","0.25","0.0027582780458033085","2.9773444367572663","10.052428847838998","0.8820833417149956","signals/validation/signal-002295.csv","6c6dea7d4968b0220231db513d484572c1656835a337fc03d9ecb565ed9e0fc2","638949ec82aeb4758636c860e20fbc72761599a9432c8b195df8169d0e5965a5"
"signal-002296","src-88b41980906239bc","group-c9538a7e63d8178e","validation","pri","clean","257","0","0","0.248284506611526","1.7948633084073662","17.562435494266097","1.3134068557405563","signals/validation/signal-002296.csv","20953f515b7b2d9a9657f894a9a0d40b289b9d2648f7040249691d099f0f8733","638949ec82aeb4758636c860e20fbc72761599a9432c8b195df8169d0e5965a5"
"signal-002297","src-88b41980906239bc","group-c9538a7e63d8178e","validation","pri","noisy","129","0.01","0","0.5953865987248719","1.1117574838921427","12.886879506994614","1.9508310126068125","signals/validation/signal-002297.csv","0d6c57adc18cf3e7ed1fe275f7ef4e8ddada9547fe92ce867a1d8f2daa4e6fca","638949ec82aeb4758636c860e20fbc72761599a9432c8b195df8169d0e5965a5"
"signal-002298","src-88b41980906239bc","group-c9538a7e63d8178e","validation","pri","sparse-jittered","65","0.03","0.25","0.12281129113398492","2.035607512667775","14.03185393961293","2.0061898810559757","signals/validation/signal-002298.csv","526a243413d4fe74711518eb90507a680b31512faa90f5e81026e2934d529424","638949ec82aeb4758636c860e20fbc72761599a9432c8b195df8169d0e5965a5"
"signal-002299","src-3b0e1a23b0785bcc","group-d0886176b45a24c8","calibration","frequency","clean","257","0","0","0.2771907476708293","3.0870565185323358","10.49213522943013","0.9964527509194969","signals/calibration/signal-002299.csv","09fac10e9b9445a7d2f8fa0572792684efd2a8702c40e08ec1f78635b33f5f3c","f71e959fffdb3bc3c610e55d72f9f5a4257a487479da6c336bcd0aa46e760617"
"signal-002300","src-3b0e1a23b0785bcc","group-d0886176b45a24c8","calibration","frequency","noisy","129","0.01","0","0.30422943108715117","0.8369298115372659","19.837507805913447","1.8774899437706445","signals/calibration/signal-002300.csv","91000a45dbef1f35d76551eef4a990819047f34bb4b34b380349844632cd1da5","f71e959fffdb3bc3c610e55d72f9f5a4257a487479da6c336bcd0aa46e760617"
"signal-002301","src-3b0e1a23b0785bcc","group-d0886176b45a24c8","calibration","frequency","sparse-jittered","65","0.03","0.25","0.9000292271375656","3.024416122026741","16.731083736685726","1.7648265759229211","signals/calibration/signal-002301.csv","9709fcfa1e8e9a8ac952f795e6d42d5dcfcd7644235d355108eb076a793dff0b","f71e959fffdb3bc3c610e55d72f9f5a4257a487479da6c336bcd0aa46e760617"
"signal-002302","src-3b0e1a23b0785bcc","group-d0886176b45a24c8","calibration","pri","clean","257","0","0","0.19452988728880882","2.5675205470994116","17.939170371985036","1.0623134587716088","signals/calibration/signal-002302.csv","5b7afc6ff8eda7b0cb16c920ac36ac7cf0e04f336e4f6175412f18ca7a83a521","f71e959fffdb3bc3c610e55d72f9f5a4257a487479da6c336bcd0aa46e760617"
"signal-002303","src-3b0e1a23b0785bcc","group-d0886176b45a24c8","calibration","pri","noisy","129","0.01","0","0.6483423102181405","1.2997510846704246","16.413123468891257","1.5507147218904702","signals/calibration/signal-002303.csv","ee29ac77b38f68af6d6387bfa6f9383f91e483093e325dbde0297252f023fa61","f71e959fffdb3bc3c610e55d72f9f5a4257a487479da6c336bcd0aa46e760617"
"signal-002304","src-3b0e1a23b0785bcc","group-d0886176b45a24c8","calibration","pri","sparse-jittered","65","0.03","0.25","0.6808290705084801","1.4710307391360402","10.00771890065728","1.9895766357066709","signals/calibration/signal-002304.csv","93700b48811ffce07e30652de50b1fb6fe2778cc5da212d7751085af4eb8c398","f71e959fffdb3bc3c610e55d72f9f5a4257a487479da6c336bcd0aa46e760617"
